Date,Store ID,Product ID,Category,Region,Inventory Level,Units Sold,Units Ordered,Demand Forecast,Price,Discount,Weather Condition,Holiday/Promotion,Competitor Pricing,Seasonality
2025-10-16,S018,P0045,Medical,West,77,8,62,45,252.44,5,Sunny,Yes,276.09,Winter
2024-08-11,S015,P0302,Clothing,North,139,69,98,97,565.63,20,Rainy,No,557.58,Monsoon
2024-10-11,S012,P0310,Clothing,North,99,32,91,70,111.19,15,Storm,Yes,70.86,Spring
2024-03-21,S003,P0024,Stationery,South,302,42,111,72,886.6,10,Cloudy,Yes,894.34,Summer
2024-04-13,S007,P0344,Clothing,North,214,40,99,59,835.77,5,Rainy,Yes,822.79,Summer
2025-04-18,S002,P0118,Electronics,East,214,39,104,69,227.42,10,Storm,No,261.71,Winter
2024-08-04,S015,P0074,Clothing,South,487,77,132,112,220.5,15,Rainy,No,210.06,Spring
2025-08-20,S004,P0079,Stationery,South,224,51,63,55,514.43,0,Storm,Yes,540.01,Spring
2025-01-25,S004,P0350,Medical,East,325,64,103,87,971.37,0,Cloudy,Yes,989.4,Monsoon
2025-03-21,S004,P0446,Stationery,East,100,63,69,53,972.17,5,Rainy,Yes,972.94,Monsoon
2024-06-14,S012,P0450,Clothing,South,296,104,127,127,602.96,15,Sunny,Yes,554.91,Winter
2024-03-28,S018,P0085,Clothing,Central,394,67,95,61,768.18,5,Storm,Yes,784.16,Summer
2025-12-31,S008,P0116,Electronics,East,179,56,111,88,443.72,20,Sunny,Yes,438.87,Summer
2024-01-08,S003,P0264,Furniture,East,56,95,128,125,236.65,0,Storm,Yes,272.61,Summer
2025-08-07,S014,P0182,Food,West,315,65,100,70,809.42,5,Storm,Yes,768.85,Winter
2024-03-03,S005,P0217,Furniture,East,226,98,115,109,256.17,5,Storm,Yes,259.8,Winter
2025-03-29,S003,P0475,Furniture,South,433,115,146,140,60.08,20,Storm,No,93.68,Spring
2024-08-06,S015,P0147,Food,Central,462,56,59,49,385.18,15,Storm,Yes,361.7,Summer
2024-10-30,S019,P0245,Medical,Central,131,12,73,39,70.35,10,Rainy,Yes,26.07,Winter
2024-07-09,S020,P0021,Medical,North,55,81,90,75,409.74,20,Storm,No,384.36,Monsoon
2024-07-28,S010,P0235,Clothing,North,362,96,121,106,272.96,5,Sunny,No,290.13,Winter
2024-03-16,S008,P0190,Clothing,South,295,32,70,54,141.13,10,Storm,No,179.22,Winter
2025-11-14,S004,P0381,Medical,South,438,75,90,84,939.54,5,Cloudy,No,915.99,Summer
2024-12-17,S002,P0048,Stationery,West,124,92,138,122,510.35,10,Cloudy,Yes,550.88,Winter
2024-12-07,S014,P0288,Electronics,North,414,21,67,51,169.97,15,Sunny,Yes,175.14,Winter
2025-01-13,S002,P0461,Clothing,South,318,75,101,74,136.17,10,Rainy,Yes,122.64,Monsoon
2025-07-27,S006,P0452,Food,North,472,116,171,132,751.98,5,Rainy,No,788.44,Spring
2025-11-16,S002,P0440,Food,South,462,99,121,104,167.61,0,Rainy,No,155.86,Monsoon
2024-11-08,S009,P0443,Electronics,East,440,106,124,110,33.43,5,Cloudy,No,23.28,Monsoon
2024-01-29,S020,P0223,Clothing,East,79,117,134,123,584.78,10,Storm,Yes,538.61,Spring
2025-08-13,S007,P0187,Food,North,117,37,56,29,11.67,20,Cloudy,No,30.36,Winter
2024-11-03,S007,P0216,Stationery,West,279,44,102,76,332.92,10,Rainy,No,338.36,Spring
2025-07-15,S011,P0239,Food,West,446,5,32,14,218.08,20,Rainy,No,228.75,Summer
2025-11-05,S008,P0345,Clothing,South,63,41,103,63,623.07,0,Rainy,Yes,654.91,Winter
2024-02-17,S013,P0254,Food,South,145,65,98,94,460.86,20,Rainy,Yes,430.3,Winter
2025-03-11,S004,P0234,Furniture,West,132,27,94,61,469.9,20,Cloudy,No,444.82,Spring
2025-07-15,S009,P0393,Medical,West,248,119,149,119,455.57,5,Rainy,No,489.56,Spring
2024-03-20,S005,P0119,Food,South,385,41,63,46,342.49,20,Rainy,Yes,300.55,Spring
2025-02-21,S019,P0485,Stationery,North,189,74,119,93,71.64,15,Storm,No,60.59,Winter
2024-12-26,S008,P0250,Furniture,East,172,101,141,115,542.84,20,Storm,No,572.83,Winter
2025-02-02,S020,P0274,Electronics,West,192,90,148,123,726.94,15,Sunny,Yes,768.89,Spring
2024-05-18,S011,P0173,Food,East,463,64,68,65,267.55,10,Storm,No,238.72,Winter
2025-04-26,S003,P0400,Stationery,North,29,100,127,124,999.91,10,Sunny,Yes,972.33,Summer
2024-01-21,S007,P0239,Stationery,East,338,24,37,29,478.83,0,Cloudy,Yes,485.23,Winter
2024-06-16,S013,P0204,Stationery,South,179,18,46,45,929.6,20,Sunny,Yes,947.33,Winter
2025-12-14,S012,P0273,Food,East,415,43,114,76,807.47,20,Sunny,No,835.73,Winter
2025-03-06,S014,P0091,Stationery,Central,441,67,90,63,961.18,15,Cloudy,No,981.91,Spring
2025-03-22,S003,P0143,Food,South,442,98,142,125,329.08,5,Storm,No,362.15,Monsoon
2024-01-30,S011,P0144,Medical,East,273,113,134,123,492.67,10,Sunny,Yes,522.45,Winter
2024-09-04,S016,P0230,Electronics,North,388,57,113,78,760.58,15,Cloudy,Yes,775.17,Spring
2025-12-09,S014,P0382,Medical,East,144,44,113,76,375.33,20,Cloudy,No,378.42,Monsoon
2024-11-09,S006,P0099,Furniture,West,148,34,43,31,322.39,20,Cloudy,No,367.48,Winter
2024-07-17,S002,P0499,Electronics,Central,171,34,58,47,309.24,20,Cloudy,Yes,271.9,Spring
2024-04-15,S002,P0130,Food,North,466,6,50,32,474.7,15,Sunny,No,458.77,Spring
2024-03-16,S003,P0128,Electronics,Central,315,85,121,118,160.21,20,Storm,Yes,205.12,Spring
2025-04-06,S002,P0313,Stationery,North,485,61,107,70,990.13,10,Rainy,Yes,996.99,Monsoon
2025-11-07,S015,P0353,Medical,West,61,25,41,30,556.47,5,Cloudy,Yes,506.74,Summer
2024-10-22,S019,P0339,Furniture,West,381,41,104,75,80.47,5,Sunny,Yes,122.86,Summer
2024-09-29,S019,P0472,Clothing,West,443,23,20,17,174.26,10,Sunny,No,183.76,Monsoon
2025-12-17,S014,P0377,Clothing,Central,226,39,95,61,498.86,0,Cloudy,Yes,508.66,Winter
2024-08-22,S006,P0241,Medical,West,365,112,175,138,951.28,10,Cloudy,Yes,958.9,Spring
2025-10-12,S004,P0440,Furniture,East,436,67,92,62,354.48,10,Storm,No,336.59,Monsoon
2025-11-09,S011,P0060,Food,Central,225,109,182,147,46.33,0,Sunny,No,27.78,Spring
2024-02-25,S007,P0137,Medical,South,116,71,123,84,758.88,15,Cloudy,No,784.88,Spring
2024-05-04,S018,P0209,Electronics,South,34,85,128,113,712.68,10,Sunny,No,717.76,Winter
2025-10-25,S016,P0242,Furniture,West,446,24,63,45,513.78,10,Rainy,No,505.33,Summer
2025-09-05,S017,P0137,Electronics,East,280,100,102,98,283.48,15,Cloudy,No,267.47,Summer
2025-04-02,S011,P0446,Furniture,South,295,66,99,78,556.4,20,Storm,Yes,544.12,Spring
2024-02-14,S002,P0065,Medical,Central,182,100,144,120,392.22,5,Cloudy,Yes,391.75,Spring
2024-04-12,S009,P0174,Medical,West,289,63,62,53,415.88,5,Sunny,No,373.36,Spring
2024-11-20,S008,P0324,Stationery,East,340,96,165,134,873.66,0,Rainy,Yes,885.41,Spring
2024-04-10,S002,P0167,Electronics,East,409,86,127,121,449.24,10,Cloudy,No,489.58,Spring
2024-05-29,S003,P0313,Food,Central,145,72,124,88,684.98,5,Rainy,No,651.98,Summer
2024-08-25,S015,P0462,Clothing,Central,256,86,121,92,262.77,0,Rainy,Yes,302.66,Spring
2024-12-19,S007,P0197,Food,North,320,43,100,73,693.41,15,Rainy,No,727.94,Monsoon
2025-08-11,S019,P0443,Stationery,North,171,94,103,102,978.17,15,Storm,No,955.62,Summer
2025-09-13,S005,P0322,Electronics,North,430,50,94,54,198.23,10,Cloudy,No,216.01,Winter
2025-08-16,S006,P0103,Furniture,Central,206,98,101,96,910.53,10,Cloudy,No,935.28,Summer
2024-09-20,S015,P0494,Electronics,South,487,110,148,130,749.09,10,Rainy,No,779.51,Monsoon
2024-04-02,S009,P0300,Food,East,424,55,61,45,541.21,15,Sunny,Yes,528.07,Spring
2024-01-26,S015,P0466,Stationery,East,337,118,163,143,916.1,5,Storm,Yes,930.87,Summer
2024-02-16,S015,P0190,Stationery,Central,39,43,71,64,106.22,20,Storm,Yes,69.79,Spring
2025-11-01,S012,P0112,Food,West,70,111,171,132,414.03,10,Rainy,No,367.3,Winter
2025-12-03,S004,P0486,Food,North,208,74,127,105,69.94,10,Rainy,Yes,38.92,Winter
2024-12-07,S007,P0417,Furniture,East,144,21,97,61,213.15,20,Rainy,Yes,183.87,Monsoon
2024-05-28,S012,P0405,Furniture,Central,86,74,91,80,118.83,0,Cloudy,Yes,82.01,Summer
2024-09-28,S012,P0263,Medical,North,46,21,84,58,530.82,0,Storm,Yes,528.44,Winter
2025-11-05,S014,P0352,Electronics,West,286,43,63,62,70.22,15,Storm,Yes,104.95,Winter
2024-11-25,S011,P0196,Medical,Central,331,23,25,17,282.27,20,Cloudy,No,287.11,Spring
2024-04-11,S008,P0212,Clothing,West,426,94,126,91,723.63,5,Storm,No,716.64,Winter
2024-11-16,S016,P0035,Electronics,North,238,45,93,77,380.56,5,Sunny,No,399.24,Winter
2025-01-16,S004,P0211,Clothing,West,435,21,49,46,590.6,20,Sunny,No,596.77,Monsoon
2024-12-26,S004,P0180,Medical,East,73,78,113,100,163.18,15,Sunny,No,135.6,Summer
2025-03-15,S009,P0015,Furniture,East,452,76,154,115,617.44,20,Cloudy,No,570.07,Monsoon
2024-01-07,S001,P0047,Stationery,Central,112,116,151,115,660.77,0,Rainy,No,624.96,Spring
2025-04-09,S002,P0080,Furniture,Central,194,25,57,38,724.38,20,Sunny,Yes,734.0,Monsoon
2025-03-29,S017,P0059,Clothing,West,358,59,118,80,447.62,10,Sunny,No,419.18,Spring
2025-06-23,S007,P0155,Furniture,South,361,44,50,36,401.31,20,Cloudy,No,356.79,Monsoon
2024-05-02,S008,P0257,Medical,East,23,68,132,105,183.94,15,Sunny,No,187.2,Winter
2025-03-22,S014,P0149,Electronics,West,29,63,77,57,580.0,20,Sunny,No,570.44,Summer
2025-09-24,S019,P0206,Medical,North,255,111,168,145,97.25,0,Storm,No,71.58,Monsoon
2024-08-14,S007,P0464,Clothing,East,190,104,108,104,515.38,0,Rainy,Yes,518.44,Winter
2024-05-29,S016,P0238,Medical,Central,151,30,69,31,161.34,0,Storm,No,129.05,Monsoon
2024-06-03,S012,P0260,Electronics,East,245,13,61,33,635.07,10,Storm,No,644.21,Winter
2024-02-28,S017,P0197,Food,Central,208,111,123,119,648.22,0,Sunny,No,659.72,Summer
2024-11-25,S011,P0366,Electronics,Central,329,65,96,87,958.15,15,Rainy,Yes,918.5,Summer
2025-12-25,S010,P0199,Food,East,244,61,117,84,613.71,10,Sunny,No,601.0,Winter
2024-12-03,S011,P0042,Medical,South,68,76,133,109,291.31,20,Cloudy,No,328.64,Spring
2024-05-12,S017,P0048,Stationery,West,324,95,109,90,563.33,10,Cloudy,Yes,594.65,Monsoon
2024-11-12,S010,P0433,Electronics,Central,112,32,74,43,200.09,5,Sunny,No,165.58,Summer
2025-09-03,S006,P0370,Food,North,212,24,35,24,833.03,20,Storm,No,863.93,Summer
2025-03-30,S016,P0463,Furniture,East,332,41,107,79,241.66,5,Storm,No,222.61,Monsoon
2025-01-26,S009,P0027,Stationery,West,277,72,98,88,818.72,20,Cloudy,Yes,782.56,Winter
2024-10-18,S014,P0047,Furniture,West,62,102,119,102,454.83,20,Cloudy,Yes,419.56,Spring
2024-02-24,S001,P0164,Electronics,East,222,69,97,82,392.3,0,Rainy,Yes,379.79,Winter
2024-10-20,S001,P0464,Electronics,North,489,111,139,131,761.25,15,Cloudy,Yes,756.11,Summer
2025-07-15,S004,P0025,Furniture,West,392,82,132,105,120.07,10,Storm,Yes,93.83,Winter
2025-05-26,S010,P0220,Electronics,Central,325,73,104,64,520.22,5,Cloudy,Yes,542.07,Spring
2024-07-10,S018,P0260,Medical,Central,360,90,118,85,974.91,0,Sunny,No,1020.25,Spring
2024-02-14,S012,P0124,Stationery,North,345,54,83,67,749.84,10,Cloudy,Yes,778.69,Winter
2024-12-26,S016,P0324,Furniture,South,299,48,90,79,832.08,15,Sunny,No,880.16,Winter
2024-10-27,S017,P0204,Medical,West,123,10,62,50,886.93,10,Cloudy,Yes,930.27,Summer
2024-10-19,S012,P0224,Food,West,202,115,157,154,867.14,10,Storm,No,844.46,Summer
2025-05-23,S003,P0221,Medical,South,374,68,114,81,274.05,0,Cloudy,No,296.76,Winter
2024-03-22,S015,P0180,Food,North,187,89,116,97,451.46,15,Cloudy,No,418.12,Monsoon
2025-10-16,S006,P0488,Electronics,South,425,12,46,6,412.15,20,Storm,Yes,442.26,Summer
2024-03-09,S005,P0348,Food,East,140,104,158,135,368.53,20,Cloudy,No,321.77,Winter
2025-08-10,S004,P0014,Stationery,South,90,72,110,85,321.24,10,Storm,No,296.2,Winter
2024-09-25,S016,P0103,Electronics,South,416,38,101,73,222.42,20,Sunny,No,200.98,Summer
2025-12-31,S010,P0457,Clothing,South,247,16,69,49,671.16,0,Rainy,No,676.16,Summer
2024-05-04,S019,P0189,Food,Central,122,106,119,104,792.47,0,Rainy,Yes,778.56,Winter
2024-11-12,S003,P0065,Clothing,North,223,96,162,132,530.44,15,Storm,No,562.77,Monsoon
2024-05-11,S005,P0222,Medical,North,469,111,185,150,643.4,5,Sunny,Yes,670.18,Monsoon
2024-06-17,S003,P0129,Furniture,Central,102,46,95,81,352.56,20,Cloudy,Yes,392.05,Monsoon
2025-09-21,S020,P0369,Medical,East,293,16,48,38,595.89,20,Sunny,Yes,561.31,Winter
2024-02-16,S001,P0255,Stationery,Central,348,103,145,129,654.62,20,Cloudy,No,646.28,Spring
2024-09-07,S006,P0226,Food,West,432,108,166,141,304.46,0,Storm,Yes,323.32,Monsoon
2025-09-13,S005,P0390,Clothing,Central,93,45,100,80,736.86,10,Sunny,No,784.4,Summer
2025-04-22,S013,P0443,Medical,West,82,39,72,57,149.47,0,Rainy,Yes,128.49,Monsoon
2025-08-14,S010,P0255,Electronics,North,389,45,57,47,503.28,20,Storm,No,499.96,Summer
2024-08-08,S016,P0147,Medical,North,318,50,46,43,288.54,20,Sunny,No,326.77,Summer
2024-09-27,S018,P0100,Clothing,Central,392,51,114,89,372.28,15,Cloudy,Yes,327.4,Spring
2025-05-31,S004,P0066,Electronics,West,250,102,144,127,827.06,20,Cloudy,No,845.1,Monsoon
2024-05-27,S011,P0412,Food,Central,121,82,129,104,505.08,0,Storm,Yes,458.97,Summer
2024-12-01,S010,P0304,Clothing,Central,496,83,103,93,399.03,20,Storm,No,422.96,Spring
2024-01-18,S001,P0306,Food,East,208,47,87,80,980.1,20,Rainy,Yes,960.87,Spring
2024-06-23,S008,P0017,Medical,North,288,85,160,121,776.86,15,Rainy,Yes,741.64,Spring
2024-11-17,S002,P0362,Furniture,Central,234,24,53,40,416.27,20,Rainy,No,458.32,Spring
2025-06-22,S009,P0313,Food,South,212,45,75,46,913.0,10,Rainy,No,917.63,Monsoon
2024-08-18,S012,P0287,Stationery,East,172,103,124,111,693.34,15,Cloudy,Yes,675.04,Spring
2025-02-08,S003,P0178,Food,East,439,49,97,88,297.55,10,Storm,Yes,343.08,Summer
2025-07-05,S008,P0125,Electronics,Central,158,76,127,110,145.9,20,Rainy,Yes,169.99,Winter
2024-04-12,S018,P0476,Furniture,West,231,47,112,82,109.54,5,Storm,No,60.06,Summer
2024-10-21,S008,P0274,Stationery,North,184,41,75,72,908.86,0,Rainy,No,924.09,Summer
2024-02-07,S001,P0153,Medical,Central,448,55,126,95,194.45,10,Sunny,No,232.12,Monsoon
2025-04-10,S015,P0140,Furniture,North,348,74,128,97,890.37,5,Cloudy,Yes,925.48,Spring
2025-10-25,S007,P0090,Medical,West,151,96,97,97,739.25,10,Storm,No,746.03,Winter
2025-02-14,S013,P0121,Food,East,362,17,26,18,482.68,5,Cloudy,No,433.36,Winter
2024-09-24,S006,P0208,Stationery,Central,354,51,100,85,71.5,0,Cloudy,Yes,68.04,Monsoon
2025-01-11,S020,P0192,Food,Central,334,33,45,37,483.4,15,Storm,Yes,508.17,Summer
2025-11-27,S003,P0470,Medical,North,406,81,126,121,530.25,20,Sunny,Yes,550.63,Summer
2024-06-17,S016,P0047,Medical,West,187,114,165,137,125.08,5,Sunny,No,146.77,Summer
2025-06-09,S013,P0131,Electronics,South,232,63,92,89,563.21,10,Sunny,Yes,585.54,Spring
2024-12-18,S016,P0017,Clothing,West,378,13,40,37,935.24,0,Rainy,Yes,983.85,Spring
2025-01-18,S012,P0061,Furniture,Central,476,53,95,71,381.89,20,Storm,Yes,345.19,Summer
2024-01-04,S013,P0422,Furniture,South,407,7,45,16,676.76,20,Storm,No,669.17,Summer
2024-10-09,S001,P0124,Furniture,North,116,117,160,153,41.9,15,Sunny,Yes,53.39,Spring
2025-09-04,S018,P0112,Electronics,South,364,95,103,88,743.14,15,Cloudy,Yes,737.04,Monsoon
2025-08-14,S017,P0114,Food,East,326,103,156,136,244.53,5,Cloudy,Yes,293.1,Summer
2025-10-03,S013,P0403,Medical,East,367,59,115,84,56.42,10,Storm,No,100.58,Summer
2024-11-03,S005,P0413,Food,North,212,28,100,66,478.78,5,Storm,No,458.85,Summer
2025-02-01,S003,P0275,Stationery,South,144,37,61,40,650.24,15,Sunny,No,684.95,Spring
2025-11-20,S018,P0112,Food,South,329,82,78,74,196.28,20,Cloudy,No,218.71,Winter
2024-08-04,S020,P0361,Furniture,West,499,29,73,66,749.41,15,Rainy,No,790.85,Monsoon
2025-01-24,S016,P0239,Electronics,West,258,73,126,104,315.34,10,Cloudy,Yes,316.62,Monsoon
2024-11-16,S019,P0297,Stationery,West,231,10,50,36,743.84,0,Cloudy,Yes,719.92,Summer
2024-12-03,S016,P0495,Stationery,West,137,53,94,79,504.31,10,Storm,Yes,480.04,Monsoon
2024-06-22,S002,P0269,Electronics,North,91,97,152,121,192.21,20,Sunny,Yes,241.24,Spring
2024-05-20,S015,P0192,Electronics,Central,451,85,93,89,710.1,0,Storm,No,681.97,Winter
2024-01-07,S010,P0009,Medical,West,292,75,91,91,26.56,10,Rainy,Yes,30.13,Winter
2025-06-20,S013,P0041,Clothing,West,96,35,76,37,531.19,10,Storm,Yes,507.92,Summer
2024-11-03,S016,P0029,Stationery,North,370,110,107,105,102.57,15,Rainy,Yes,90.29,Spring
2025-03-20,S002,P0118,Furniture,Central,350,105,152,116,977.56,0,Storm,No,1017.04,Winter
2024-03-17,S011,P0009,Furniture,Central,370,40,100,64,661.53,5,Rainy,No,704.41,Winter
2024-11-02,S018,P0170,Food,South,103,77,118,82,836.3,15,Sunny,No,854.0,Winter
2024-04-10,S013,P0497,Clothing,North,243,34,49,28,609.12,20,Cloudy,No,654.61,Spring
2024-08-21,S003,P0396,Medical,East,202,75,116,89,193.88,20,Rainy,Yes,209.95,Winter
2024-10-01,S004,P0047,Electronics,East,98,53,128,88,162.73,15,Storm,No,144.4,Monsoon
2024-04-14,S004,P0014,Electronics,East,87,16,44,17,454.36,20,Sunny,No,455.6,Spring
2024-01-13,S008,P0293,Medical,South,169,57,76,71,727.6,20,Storm,Yes,768.12,Summer
2024-10-02,S010,P0248,Electronics,East,174,39,69,60,72.63,15,Cloudy,Yes,50.23,Spring
2025-08-31,S011,P0431,Medical,West,335,30,55,49,144.13,0,Cloudy,No,189.01,Monsoon
2025-03-16,S007,P0246,Clothing,South,437,110,179,141,144.76,10,Storm,No,155.08,Monsoon
2025-12-12,S013,P0187,Electronics,Central,344,67,108,93,332.63,10,Rainy,Yes,364.28,Winter
2025-04-17,S014,P0345,Food,South,382,31,67,49,832.97,0,Cloudy,Yes,864.87,Monsoon
2025-11-05,S013,P0274,Medical,West,98,96,137,113,83.23,20,Sunny,No,81.15,Winter
2024-04-21,S013,P0496,Clothing,West,413,36,90,68,174.68,20,Sunny,Yes,129.11,Winter
2024-09-21,S012,P0201,Food,Central,133,70,140,107,562.41,20,Rainy,No,534.51,Winter
2025-05-09,S011,P0234,Furniture,Central,73,42,63,58,124.91,5,Storm,No,109.74,Spring
2024-04-09,S004,P0012,Clothing,North,244,97,159,131,325.72,10,Rainy,Yes,280.19,Summer
2025-07-19,S006,P0096,Stationery,West,101,47,99,72,958.88,5,Storm,Yes,988.66,Summer
2025-04-05,S003,P0296,Electronics,Central,323,59,73,73,707.69,5,Rainy,No,685.52,Monsoon
2024-07-20,S020,P0201,Medical,North,254,19,56,25,532.44,10,Cloudy,No,542.14,Spring
2025-09-24,S005,P0161,Electronics,South,108,109,161,142,919.5,20,Cloudy,Yes,877.98,Summer
2025-01-17,S014,P0096,Food,Central,375,23,69,45,424.06,5,Rainy,Yes,431.54,Spring
2024-10-22,S016,P0070,Furniture,West,91,28,66,38,623.22,10,Storm,No,668.4,Spring
2025-03-01,S008,P0150,Electronics,East,383,112,161,130,175.58,20,Rainy,No,128.67,Summer
2025-04-13,S009,P0397,Medical,East,309,100,170,139,554.23,0,Sunny,No,561.5,Summer
2025-03-11,S012,P0442,Electronics,West,72,99,145,130,304.73,0,Sunny,Yes,299.7,Summer
2025-08-25,S007,P0417,Furniture,North,372,49,123,84,636.44,5,Cloudy,No,648.06,Summer
2024-11-27,S004,P0070,Food,North,380,42,86,50,274.67,20,Cloudy,Yes,323.22,Summer
2024-09-12,S019,P0324,Clothing,West,94,96,121,106,763.86,15,Storm,No,762.81,Winter
2025-10-10,S012,P0233,Food,East,426,117,161,156,408.82,10,Sunny,Yes,428.29,Spring
2025-10-12,S014,P0423,Furniture,West,360,94,110,106,797.72,15,Cloudy,No,769.5,Monsoon
2024-12-11,S002,P0024,Electronics,West,300,78,112,76,853.9,10,Sunny,Yes,893.32,Summer
2025-03-27,S010,P0082,Clothing,North,253,5,34,22,995.74,5,Cloudy,No,1033.95,Winter
2025-01-15,S008,P0220,Stationery,North,360,120,161,151,61.27,10,Sunny,Yes,83.87,Summer
2025-05-03,S011,P0419,Electronics,West,59,21,62,48,524.25,15,Rainy,No,475.18,Winter
2024-08-22,S005,P0196,Furniture,South,216,16,58,52,112.17,10,Sunny,Yes,150.27,Summer
2025-03-26,S015,P0441,Furniture,North,199,97,140,100,750.79,15,Sunny,Yes,762.4,Winter
2025-08-26,S003,P0128,Medical,Central,393,54,93,66,321.36,5,Cloudy,Yes,296.14,Monsoon
2024-07-29,S008,P0254,Food,North,285,82,116,104,750.37,10,Rainy,No,764.99,Winter
2025-06-24,S018,P0350,Furniture,West,475,6,39,19,140.66,20,Sunny,Yes,132.75,Winter
2024-01-15,S017,P0393,Food,West,154,32,27,24,949.19,15,Storm,Yes,949.85,Summer
2024-10-11,S013,P0301,Stationery,North,62,44,71,39,921.72,5,Cloudy,No,925.36,Summer
2024-02-29,S006,P0062,Electronics,South,145,16,40,33,458.84,20,Sunny,Yes,414.34,Spring
2024-12-21,S009,P0376,Electronics,North,287,71,127,111,175.29,5,Cloudy,No,200.27,Monsoon
2025-06-20,S012,P0029,Food,Central,52,38,109,73,631.26,15,Rainy,No,626.78,Summer
2024-09-18,S001,P0126,Electronics,West,415,18,51,44,236.12,20,Cloudy,No,186.38,Summer
2024-07-02,S008,P0214,Stationery,East,496,114,141,106,805.08,15,Cloudy,Yes,777.53,Monsoon
2024-05-02,S013,P0036,Food,East,277,91,95,84,230.95,20,Cloudy,No,279.09,Winter
2025-07-20,S008,P0238,Clothing,Central,253,6,31,19,298.68,10,Storm,Yes,322.64,Summer
2024-06-03,S001,P0389,Stationery,West,23,57,62,48,546.13,0,Cloudy,Yes,591.23,Summer
2025-06-26,S003,P0023,Furniture,Central,141,58,82,79,972.83,5,Storm,No,994.0,Spring
2024-03-27,S019,P0032,Food,South,317,17,47,39,640.84,15,Rainy,No,598.32,Monsoon
2024-11-18,S007,P0070,Medical,North,494,107,142,122,324.88,10,Rainy,Yes,298.24,Summer
2025-04-05,S015,P0136,Electronics,North,258,45,68,61,540.57,5,Rainy,No,535.76,Winter
2024-08-08,S013,P0263,Electronics,East,447,114,133,124,100.3,5,Cloudy,Yes,147.14,Winter
2025-02-18,S005,P0063,Electronics,North,457,62,122,87,257.35,15,Rainy,Yes,217.54,Summer
2025-02-14,S003,P0012,Electronics,South,210,92,127,122,586.5,10,Storm,Yes,628.24,Winter
2024-12-05,S013,P0255,Electronics,West,82,10,32,29,176.31,20,Storm,Yes,169.63,Monsoon
2024-08-07,S020,P0316,Furniture,East,485,28,52,35,451.55,5,Storm,No,405.01,Spring
2024-03-03,S018,P0407,Electronics,West,64,40,62,54,425.04,20,Cloudy,No,399.95,Spring
2024-12-18,S020,P0113,Electronics,East,487,77,119,99,394.5,5,Sunny,No,347.11,Monsoon
2025-08-21,S002,P0392,Furniture,Central,139,25,36,21,660.3,10,Storm,No,663.67,Summer
2024-06-29,S012,P0486,Medical,Central,141,80,112,90,914.84,0,Rainy,Yes,935.19,Spring
2025-07-09,S001,P0270,Food,North,178,27,50,48,99.35,5,Cloudy,Yes,109.52,Summer
2024-12-14,S005,P0397,Electronics,Central,387,27,40,37,31.69,20,Cloudy,Yes,52.16,Monsoon
2025-12-22,S006,P0375,Food,West,359,55,88,82,343.2,10,Cloudy,Yes,306.85,Monsoon
2024-08-16,S001,P0486,Stationery,Central,360,80,105,81,313.75,10,Storm,Yes,276.48,Summer
2025-09-08,S005,P0170,Stationery,North,182,108,151,137,643.25,0,Rainy,No,686.92,Monsoon
2024-06-20,S009,P0108,Furniture,North,345,118,153,113,731.99,10,Cloudy,No,726.65,Winter
2024-01-02,S013,P0180,Medical,West,44,54,98,72,969.41,15,Sunny,No,968.72,Summer
2024-06-15,S003,P0176,Furniture,West,251,14,24,6,29.88,10,Rainy,Yes,75.05,Winter
2024-12-12,S014,P0081,Electronics,North,324,83,104,103,437.01,5,Cloudy,Yes,447.74,Summer
2025-02-23,S004,P0026,Food,Central,376,75,145,111,272.61,10,Storm,Yes,252.35,Winter
2025-01-04,S004,P0014,Furniture,South,21,59,72,54,825.66,20,Cloudy,Yes,823.69,Spring
2024-04-28,S018,P0199,Furniture,East,177,105,150,120,494.21,10,Storm,No,453.32,Summer
2025-04-01,S005,P0386,Stationery,North,42,38,85,56,270.77,10,Sunny,No,277.19,Spring
2025-08-26,S016,P0294,Furniture,West,136,75,92,68,820.22,15,Cloudy,Yes,866.78,Spring
2024-02-05,S015,P0089,Furniture,South,277,78,137,101,680.76,20,Rainy,Yes,645.5,Winter
2025-03-09,S009,P0164,Stationery,North,60,92,121,109,997.3,5,Sunny,No,1030.71,Spring
2025-07-19,S020,P0301,Medical,West,186,114,154,121,463.58,0,Sunny,No,492.24,Summer
2024-05-31,S010,P0445,Medical,East,310,80,113,107,925.68,20,Storm,No,953.63,Spring
2025-11-01,S020,P0312,Stationery,West,268,78,136,106,47.09,10,Sunny,No,37.39,Monsoon
2025-12-08,S010,P0160,Clothing,West,141,11,78,48,921.63,10,Sunny,Yes,873.65,Summer
2024-11-03,S003,P0097,Food,South,400,61,120,100,276.73,15,Storm,No,287.23,Monsoon
2024-02-27,S017,P0451,Medical,North,283,106,110,106,318.01,20,Rainy,Yes,308.35,Summer
2024-02-29,S015,P0259,Food,North,147,9,31,28,918.85,5,Sunny,Yes,896.25,Monsoon
2025-05-15,S009,P0384,Stationery,North,324,62,93,63,591.01,10,Cloudy,Yes,575.43,Spring
2024-02-20,S009,P0334,Food,Central,103,114,153,140,858.54,5,Sunny,Yes,876.31,Spring
2024-05-15,S010,P0365,Stationery,East,351,27,55,55,231.53,20,Storm,No,262.04,Monsoon
2025-04-15,S004,P0004,Medical,East,149,32,70,51,680.42,20,Cloudy,No,670.14,Winter
2025-05-08,S010,P0097,Furniture,Central,52,48,95,55,331.89,10,Rainy,Yes,308.0,Spring
2025-11-07,S014,P0208,Food,North,183,92,91,90,658.85,10,Rainy,No,634.79,Summer
2025-12-03,S006,P0431,Stationery,Central,293,86,156,126,907.46,10,Rainy,No,908.19,Winter
2025-04-27,S011,P0336,Electronics,South,85,99,140,105,765.29,5,Cloudy,Yes,809.98,Monsoon
2025-03-06,S004,P0241,Electronics,Central,423,118,152,129,267.95,10,Sunny,No,264.33,Summer
2025-05-27,S005,P0071,Furniture,East,81,116,173,149,534.54,15,Storm,No,489.95,Summer
2024-11-19,S002,P0003,Food,East,461,96,102,97,492.71,5,Rainy,Yes,474.05,Summer
2025-05-16,S013,P0220,Food,West,422,102,146,141,138.11,15,Sunny,Yes,151.46,Summer
2025-01-17,S008,P0116,Stationery,East,27,119,162,129,198.67,0,Cloudy,Yes,211.34,Winter
2025-01-27,S010,P0234,Stationery,Central,277,80,99,89,74.63,0,Cloudy,No,54.45,Summer
2024-12-16,S008,P0373,Furniture,South,481,67,91,79,173.23,15,Sunny,Yes,125.14,Winter
2025-01-10,S020,P0025,Medical,North,384,88,130,128,381.44,10,Sunny,Yes,408.56,Winter
2025-12-07,S005,P0106,Stationery,North,79,58,100,76,132.36,10,Cloudy,No,129.8,Winter
2025-11-09,S004,P0262,Stationery,Central,286,39,106,68,703.72,15,Sunny,No,736.79,Winter
2024-04-18,S012,P0361,Food,East,274,30,70,58,780.18,20,Rainy,Yes,827.49,Spring
2024-07-31,S019,P0343,Food,South,372,66,92,77,12.71,0,Sunny,Yes,53.4,Winter
2024-09-19,S006,P0448,Electronics,East,349,34,71,53,271.48,0,Cloudy,No,231.46,Spring
2024-04-28,S006,P0169,Clothing,West,68,113,153,151,19.58,5,Cloudy,Yes,35.92,Monsoon
2024-12-16,S016,P0410,Food,South,113,19,59,34,962.69,10,Sunny,Yes,996.26,Winter
2024-06-12,S013,P0399,Clothing,Central,73,58,115,85,804.24,15,Sunny,Yes,772.37,Spring
2025-05-14,S001,P0361,Stationery,Central,77,118,162,134,55.51,10,Rainy,No,71.01,Winter
2025-03-19,S018,P0457,Medical,North,358,98,133,103,352.29,15,Sunny,Yes,317.16,Spring
2025-05-22,S002,P0260,Furniture,Central,465,26,51,20,327.43,10,Storm,No,374.44,Summer
2024-03-21,S004,P0255,Stationery,North,255,61,115,87,97.14,15,Sunny,No,91.85,Spring
2024-02-06,S017,P0288,Furniture,West,305,75,70,65,793.87,20,Cloudy,No,807.62,Winter
2024-08-16,S012,P0367,Food,North,452,63,109,74,769.74,20,Sunny,Yes,767.05,Winter
2024-12-15,S002,P0460,Furniture,West,201,111,159,141,552.21,10,Rainy,No,572.42,Winter
2024-09-17,S007,P0367,Clothing,North,332,30,39,32,930.91,15,Storm,Yes,902.47,Winter
2025-04-06,S002,P0284,Food,Central,254,89,148,116,143.29,15,Storm,Yes,93.72,Summer
2024-05-11,S013,P0215,Medical,South,73,54,124,86,610.1,10,Cloudy,No,610.51,Monsoon
2024-10-28,S018,P0441,Clothing,Central,251,108,114,106,418.62,20,Rainy,Yes,398.51,Summer
2025-10-01,S006,P0258,Medical,East,385,42,97,75,921.98,5,Sunny,No,970.11,Spring
2025-08-19,S014,P0414,Electronics,Central,312,90,151,125,677.5,20,Sunny,Yes,656.09,Spring
2024-05-28,S009,P0075,Electronics,East,47,90,95,83,274.31,5,Rainy,Yes,322.66,Monsoon
2025-04-08,S017,P0402,Stationery,East,72,83,151,116,866.19,20,Sunny,No,855.08,Spring
2025-03-02,S015,P0425,Furniture,East,423,92,137,102,63.26,10,Rainy,Yes,33.57,Monsoon
2025-04-04,S002,P0220,Clothing,Central,110,92,97,86,962.85,20,Cloudy,Yes,924.79,Summer
2025-08-21,S011,P0306,Electronics,Central,453,37,48,27,471.67,5,Cloudy,No,425.66,Monsoon
2024-03-15,S017,P0082,Food,Central,421,95,138,105,227.76,5,Storm,Yes,229.82,Monsoon
2024-08-14,S020,P0272,Food,Central,472,32,85,64,337.76,10,Sunny,Yes,309.6,Monsoon
2025-04-01,S011,P0196,Electronics,West,143,120,190,151,919.42,5,Cloudy,No,965.31,Winter
2025-06-13,S010,P0460,Stationery,South,440,103,148,116,804.79,15,Cloudy,Yes,803.47,Winter
2024-06-20,S007,P0443,Stationery,West,415,73,97,97,630.66,5,Sunny,Yes,647.69,Spring
2025-10-24,S003,P0028,Furniture,East,438,14,60,51,33.52,10,Sunny,Yes,-12.69,Monsoon
2025-02-21,S004,P0274,Electronics,Central,218,62,117,92,438.69,0,Sunny,Yes,427.64,Winter
2025-01-01,S010,P0392,Food,West,495,69,83,65,789.02,10,Storm,Yes,799.68,Spring
2024-06-09,S005,P0153,Stationery,East,293,33,56,31,798.8,20,Sunny,Yes,778.3,Winter
2024-02-12,S012,P0109,Food,Central,22,78,131,106,541.78,0,Rainy,Yes,522.25,Summer
2024-08-14,S018,P0237,Stationery,Central,335,111,129,117,123.48,20,Sunny,No,158.71,Winter
2024-09-13,S008,P0052,Clothing,Central,70,30,103,66,492.32,10,Sunny,Yes,478.03,Monsoon
2025-05-12,S012,P0414,Clothing,West,250,47,95,76,696.52,5,Rainy,Yes,703.08,Monsoon
2024-09-09,S011,P0450,Food,West,422,33,95,68,283.91,10,Storm,No,247.34,Monsoon
2025-05-13,S005,P0457,Medical,South,302,18,57,19,91.15,10,Cloudy,Yes,127.02,Winter
2024-01-20,S019,P0109,Electronics,Central,454,69,100,99,814.52,20,Cloudy,No,805.03,Summer
2025-01-09,S017,P0262,Electronics,West,220,33,109,72,735.89,10,Cloudy,Yes,699.28,Summer
2025-09-20,S019,P0338,Furniture,West,370,26,96,64,148.97,5,Cloudy,Yes,116.88,Summer
2025-05-14,S012,P0199,Food,West,138,13,42,19,241.68,5,Sunny,Yes,243.47,Monsoon
2024-04-15,S019,P0090,Food,West,380,71,118,101,836.52,10,Cloudy,Yes,844.38,Monsoon
2025-01-20,S016,P0455,Medical,North,484,33,81,56,359.37,10,Rainy,No,358.06,Summer
2024-08-23,S020,P0368,Electronics,South,59,70,118,101,219.4,5,Storm,No,185.14,Winter
2025-05-08,S002,P0066,Medical,Central,365,66,99,86,594.88,15,Rainy,Yes,547.12,Winter
2025-08-09,S020,P0497,Medical,North,95,12,28,12,923.22,20,Cloudy,Yes,969.04,Summer
2025-04-04,S019,P0421,Furniture,Central,330,65,95,85,227.17,15,Cloudy,Yes,237.25,Monsoon
2025-04-09,S007,P0268,Medical,West,325,80,88,74,384.43,5,Rainy,Yes,345.29,Summer
2025-05-02,S004,P0048,Food,South,481,83,113,111,878.98,20,Sunny,No,879.31,Spring
2025-01-14,S013,P0180,Medical,Central,467,10,77,44,434.67,15,Sunny,No,463.63,Summer
2024-09-17,S007,P0003,Stationery,North,264,103,112,107,290.43,20,Sunny,Yes,281.29,Spring
2025-11-01,S019,P0130,Clothing,Central,125,93,129,103,368.65,5,Storm,No,361.26,Monsoon
2025-11-27,S012,P0287,Medical,West,223,101,130,104,556.58,20,Cloudy,No,554.83,Monsoon
2025-12-23,S006,P0052,Furniture,Central,223,99,104,97,750.34,15,Storm,No,778.65,Winter
2024-06-13,S014,P0046,Electronics,East,219,86,81,76,825.02,15,Rainy,No,867.61,Winter
2025-09-15,S020,P0030,Furniture,West,39,97,136,111,617.83,20,Storm,Yes,596.48,Summer
2025-11-03,S008,P0315,Furniture,North,496,107,148,130,202.8,20,Cloudy,Yes,203.85,Winter
2024-06-10,S007,P0266,Electronics,North,64,40,104,79,359.6,15,Sunny,No,350.15,Monsoon
2024-12-21,S019,P0003,Clothing,South,437,40,82,44,963.43,15,Storm,Yes,1006.4,Winter
2025-05-30,S019,P0129,Stationery,West,170,48,77,45,957.14,20,Storm,No,988.45,Summer
2024-12-13,S009,P0035,Food,South,417,63,125,96,897.56,0,Rainy,No,895.76,Spring
2024-12-27,S011,P0039,Medical,South,284,73,79,63,255.78,0,Storm,No,245.67,Monsoon
2024-08-11,S007,P0121,Stationery,South,477,78,96,85,947.65,5,Cloudy,Yes,947.55,Summer
2024-07-26,S003,P0347,Stationery,West,447,36,87,65,164.44,0,Sunny,Yes,126.43,Spring
2025-01-15,S017,P0144,Food,South,337,45,102,66,870.08,15,Rainy,Yes,838.37,Spring
2025-05-04,S004,P0358,Medical,West,296,9,53,31,399.78,5,Cloudy,Yes,395.5,Winter
2025-11-21,S006,P0281,Clothing,South,127,53,86,80,332.18,20,Cloudy,No,368.36,Monsoon
2025-01-09,S013,P0144,Food,South,114,68,98,85,424.9,10,Rainy,Yes,411.41,Winter
2024-10-03,S005,P0243,Electronics,South,431,35,87,60,857.75,5,Storm,No,822.33,Summer
2025-10-07,S019,P0025,Food,North,284,73,129,109,787.48,10,Rainy,Yes,762.58,Summer
2024-09-17,S012,P0287,Medical,East,263,112,148,142,455.36,10,Cloudy,Yes,431.34,Spring
2024-05-04,S018,P0090,Clothing,East,199,116,187,149,206.97,20,Cloudy,No,221.96,Spring
2024-03-21,S011,P0216,Stationery,Central,215,83,120,91,635.4,5,Storm,Yes,672.23,Winter
2024-06-14,S013,P0139,Food,East,195,34,64,44,656.48,10,Storm,No,667.02,Summer
2024-07-07,S013,P0053,Electronics,North,457,7,20,5,665.4,0,Storm,Yes,636.46,Winter
2025-02-10,S013,P0159,Furniture,South,288,102,103,97,269.83,5,Cloudy,No,228.26,Summer
2024-05-14,S011,P0443,Food,West,289,112,113,112,44.8,10,Cloudy,No,80.84,Summer
2025-12-15,S018,P0159,Clothing,West,296,27,92,54,461.98,20,Rainy,Yes,455.48,Spring
2024-11-11,S005,P0177,Clothing,West,207,57,72,63,310.54,0,Sunny,No,312.87,Spring
2024-11-02,S007,P0211,Medical,West,24,103,138,120,601.03,0,Storm,Yes,605.85,Summer
2025-10-23,S017,P0392,Medical,East,219,111,139,125,270.35,15,Cloudy,No,282.88,Spring
2024-07-11,S009,P0359,Medical,West,456,13,22,14,296.7,15,Rainy,No,308.47,Winter
2024-06-04,S015,P0373,Electronics,South,45,73,75,64,972.61,10,Sunny,Yes,949.53,Winter
2025-05-20,S015,P0357,Electronics,East,131,48,83,64,787.87,15,Sunny,Yes,837.67,Winter
2024-09-29,S009,P0419,Food,North,417,55,83,49,475.45,5,Sunny,Yes,515.02,Spring
2025-03-29,S007,P0243,Food,East,146,99,103,91,466.23,0,Cloudy,Yes,468.34,Winter
2025-07-16,S002,P0443,Stationery,South,286,20,56,26,642.13,5,Sunny,Yes,628.17,Spring
2024-11-28,S001,P0497,Electronics,Central,27,26,83,66,588.85,15,Storm,Yes,617.76,Monsoon
2024-04-01,S002,P0031,Clothing,South,147,25,51,46,689.09,10,Sunny,Yes,732.17,Spring
2024-08-26,S001,P0353,Food,East,182,76,138,116,807.47,15,Rainy,No,830.79,Winter
2025-05-11,S006,P0279,Clothing,East,381,61,104,86,547.31,15,Storm,No,516.29,Summer
2024-03-11,S001,P0398,Stationery,Central,291,24,60,42,821.22,20,Storm,Yes,807.93,Winter
2025-09-26,S018,P0420,Food,South,458,51,129,90,246.4,0,Storm,Yes,262.23,Monsoon
2024-11-26,S005,P0092,Electronics,South,229,87,104,97,105.29,0,Sunny,No,59.67,Summer
2024-04-11,S019,P0132,Electronics,East,36,78,133,109,661.34,20,Rainy,Yes,673.74,Winter
2024-08-01,S014,P0421,Clothing,North,355,67,91,62,803.01,0,Cloudy,Yes,789.1,Winter
2024-11-07,S007,P0099,Medical,South,59,32,61,55,110.21,5,Rainy,No,113.38,Winter
2025-10-15,S006,P0406,Furniture,Central,315,50,112,83,705.52,15,Storm,No,743.8,Summer
2025-06-30,S014,P0392,Stationery,West,327,61,93,73,554.58,10,Cloudy,Yes,589.07,Summer
2025-01-19,S013,P0001,Stationery,North,412,75,128,112,366.41,15,Cloudy,Yes,361.16,Summer
2024-11-05,S009,P0471,Medical,Central,23,43,60,47,857.16,0,Rainy,Yes,884.31,Winter
2025-04-16,S009,P0416,Clothing,North,202,24,38,22,373.41,20,Storm,Yes,348.4,Winter
2024-11-28,S004,P0305,Stationery,East,425,66,98,67,827.45,20,Sunny,No,859.4,Winter
2024-02-27,S004,P0446,Furniture,Central,491,103,136,114,880.99,15,Sunny,No,872.64,Winter
2024-11-08,S008,P0079,Electronics,West,288,10,54,20,569.26,10,Storm,Yes,569.5,Summer
2025-03-18,S002,P0281,Food,East,168,105,129,120,140.87,0,Sunny,No,138.46,Spring
2025-12-15,S019,P0101,Medical,Central,86,102,130,100,563.7,15,Rainy,Yes,553.23,Winter
2024-09-29,S012,P0098,Clothing,East,417,60,106,70,98.7,15,Sunny,No,91.05,Summer
2024-12-24,S008,P0103,Stationery,East,335,110,167,128,154.36,0,Rainy,Yes,196.78,Winter
2024-02-25,S016,P0012,Clothing,South,144,84,101,83,23.6,0,Rainy,Yes,4.11,Monsoon
2025-07-15,S017,P0023,Clothing,South,267,84,129,120,698.12,0,Sunny,No,685.78,Summer
2025-12-14,S009,P0340,Stationery,East,336,39,61,32,658.21,0,Sunny,Yes,614.87,Monsoon
2025-10-26,S016,P0444,Medical,Central,217,34,80,48,976.85,0,Sunny,Yes,1017.24,Summer
2025-05-27,S016,P0202,Stationery,South,254,76,112,111,49.35,20,Sunny,No,29.84,Monsoon
2024-12-29,S013,P0456,Electronics,Central,340,43,80,48,283.12,0,Cloudy,Yes,295.7,Summer
2024-12-15,S020,P0447,Stationery,South,479,55,95,87,96.92,15,Storm,Yes,98.99,Summer
2025-03-12,S019,P0278,Stationery,South,179,82,121,93,546.81,5,Rainy,No,562.06,Summer
2025-03-16,S018,P0486,Stationery,North,485,103,138,102,917.94,10,Rainy,No,874.72,Summer
2024-01-31,S007,P0055,Furniture,South,411,45,87,61,310.31,10,Sunny,No,275.51,Summer
2025-09-02,S020,P0241,Stationery,East,138,34,68,67,365.67,15,Rainy,No,329.08,Spring
2025-04-30,S014,P0114,Stationery,South,90,25,41,27,41.91,0,Rainy,Yes,84.45,Summer
2025-03-25,S002,P0312,Stationery,West,463,83,124,104,868.11,5,Cloudy,No,860.87,Winter
2025-06-17,S013,P0377,Electronics,Central,75,62,83,81,879.0,5,Storm,Yes,880.87,Summer
2024-10-25,S002,P0354,Medical,South,245,55,82,64,466.73,15,Storm,No,446.17,Winter
2025-05-27,S014,P0166,Food,North,77,28,104,67,938.46,20,Rainy,No,901.99,Summer
2025-04-10,S015,P0325,Clothing,North,66,37,57,47,721.19,0,Storm,Yes,680.31,Spring
2025-07-17,S005,P0084,Furniture,South,214,10,59,49,913.13,20,Sunny,No,950.26,Monsoon
2024-11-12,S007,P0002,Medical,East,393,103,139,121,630.19,0,Sunny,No,670.04,Spring
2025-05-25,S016,P0233,Food,West,298,108,136,98,883.88,5,Sunny,Yes,855.57,Summer
2025-07-14,S005,P0029,Stationery,East,162,84,149,114,821.92,5,Sunny,Yes,776.81,Winter
2025-11-14,S014,P0092,Furniture,East,315,112,159,140,337.8,0,Rainy,No,292.7,Monsoon
2024-02-06,S014,P0432,Medical,North,67,103,132,112,374.88,15,Cloudy,No,406.91,Summer
2024-05-04,S007,P0314,Electronics,North,375,115,143,122,531.78,20,Sunny,No,502.76,Monsoon
2025-03-13,S005,P0315,Medical,West,331,113,139,123,530.14,20,Storm,No,515.53,Summer
2025-09-16,S004,P0378,Furniture,Central,139,95,115,103,11.57,0,Storm,No,8.06,Winter
2024-12-07,S009,P0405,Electronics,East,199,76,119,106,21.18,5,Cloudy,No,40.18,Winter
2024-04-26,S006,P0100,Clothing,East,371,47,83,58,727.15,20,Storm,No,773.16,Winter
2025-10-23,S015,P0402,Food,North,89,66,105,65,466.01,20,Cloudy,No,505.6,Winter
2024-08-01,S001,P0174,Food,Central,315,92,125,103,75.55,5,Rainy,No,53.6,Summer
2025-09-01,S009,P0212,Electronics,West,79,115,174,155,708.21,10,Rainy,No,729.19,Spring
2024-11-05,S003,P0228,Medical,North,130,72,92,81,121.11,0,Storm,Yes,148.89,Summer
2024-12-14,S004,P0421,Medical,South,492,66,135,102,317.26,10,Rainy,Yes,281.59,Spring
2025-01-31,S020,P0447,Electronics,East,385,115,145,138,14.07,0,Storm,Yes,32.78,Winter
2025-06-17,S007,P0165,Furniture,South,412,89,145,126,32.26,10,Cloudy,No,46.15,Monsoon
2025-03-27,S020,P0287,Medical,North,363,20,36,27,165.92,0,Rainy,No,117.45,Monsoon
2024-10-04,S011,P0277,Food,North,92,95,139,103,252.38,0,Rainy,Yes,233.52,Spring
2025-11-22,S020,P0457,Medical,West,45,18,35,32,95.26,15,Cloudy,No,63.16,Monsoon
2024-07-21,S003,P0417,Stationery,West,385,102,168,134,87.76,15,Sunny,No,94.54,Monsoon
2025-12-01,S020,P0133,Clothing,West,349,95,163,134,475.84,5,Rainy,No,440.21,Monsoon
2025-04-09,S006,P0145,Clothing,Central,269,8,32,2,121.76,15,Rainy,Yes,117.88,Spring
2024-04-19,S019,P0212,Furniture,Central,186,76,111,107,794.51,20,Rainy,Yes,790.61,Spring
2025-01-28,S011,P0279,Stationery,South,53,48,88,51,436.84,15,Rainy,Yes,443.56,Spring
2024-04-27,S013,P0036,Medical,North,323,81,120,100,559.54,15,Storm,No,527.16,Spring
2025-10-22,S001,P0388,Furniture,South,358,12,20,7,818.86,20,Storm,No,859.19,Spring
2025-09-22,S010,P0471,Food,East,315,62,77,64,684.7,10,Sunny,Yes,664.67,Spring
2024-05-10,S018,P0421,Clothing,North,456,42,58,35,902.06,0,Cloudy,Yes,852.14,Summer
2025-03-18,S014,P0280,Furniture,South,379,80,135,95,324.95,15,Storm,Yes,315.55,Summer
2025-07-22,S003,P0332,Electronics,South,216,112,151,125,162.72,5,Storm,No,126.15,Summer
2024-03-27,S020,P0093,Food,Central,90,87,132,103,894.65,20,Storm,No,937.68,Spring
2024-12-29,S008,P0365,Medical,East,135,28,83,45,17.36,15,Storm,No,52.04,Winter
2024-02-08,S003,P0073,Stationery,Central,310,66,124,101,122.03,15,Cloudy,No,168.2,Winter
2025-06-19,S018,P0409,Medical,East,475,83,93,78,477.73,0,Sunny,No,496.14,Winter
2025-04-25,S010,P0149,Furniture,North,252,70,126,90,736.48,15,Cloudy,No,721.77,Winter
2025-10-06,S020,P0014,Clothing,West,262,79,115,79,61.1,10,Sunny,Yes,91.99,Winter
2024-10-11,S004,P0310,Furniture,Central,149,21,67,50,282.46,10,Rainy,No,233.88,Monsoon
2024-06-28,S011,P0044,Furniture,Central,153,105,154,139,490.07,20,Rainy,No,526.27,Spring
2025-01-27,S012,P0028,Stationery,East,141,89,147,107,175.61,20,Sunny,Yes,199.05,Summer
2025-04-20,S013,P0243,Clothing,South,224,65,104,74,748.69,20,Storm,Yes,722.06,Monsoon
2025-04-04,S018,P0327,Clothing,West,215,91,134,101,686.05,0,Cloudy,No,645.79,Monsoon
2024-09-30,S019,P0395,Furniture,Central,430,17,60,23,397.24,5,Cloudy,Yes,420.67,Monsoon
2025-07-14,S015,P0180,Furniture,East,25,91,85,81,21.84,0,Cloudy,Yes,24.37,Winter
2024-01-25,S004,P0363,Electronics,North,337,16,47,9,660.04,5,Rainy,No,705.09,Summer
2024-04-23,S009,P0394,Food,East,376,28,52,34,472.29,0,Cloudy,Yes,486.17,Winter
2024-10-10,S009,P0092,Food,North,417,12,50,26,339.33,0,Storm,Yes,315.15,Spring
2024-07-01,S004,P0468,Food,East,350,67,72,63,545.23,15,Sunny,Yes,517.07,Winter
2024-03-13,S001,P0478,Electronics,West,312,98,132,104,28.58,15,Cloudy,Yes,-6.53,Monsoon
2025-02-04,S003,P0277,Furniture,North,314,5,58,27,483.36,15,Storm,No,517.76,Winter
2025-08-03,S011,P0042,Food,East,294,50,80,61,406.61,0,Rainy,Yes,393.15,Winter
2025-01-28,S015,P0377,Furniture,South,358,29,62,38,897.5,10,Sunny,Yes,896.15,Winter
2025-08-30,S015,P0495,Electronics,North,142,67,85,81,794.81,10,Cloudy,Yes,794.78,Monsoon
2024-02-13,S019,P0120,Electronics,North,227,20,56,23,463.79,20,Rainy,No,428.69,Winter
2025-04-27,S002,P0464,Clothing,North,484,84,91,76,704.28,5,Storm,Yes,655.72,Winter
2024-04-18,S013,P0167,Electronics,Central,78,68,135,96,228.37,5,Rainy,No,220.99,Summer
2024-02-16,S006,P0357,Clothing,Central,323,27,42,38,129.54,5,Rainy,No,155.3,Summer
2025-08-18,S016,P0042,Electronics,North,40,22,58,18,616.32,5,Rainy,Yes,567.88,Monsoon
2025-03-02,S009,P0268,Food,West,375,108,178,148,695.43,5,Rainy,Yes,659.74,Winter
2025-09-02,S001,P0286,Furniture,South,112,96,156,117,950.8,10,Sunny,Yes,935.59,Monsoon
2025-07-06,S004,P0408,Furniture,West,279,33,92,52,662.73,10,Storm,Yes,618.04,Summer
2025-11-17,S020,P0413,Food,North,492,10,26,3,292.21,15,Sunny,Yes,267.35,Summer
2024-06-10,S019,P0297,Clothing,West,422,8,61,29,124.9,5,Rainy,No,147.04,Summer
2024-04-22,S008,P0038,Food,Central,186,34,45,30,740.37,5,Storm,Yes,727.92,Spring
2024-05-28,S007,P0324,Clothing,East,130,83,113,102,393.46,5,Rainy,No,389.23,Summer
2024-02-02,S006,P0390,Clothing,South,374,77,87,70,145.14,15,Cloudy,Yes,141.0,Summer
2025-08-14,S007,P0303,Food,West,303,114,123,118,417.58,20,Cloudy,Yes,416.5,Spring
2024-09-09,S019,P0460,Electronics,West,146,46,100,63,230.18,20,Sunny,Yes,274.81,Spring
2025-05-31,S008,P0043,Medical,North,37,59,107,82,484.48,0,Storm,Yes,479.72,Summer
2025-01-02,S015,P0440,Medical,Central,171,35,71,66,25.77,10,Sunny,No,-8.05,Spring
2024-05-21,S001,P0441,Stationery,North,467,95,121,110,791.96,10,Storm,No,804.64,Winter
2024-10-30,S003,P0318,Clothing,North,238,101,147,108,547.01,5,Cloudy,Yes,575.78,Winter
2025-01-27,S003,P0288,Stationery,South,207,64,95,93,371.92,5,Rainy,No,386.74,Summer
2025-07-06,S008,P0165,Clothing,East,78,88,145,108,872.42,5,Storm,No,897.74,Winter
2024-03-05,S018,P0348,Medical,East,210,49,98,67,506.44,0,Storm,No,503.46,Winter
2024-07-11,S003,P0056,Furniture,East,476,118,142,137,89.37,5,Sunny,Yes,68.21,Spring
2024-06-03,S018,P0478,Furniture,West,467,31,94,54,32.46,15,Cloudy,No,79.42,Spring
2025-10-22,S017,P0331,Clothing,West,30,42,48,44,31.82,5,Cloudy,No,65.31,Spring
2025-08-30,S010,P0088,Clothing,South,360,94,152,117,450.8,10,Storm,No,457.53,Monsoon
2024-02-18,S018,P0147,Furniture,South,95,50,87,58,956.65,20,Rainy,Yes,999.06,Summer
2024-04-29,S018,P0363,Electronics,East,41,45,79,71,446.48,10,Cloudy,Yes,414.93,Monsoon
2025-04-04,S016,P0394,Furniture,West,296,25,68,49,130.28,0,Cloudy,Yes,120.74,Winter
2025-07-13,S019,P0342,Furniture,Central,279,47,96,78,479.17,10,Storm,No,526.13,Winter
2025-05-05,S008,P0229,Clothing,North,480,10,43,8,125.71,0,Cloudy,Yes,115.87,Summer
2025-08-20,S015,P0347,Stationery,North,289,33,90,73,203.76,0,Storm,Yes,207.6,Spring
2024-11-21,S014,P0190,Food,East,328,82,107,104,909.36,10,Sunny,No,899.12,Monsoon
2024-12-25,S014,P0412,Food,East,177,62,92,87,223.54,15,Rainy,No,247.69,Spring
2024-05-22,S017,P0172,Electronics,Central,447,80,113,108,152.2,10,Storm,Yes,149.66,Winter
2025-02-23,S005,P0103,Furniture,West,347,39,66,55,560.26,20,Cloudy,No,585.78,Winter
2024-11-05,S001,P0079,Clothing,East,447,79,119,88,563.69,15,Storm,Yes,536.14,Monsoon
2025-03-03,S003,P0307,Stationery,East,111,67,116,101,38.16,10,Storm,No,37.47,Monsoon
2025-10-05,S009,P0084,Medical,North,371,65,106,99,379.47,20,Rainy,No,331.22,Spring
2025-12-10,S012,P0025,Clothing,East,89,50,53,50,279.94,15,Sunny,Yes,293.56,Summer
2024-04-06,S010,P0139,Stationery,East,326,101,135,101,329.38,10,Sunny,No,362.06,Summer
2024-01-14,S006,P0053,Furniture,South,90,71,102,79,781.02,15,Rainy,Yes,765.05,Winter
2025-03-03,S012,P0072,Food,Central,255,14,19,11,924.18,15,Cloudy,Yes,909.0,Monsoon
2024-01-30,S010,P0065,Furniture,South,401,109,120,106,137.43,5,Sunny,No,156.23,Winter
2024-03-20,S017,P0304,Electronics,West,29,104,151,124,52.09,0,Sunny,No,5.37,Winter
2024-03-08,S007,P0095,Stationery,East,174,90,86,80,784.55,20,Sunny,Yes,755.09,Summer
2024-10-11,S019,P0035,Electronics,Central,316,49,71,61,856.59,20,Sunny,Yes,830.77,Summer
2024-10-15,S017,P0436,Stationery,West,107,120,192,158,14.29,0,Cloudy,Yes,56.71,Spring
2025-11-20,S004,P0390,Clothing,North,74,28,64,40,429.85,20,Storm,Yes,402.61,Summer
2025-05-22,S016,P0060,Food,East,410,51,104,86,561.56,0,Storm,No,519.78,Spring
2024-08-19,S016,P0481,Stationery,East,303,57,92,65,196.9,0,Rainy,Yes,236.38,Spring
2025-11-19,S013,P0206,Stationery,Central,73,55,106,73,661.96,0,Sunny,Yes,623.88,Winter
2025-01-07,S014,P0372,Food,East,121,48,88,50,845.59,15,Cloudy,No,807.87,Monsoon
2025-05-02,S004,P0063,Clothing,West,361,82,128,97,516.3,5,Storm,Yes,543.1,Summer
2024-01-31,S013,P0310,Stationery,East,70,99,96,92,503.15,0,Rainy,No,550.36,Winter
2024-03-19,S016,P0252,Medical,East,358,101,155,124,794.8,5,Cloudy,Yes,774.16,Winter
2025-03-16,S002,P0017,Furniture,Central,470,20,62,34,321.41,15,Cloudy,Yes,315.67,Spring
2025-03-17,S016,P0338,Medical,Central,88,44,103,79,492.58,0,Storm,No,499.47,Summer
2025-06-02,S012,P0393,Clothing,East,48,55,92,61,595.13,15,Sunny,Yes,606.82,Winter
2024-05-11,S014,P0177,Clothing,West,448,51,100,63,36.63,10,Cloudy,Yes,24.69,Summer
2024-09-10,S004,P0173,Furniture,North,140,87,133,96,94.09,0,Cloudy,Yes,130.98,Spring
2025-11-04,S016,P0302,Electronics,East,462,59,117,85,902.4,10,Storm,No,854.44,Monsoon
2025-08-09,S017,P0416,Stationery,East,70,108,135,129,693.96,5,Rainy,No,677.56,Monsoon
2025-03-22,S009,P0025,Clothing,Central,123,68,102,98,841.98,20,Storm,Yes,813.39,Winter
2025-08-15,S007,P0178,Electronics,East,68,80,108,91,76.6,20,Cloudy,No,74.13,Monsoon
2024-07-23,S001,P0322,Stationery,Central,232,56,101,62,520.22,20,Rainy,No,488.28,Summer
2025-11-07,S014,P0479,Medical,North,441,100,136,119,937.79,20,Rainy,No,968.68,Spring
2024-05-31,S003,P0325,Furniture,West,143,24,80,61,845.68,15,Cloudy,No,827.55,Summer
2024-09-19,S008,P0409,Clothing,West,371,81,111,86,246.1,5,Storm,No,215.29,Spring
2025-10-24,S009,P0338,Medical,South,483,9,21,11,279.98,0,Sunny,No,255.82,Winter
2024-02-26,S014,P0460,Clothing,North,460,119,134,114,605.58,0,Storm,Yes,645.64,Summer
2024-04-24,S017,P0129,Food,North,312,99,128,121,526.74,20,Rainy,Yes,571.71,Monsoon
2024-12-03,S007,P0074,Electronics,South,446,79,140,116,807.78,5,Rainy,No,851.33,Spring
2025-02-22,S004,P0163,Medical,West,150,115,145,142,495.45,10,Storm,Yes,515.41,Monsoon
2024-05-28,S020,P0018,Stationery,North,205,65,123,100,823.15,0,Rainy,No,837.69,Spring
2024-11-12,S013,P0005,Food,East,347,94,114,107,539.56,5,Cloudy,Yes,575.32,Summer
2024-10-31,S009,P0444,Electronics,West,127,115,143,115,635.04,15,Storm,No,663.97,Monsoon
2025-03-08,S014,P0309,Stationery,Central,468,109,115,105,701.5,20,Cloudy,No,658.14,Winter
2024-02-23,S007,P0322,Clothing,East,348,87,128,88,448.97,5,Sunny,Yes,399.28,Summer
2024-09-12,S011,P0232,Food,South,284,96,143,135,848.49,15,Cloudy,Yes,877.75,Monsoon
2024-10-15,S019,P0115,Electronics,North,121,15,54,31,190.07,15,Rainy,Yes,234.55,Spring
2024-07-22,S005,P0046,Clothing,South,154,94,97,94,407.02,15,Sunny,Yes,417.06,Spring
2025-04-09,S009,P0148,Stationery,West,443,91,119,112,232.24,5,Storm,Yes,201.29,Spring
2024-07-30,S001,P0149,Clothing,South,327,32,52,40,424.15,15,Storm,Yes,453.4,Monsoon
2025-08-19,S013,P0352,Furniture,West,370,87,111,106,20.22,5,Storm,No,57.36,Winter
2024-04-07,S020,P0481,Stationery,Central,305,12,26,5,931.75,15,Sunny,Yes,972.57,Monsoon
2025-05-31,S018,P0022,Medical,South,337,53,87,62,674.55,5,Cloudy,Yes,721.36,Spring
2024-12-13,S009,P0060,Clothing,North,469,64,67,62,324.14,20,Rainy,No,317.43,Monsoon
2025-01-04,S014,P0458,Furniture,East,494,60,84,68,616.8,10,Storm,Yes,618.5,Spring
2024-02-24,S015,P0224,Electronics,West,116,24,31,17,191.31,15,Sunny,No,167.33,Monsoon
2025-12-27,S003,P0105,Clothing,South,307,67,117,86,121.37,5,Rainy,No,83.74,Summer
2025-08-20,S016,P0347,Electronics,East,22,72,147,111,188.76,0,Sunny,No,163.38,Winter
2025-02-07,S016,P0233,Stationery,East,211,80,96,76,162.24,0,Sunny,No,158.26,Winter
2025-11-02,S010,P0166,Electronics,North,338,62,108,72,138.03,0,Storm,Yes,168.19,Spring
2024-09-18,S013,P0146,Stationery,South,111,35,99,74,98.3,5,Sunny,No,64.59,Spring
2025-03-18,S017,P0103,Food,West,396,108,155,117,139.97,0,Storm,No,173.18,Monsoon
2025-07-30,S014,P0048,Electronics,Central,327,59,81,54,812.88,20,Cloudy,No,781.52,Summer
2025-10-25,S015,P0224,Electronics,West,371,96,126,95,532.01,20,Cloudy,Yes,490.41,Summer
2025-12-01,S003,P0470,Electronics,Central,482,43,81,48,433.45,20,Sunny,No,388.22,Spring
2024-04-06,S003,P0394,Medical,North,257,89,161,125,814.7,10,Sunny,No,790.19,Summer
2024-07-05,S015,P0388,Stationery,West,451,55,52,47,422.09,10,Cloudy,No,403.48,Summer
2024-08-04,S001,P0003,Food,North,114,15,90,52,266.72,0,Sunny,Yes,260.1,Spring
2025-04-16,S020,P0185,Stationery,West,374,56,126,88,728.65,10,Cloudy,Yes,740.5,Summer
2024-05-18,S007,P0247,Stationery,South,27,29,27,26,699.07,5,Rainy,No,734.97,Summer
2024-03-29,S005,P0379,Stationery,West,174,103,131,122,479.25,0,Storm,No,440.9,Winter
2025-04-05,S001,P0053,Stationery,West,319,36,56,38,573.74,15,Storm,No,528.83,Monsoon
2024-02-07,S016,P0119,Stationery,North,269,56,109,77,595.13,20,Sunny,No,638.66,Monsoon
2025-07-20,S012,P0230,Stationery,West,52,39,96,70,890.25,0,Sunny,Yes,889.73,Monsoon
2024-07-15,S011,P0472,Medical,West,260,49,81,67,512.56,20,Rainy,No,553.47,Spring
2025-03-02,S010,P0354,Stationery,North,446,91,145,122,798.01,5,Storm,Yes,810.19,Summer
2024-07-23,S007,P0286,Electronics,North,100,82,109,103,795.55,15,Cloudy,No,775.92,Monsoon
2025-11-24,S020,P0117,Electronics,Central,101,27,51,49,808.75,10,Rainy,No,801.81,Monsoon
2024-12-14,S005,P0437,Stationery,Central,421,50,91,89,772.39,20,Sunny,Yes,749.14,Spring
2025-04-13,S004,P0422,Medical,North,450,101,104,98,783.84,20,Sunny,Yes,812.06,Winter
2024-07-29,S004,P0079,Stationery,East,486,51,69,51,711.08,20,Cloudy,Yes,710.92,Winter
2024-07-25,S017,P0088,Electronics,East,244,58,97,97,252.86,15,Cloudy,No,236.99,Monsoon
2025-10-06,S014,P0212,Food,West,360,36,68,35,427.5,5,Cloudy,Yes,391.3,Spring
2024-05-29,S013,P0396,Furniture,West,414,6,74,41,944.21,0,Sunny,No,928.04,Winter
2025-11-07,S014,P0206,Stationery,Central,492,87,122,86,67.23,20,Cloudy,No,114.5,Monsoon
2024-01-09,S007,P0455,Medical,Central,443,40,102,63,921.25,15,Storm,No,915.87,Spring
2024-07-21,S005,P0267,Medical,East,471,43,40,38,542.06,15,Rainy,Yes,564.57,Monsoon
2025-06-17,S008,P0427,Clothing,West,194,101,141,131,33.19,20,Sunny,Yes,42.44,Monsoon
2024-09-22,S019,P0378,Electronics,West,341,69,88,81,57.26,0,Cloudy,Yes,52.13,Summer
2024-12-24,S008,P0054,Clothing,Central,173,41,109,73,675.71,15,Rainy,No,677.68,Spring
2024-04-10,S005,P0244,Furniture,West,95,96,139,113,91.13,0,Sunny,No,83.62,Spring
2025-08-25,S014,P0226,Stationery,West,306,71,135,110,873.29,20,Storm,Yes,873.17,Summer
2025-06-01,S004,P0356,Furniture,West,85,67,131,102,138.09,20,Storm,Yes,174.42,Summer
2025-07-26,S002,P0268,Furniture,North,209,20,74,48,119.23,10,Cloudy,No,126.41,Monsoon
2024-11-06,S010,P0456,Clothing,South,170,67,67,58,150.72,20,Rainy,No,142.9,Winter
2024-05-05,S015,P0461,Clothing,West,300,49,45,43,423.4,20,Storm,Yes,404.37,Summer
2025-05-31,S011,P0046,Medical,Central,345,63,129,101,670.55,5,Storm,No,707.18,Summer
2025-02-08,S001,P0293,Stationery,East,193,74,94,66,738.55,0,Sunny,Yes,775.15,Summer
2025-09-25,S016,P0258,Electronics,North,297,78,119,116,957.72,20,Rainy,Yes,926.66,Monsoon
2024-07-29,S013,P0302,Electronics,West,145,111,183,146,449.79,20,Sunny,No,460.48,Spring
2024-07-03,S004,P0278,Furniture,East,232,8,51,31,388.19,0,Rainy,Yes,349.65,Monsoon
2024-04-01,S002,P0153,Food,North,98,44,70,60,68.32,10,Cloudy,Yes,36.47,Spring
2024-11-27,S016,P0261,Medical,West,152,53,53,50,210.53,20,Sunny,No,219.13,Winter
2024-11-21,S001,P0138,Medical,Central,257,75,95,91,489.33,15,Sunny,Yes,502.68,Summer
2024-11-07,S005,P0192,Medical,South,310,57,80,75,847.82,20,Rainy,No,818.17,Spring
2024-02-12,S016,P0140,Medical,East,20,109,167,128,296.36,5,Storm,No,246.41,Summer
2025-08-22,S010,P0046,Food,North,450,70,80,78,169.8,20,Rainy,No,176.11,Spring
2024-08-03,S011,P0175,Furniture,West,332,69,100,79,638.82,15,Cloudy,Yes,616.12,Summer
2025-10-23,S014,P0285,Stationery,West,492,5,63,33,14.24,0,Storm,Yes,31.51,Winter
2025-07-05,S013,P0424,Medical,East,35,119,179,151,675.52,10,Storm,Yes,722.72,Winter
2024-05-07,S012,P0099,Electronics,Central,256,52,82,54,19.27,0,Cloudy,Yes,45.11,Summer
2025-05-20,S007,P0421,Stationery,West,205,9,47,16,905.46,20,Sunny,No,876.37,Spring
2024-06-23,S003,P0302,Furniture,North,302,29,97,61,675.45,20,Rainy,No,681.96,Summer
2025-06-19,S018,P0315,Clothing,Central,393,105,124,112,849.19,0,Storm,Yes,898.39,Spring
2025-10-18,S017,P0239,Food,East,364,88,101,81,438.22,15,Sunny,Yes,415.62,Winter
2024-10-11,S003,P0451,Medical,North,490,58,110,82,323.08,15,Rainy,No,292.54,Winter
2024-09-12,S014,P0414,Electronics,Central,120,26,56,37,72.22,0,Cloudy,No,25.01,Summer
2024-04-20,S003,P0398,Medical,Central,262,35,49,46,823.42,20,Storm,Yes,852.83,Spring
2025-08-15,S002,P0471,Food,North,83,15,10,8,383.62,0,Cloudy,No,411.88,Winter
2024-04-14,S020,P0386,Food,South,366,12,40,37,301.97,15,Sunny,No,292.14,Spring
2025-04-20,S011,P0301,Furniture,North,427,59,127,88,110.27,0,Sunny,Yes,105.68,Winter
2025-08-30,S014,P0247,Stationery,Central,424,112,150,114,134.72,20,Storm,Yes,110.35,Summer
2024-05-20,S012,P0160,Medical,Central,428,10,11,3,318.55,15,Rainy,Yes,319.86,Spring
2024-11-12,S005,P0030,Furniture,Central,328,48,79,56,970.57,20,Sunny,No,979.21,Monsoon
2024-07-19,S015,P0308,Stationery,East,122,86,92,88,348.14,15,Cloudy,No,367.62,Spring
2024-12-02,S008,P0239,Medical,South,103,18,39,37,500.97,0,Rainy,No,514.85,Monsoon
2025-01-19,S018,P0059,Furniture,East,125,56,57,57,369.19,0,Storm,Yes,354.98,Monsoon
2024-02-14,S011,P0434,Medical,South,35,30,50,32,182.41,10,Rainy,Yes,204.29,Winter
2024-06-29,S004,P0174,Furniture,East,451,38,35,34,833.13,5,Storm,Yes,821.02,Monsoon
2025-01-16,S005,P0407,Furniture,South,358,26,88,49,882.85,0,Storm,No,844.7,Monsoon
2025-09-05,S018,P0151,Furniture,East,239,86,93,91,765.45,20,Rainy,Yes,734.36,Monsoon
2024-05-09,S020,P0034,Furniture,Central,455,70,128,97,217.15,0,Storm,No,245.62,Spring
2025-06-15,S016,P0243,Clothing,Central,257,27,60,37,530.22,15,Storm,Yes,551.78,Summer
2024-08-12,S013,P0293,Furniture,East,478,30,63,48,401.94,10,Cloudy,Yes,394.44,Summer
2024-03-27,S020,P0173,Food,West,171,61,106,84,237.88,0,Storm,No,234.41,Spring
2025-01-11,S009,P0331,Electronics,East,431,68,95,78,388.55,5,Sunny,No,382.72,Winter
2024-10-10,S011,P0101,Stationery,East,494,34,37,30,80.64,0,Cloudy,No,85.24,Monsoon
2024-07-14,S010,P0422,Clothing,West,381,82,114,80,913.26,0,Storm,Yes,940.27,Spring
2025-10-31,S017,P0301,Medical,West,282,102,126,101,235.3,5,Storm,No,232.74,Winter
2024-11-16,S001,P0192,Furniture,Central,453,29,72,46,217.49,15,Rainy,No,252.78,Winter
2025-05-26,S013,P0391,Stationery,Central,434,89,122,101,233.24,15,Cloudy,No,251.82,Winter
2025-08-04,S020,P0468,Medical,Central,422,9,16,7,977.47,10,Storm,No,984.29,Summer
2025-02-04,S015,P0328,Clothing,North,52,73,99,87,480.03,10,Rainy,Yes,486.98,Summer
2024-02-02,S013,P0146,Furniture,South,443,93,152,121,36.57,5,Cloudy,Yes,-6.48,Spring
2024-02-28,S004,P0067,Medical,West,208,71,71,61,333.5,15,Storm,Yes,322.61,Spring
2024-07-30,S019,P0481,Clothing,Central,86,116,138,119,437.88,15,Rainy,No,403.76,Monsoon
2024-07-25,S017,P0169,Medical,West,23,23,45,41,826.34,20,Storm,No,857.1,Winter
2024-04-03,S006,P0213,Furniture,South,167,87,128,106,703.31,10,Storm,No,692.42,Spring
2025-11-05,S006,P0141,Stationery,Central,113,94,126,120,399.62,0,Cloudy,Yes,373.59,Summer
2025-05-20,S017,P0393,Clothing,West,230,102,134,127,995.36,0,Storm,Yes,1020.9,Monsoon
2024-07-31,S013,P0439,Furniture,West,279,10,30,29,82.46,15,Sunny,Yes,70.58,Monsoon
2024-04-27,S008,P0366,Food,South,383,22,61,32,489.91,0,Storm,No,448.16,Summer
2024-06-23,S013,P0087,Electronics,North,449,7,41,35,185.46,0,Cloudy,Yes,188.93,Spring
2025-01-01,S002,P0429,Stationery,Central,111,32,69,67,893.76,20,Sunny,No,865.38,Monsoon
2025-03-30,S012,P0466,Furniture,South,46,81,74,71,774.69,5,Sunny,Yes,817.57,Spring
2024-01-29,S006,P0371,Furniture,North,27,48,54,50,228.36,0,Storm,Yes,258.05,Monsoon
2024-11-26,S014,P0062,Furniture,South,307,85,126,87,215.05,20,Sunny,No,204.56,Monsoon
2024-06-26,S003,P0337,Clothing,Central,27,56,107,87,21.86,5,Cloudy,Yes,17.74,Winter
2024-08-11,S019,P0088,Clothing,North,230,43,120,82,504.58,0,Cloudy,No,525.83,Summer
2024-12-06,S001,P0312,Medical,West,109,86,144,124,978.24,15,Storm,Yes,934.99,Winter
2024-08-26,S020,P0041,Electronics,South,30,83,128,121,315.76,15,Cloudy,No,341.48,Monsoon
2024-07-25,S015,P0379,Clothing,South,97,53,58,56,245.68,20,Cloudy,No,294.54,Winter
2025-06-17,S011,P0176,Furniture,South,425,58,107,89,753.05,5,Sunny,Yes,787.74,Summer
2025-09-14,S016,P0036,Furniture,North,466,53,96,76,191.71,0,Rainy,Yes,148.17,Summer
2024-04-03,S015,P0160,Furniture,South,108,80,118,105,243.95,0,Rainy,No,236.57,Summer
2025-09-12,S016,P0041,Clothing,West,147,43,87,51,453.79,5,Storm,Yes,430.98,Spring
2025-03-27,S013,P0219,Electronics,East,236,69,125,98,762.72,15,Rainy,Yes,714.7,Monsoon
2025-01-24,S011,P0070,Stationery,West,257,44,81,63,381.4,20,Rainy,Yes,379.48,Summer
2024-01-05,S012,P0197,Food,East,26,115,160,137,496.54,15,Sunny,No,540.57,Winter
2024-05-07,S012,P0261,Stationery,West,217,77,89,77,765.32,10,Cloudy,Yes,792.45,Spring
2025-03-10,S001,P0358,Stationery,South,396,36,71,41,44.16,10,Cloudy,No,57.26,Summer
2024-09-17,S013,P0204,Stationery,Central,146,82,119,109,22.21,0,Sunny,Yes,36.65,Spring
2024-06-18,S013,P0301,Clothing,West,444,59,84,65,505.64,20,Sunny,Yes,521.49,Monsoon
2024-05-26,S016,P0001,Electronics,North,157,100,128,103,702.02,0,Storm,No,750.72,Monsoon
2025-03-17,S017,P0486,Electronics,West,107,27,51,40,707.01,5,Rainy,Yes,705.66,Summer
2024-03-01,S020,P0056,Stationery,South,403,28,78,66,266.76,15,Sunny,No,260.83,Winter
2025-01-21,S004,P0005,Electronics,East,83,40,55,34,39.37,5,Sunny,Yes,37.16,Winter
2024-08-04,S016,P0388,Clothing,Central,287,106,120,96,606.96,10,Storm,No,650.17,Monsoon
2025-11-29,S002,P0500,Clothing,East,475,48,73,58,941.58,15,Sunny,Yes,929.42,Spring
2025-12-16,S008,P0189,Food,Central,225,97,96,95,605.89,20,Storm,No,583.84,Summer
2024-01-04,S011,P0348,Food,South,346,109,120,119,637.44,0,Storm,No,684.4,Winter
2024-12-22,S005,P0446,Medical,Central,239,65,103,97,736.93,10,Sunny,Yes,747.65,Spring
2024-03-30,S015,P0489,Electronics,West,174,111,179,144,987.35,15,Rainy,Yes,954.16,Summer
2024-06-23,S011,P0463,Food,East,405,89,128,123,114.41,0,Rainy,No,80.43,Spring
2025-11-17,S011,P0447,Furniture,Central,83,90,122,88,637.21,15,Sunny,No,596.25,Spring
2025-01-25,S008,P0133,Electronics,East,354,87,162,127,966.59,15,Sunny,Yes,997.43,Winter
2024-12-14,S013,P0296,Stationery,North,399,80,89,82,577.11,5,Cloudy,Yes,612.44,Summer
2025-02-01,S020,P0303,Furniture,North,236,45,107,84,799.54,5,Storm,Yes,801.52,Spring
2024-11-19,S010,P0075,Stationery,North,94,109,131,117,504.83,15,Cloudy,No,469.57,Winter
2024-10-07,S013,P0031,Clothing,South,454,95,151,121,634.77,5,Rainy,Yes,634.27,Winter
2024-07-02,S018,P0201,Clothing,West,458,67,128,103,306.11,5,Storm,No,355.22,Spring
2025-02-04,S018,P0202,Electronics,South,56,72,126,108,289.54,5,Cloudy,Yes,309.65,Monsoon
2025-04-13,S005,P0108,Furniture,South,355,25,59,51,447.46,15,Sunny,No,426.57,Winter
2025-11-25,S006,P0475,Electronics,North,422,114,137,113,950.89,15,Cloudy,No,968.83,Summer
2024-02-23,S013,P0126,Electronics,North,80,70,122,101,597.46,5,Rainy,No,610.16,Spring
2024-11-05,S013,P0141,Stationery,West,372,81,106,82,778.09,0,Cloudy,Yes,805.86,Winter
2024-04-29,S019,P0246,Clothing,North,62,20,73,41,232.69,20,Rainy,No,239.99,Spring
2025-10-22,S018,P0095,Food,North,379,60,105,69,133.98,10,Storm,No,90.33,Winter
2025-06-15,S004,P0093,Medical,South,448,79,110,103,755.97,5,Sunny,No,802.54,Monsoon
2024-05-05,S002,P0044,Electronics,Central,40,21,60,47,656.11,0,Cloudy,No,662.36,Summer
2025-03-09,S010,P0338,Medical,West,356,5,29,10,55.7,20,Rainy,No,96.16,Monsoon
2025-06-19,S002,P0122,Electronics,South,486,50,112,78,515.48,0,Rainy,No,531.74,Summer
2024-05-17,S014,P0039,Medical,East,328,75,115,78,365.47,5,Cloudy,No,388.38,Summer
2025-02-13,S003,P0323,Stationery,East,253,15,48,21,940.8,5,Rainy,No,944.39,Summer
2025-03-05,S009,P0064,Medical,North,440,24,61,34,385.15,20,Storm,Yes,359.9,Monsoon
2025-10-17,S004,P0194,Furniture,West,65,51,79,62,154.87,5,Sunny,Yes,132.23,Summer
2025-06-23,S012,P0359,Medical,East,392,117,163,126,823.13,15,Cloudy,Yes,782.68,Winter
2024-06-23,S013,P0245,Medical,South,182,101,126,115,351.72,20,Cloudy,Yes,356.89,Summer
2025-11-04,S012,P0363,Furniture,Central,84,23,73,37,738.07,0,Storm,No,779.91,Summer
2025-03-25,S008,P0157,Stationery,North,201,107,158,126,293.95,15,Cloudy,No,296.01,Monsoon
2024-04-02,S003,P0381,Clothing,Central,344,15,24,9,945.42,5,Storm,Yes,952.95,Spring
2025-11-24,S013,P0008,Medical,South,280,98,126,96,502.83,20,Sunny,No,522.62,Monsoon
2024-09-07,S017,P0463,Furniture,South,398,89,150,112,51.93,15,Sunny,No,98.39,Summer
2025-06-10,S011,P0468,Stationery,South,200,11,59,28,385.3,10,Sunny,No,432.27,Monsoon
2025-05-09,S010,P0476,Stationery,Central,170,38,41,41,740.65,20,Sunny,No,730.01,Spring
2024-02-28,S012,P0456,Stationery,South,202,5,63,34,335.27,10,Storm,No,295.99,Winter
2024-04-13,S016,P0004,Furniture,East,240,67,74,69,533.81,5,Rainy,No,524.88,Spring
2025-01-18,S015,P0337,Food,South,173,51,79,68,541.06,10,Rainy,No,501.93,Spring
2024-01-06,S013,P0216,Stationery,East,203,118,165,153,119.56,10,Sunny,Yes,73.59,Summer
2025-05-05,S005,P0167,Food,Central,360,39,62,36,494.18,15,Storm,Yes,524.16,Winter
2024-04-20,S008,P0027,Stationery,East,425,7,14,5,350.68,0,Storm,Yes,377.42,Spring
2025-05-06,S017,P0096,Furniture,East,168,41,67,62,763.29,5,Sunny,No,775.05,Summer
2025-11-13,S017,P0313,Furniture,South,440,59,91,61,709.4,0,Rainy,Yes,729.51,Winter
2024-05-15,S007,P0047,Electronics,West,225,9,28,16,929.81,15,Storm,No,881.58,Summer
2024-08-15,S009,P0187,Clothing,East,192,59,82,79,514.77,0,Storm,Yes,495.2,Monsoon
2024-02-18,S016,P0144,Medical,North,113,10,4,1,663.83,10,Storm,Yes,635.03,Monsoon
2025-05-18,S005,P0170,Clothing,East,206,47,63,56,105.92,0,Cloudy,Yes,124.22,Monsoon
2024-08-03,S019,P0496,Stationery,South,319,54,55,49,139.18,20,Rainy,No,101.22,Winter
2024-03-17,S005,P0023,Furniture,South,299,84,114,95,728.1,5,Storm,No,731.46,Monsoon
2025-01-09,S017,P0477,Medical,North,249,85,127,120,911.74,0,Rainy,No,910.02,Summer
2024-10-23,S018,P0446,Medical,North,43,77,82,70,743.31,15,Rainy,No,742.81,Spring
2025-07-29,S019,P0112,Medical,North,419,54,107,69,278.78,5,Storm,No,229.14,Monsoon
2024-08-13,S008,P0150,Electronics,South,171,95,137,102,127.91,5,Cloudy,Yes,82.47,Monsoon
2024-02-22,S012,P0167,Electronics,Central,348,36,73,39,125.02,10,Cloudy,Yes,138.29,Spring
2025-09-18,S009,P0091,Clothing,North,170,46,79,39,817.76,10,Sunny,No,789.69,Monsoon
2025-10-03,S007,P0298,Stationery,West,344,82,120,107,818.68,5,Rainy,No,801.11,Summer
2025-03-20,S006,P0097,Medical,West,208,23,48,43,501.0,15,Rainy,No,469.5,Winter
2024-11-13,S003,P0219,Furniture,West,103,118,144,119,690.49,5,Storm,Yes,647.44,Summer
2024-01-13,S002,P0068,Furniture,North,328,17,55,31,30.51,0,Cloudy,Yes,56.85,Winter
2024-01-10,S016,P0389,Medical,West,425,18,63,42,854.19,0,Rainy,No,824.42,Monsoon
2025-05-05,S002,P0053,Medical,East,99,36,63,29,695.12,20,Sunny,No,657.43,Summer
2024-01-02,S010,P0116,Stationery,West,487,33,38,24,432.86,5,Sunny,No,418.19,Summer
2024-04-22,S003,P0459,Electronics,Central,134,18,48,26,85.53,10,Rainy,Yes,47.37,Spring
2025-06-27,S010,P0179,Electronics,East,191,81,109,82,158.72,10,Storm,No,171.2,Monsoon
2025-12-29,S005,P0164,Furniture,West,428,14,54,54,863.1,5,Storm,No,890.88,Winter
2024-04-25,S006,P0393,Food,East,315,59,112,95,153.22,10,Cloudy,No,202.7,Spring
2025-05-07,S018,P0255,Medical,Central,375,57,125,85,340.13,5,Storm,Yes,328.45,Spring
2024-03-26,S008,P0186,Electronics,South,317,96,145,112,582.1,5,Sunny,No,602.41,Spring
2024-05-16,S005,P0428,Medical,West,491,19,34,12,367.25,5,Rainy,Yes,346.72,Summer
2024-02-27,S014,P0191,Electronics,North,402,22,28,19,383.69,0,Sunny,No,403.3,Summer
2024-01-31,S014,P0077,Furniture,West,95,51,55,50,252.6,0,Rainy,No,259.52,Spring
2025-02-25,S002,P0310,Furniture,Central,389,48,66,66,293.9,5,Rainy,Yes,249.9,Spring
2025-03-09,S017,P0157,Stationery,South,368,117,171,136,714.29,10,Storm,Yes,756.21,Monsoon
2024-04-04,S006,P0422,Stationery,Central,287,53,64,51,406.4,0,Sunny,No,378.29,Spring
2024-11-16,S007,P0139,Electronics,North,354,87,126,102,173.18,10,Sunny,No,187.84,Monsoon
2024-01-29,S010,P0097,Medical,South,142,41,75,41,115.4,5,Sunny,Yes,125.11,Monsoon
2024-03-28,S011,P0048,Clothing,North,311,77,105,69,986.63,15,Cloudy,No,941.2,Spring
2025-05-27,S004,P0170,Food,Central,119,45,108,83,728.43,5,Sunny,Yes,748.7,Winter
2025-08-24,S005,P0350,Food,North,427,53,110,73,870.12,0,Sunny,Yes,849.13,Summer
2025-11-28,S020,P0334,Medical,East,354,23,72,62,993.48,20,Storm,Yes,995.11,Monsoon
2024-10-24,S020,P0311,Electronics,South,204,84,103,101,891.77,15,Storm,Yes,865.68,Winter
2024-05-26,S015,P0161,Furniture,East,412,116,160,125,868.86,0,Rainy,Yes,868.75,Monsoon
2025-08-13,S016,P0132,Food,South,206,50,49,45,187.39,15,Sunny,No,163.18,Winter
2025-01-07,S017,P0433,Medical,East,459,41,82,56,858.43,5,Cloudy,Yes,852.51,Spring
2025-06-02,S008,P0359,Medical,North,250,38,73,71,624.41,0,Rainy,Yes,648.51,Monsoon
2025-01-19,S012,P0239,Food,Central,101,77,96,92,230.82,15,Storm,Yes,247.74,Winter
2024-07-03,S011,P0310,Food,South,394,18,60,33,207.48,10,Storm,Yes,163.93,Monsoon
2025-04-10,S002,P0308,Food,North,39,74,103,73,154.06,5,Cloudy,No,136.08,Spring
2024-08-06,S003,P0141,Food,North,47,32,50,23,277.15,5,Cloudy,No,235.51,Spring
2025-06-21,S014,P0176,Clothing,South,129,90,107,96,832.24,0,Rainy,No,871.74,Spring
2025-05-08,S019,P0200,Electronics,Central,263,73,117,107,965.93,15,Rainy,Yes,951.4,Summer
2024-11-27,S016,P0443,Clothing,North,360,110,166,146,24.04,15,Storm,No,67.42,Winter
2025-04-06,S007,P0382,Furniture,West,446,114,152,112,454.84,20,Rainy,No,414.58,Summer
2024-12-22,S001,P0155,Clothing,Central,127,29,98,62,955.55,10,Sunny,No,986.93,Spring
2025-02-27,S006,P0235,Food,East,230,50,96,62,431.59,10,Rainy,Yes,392.93,Spring
2025-01-25,S004,P0045,Electronics,North,165,113,172,145,637.77,20,Sunny,No,681.56,Winter
2025-05-23,S002,P0342,Clothing,West,403,101,164,130,108.71,15,Rainy,Yes,109.05,Spring
2025-07-18,S015,P0212,Stationery,West,215,19,51,21,951.05,10,Sunny,No,997.81,Summer
2025-06-03,S001,P0461,Food,North,165,39,87,71,314.32,15,Sunny,Yes,331.65,Summer
2025-01-18,S014,P0124,Medical,West,450,109,170,132,324.3,5,Rainy,No,370.22,Winter
2025-08-14,S011,P0265,Furniture,West,239,21,75,51,977.58,5,Rainy,Yes,967.89,Summer
2025-05-31,S006,P0486,Clothing,South,80,85,136,111,844.6,10,Sunny,Yes,878.33,Winter
2025-03-23,S003,P0293,Food,North,25,85,161,124,161.52,20,Rainy,No,182.28,Monsoon
2024-07-10,S013,P0395,Clothing,North,142,88,111,92,201.89,5,Cloudy,Yes,224.52,Summer
2025-10-04,S005,P0145,Clothing,South,31,86,119,113,119.82,20,Sunny,Yes,82.09,Spring
2025-01-05,S016,P0492,Stationery,North,487,112,140,115,109.67,0,Rainy,No,101.04,Spring
2024-11-17,S020,P0438,Electronics,North,344,62,73,62,305.77,5,Cloudy,No,321.74,Spring
2025-09-20,S007,P0311,Electronics,Central,327,74,74,64,526.53,10,Sunny,Yes,569.19,Summer
2025-01-08,S005,P0138,Clothing,West,78,120,124,123,334.26,5,Rainy,Yes,292.6,Monsoon
2025-12-26,S013,P0473,Furniture,East,302,88,125,96,747.74,15,Rainy,Yes,741.35,Monsoon
2025-02-06,S016,P0222,Food,West,72,79,156,119,318.47,5,Cloudy,No,363.85,Winter
2025-09-13,S002,P0491,Medical,East,216,59,97,61,359.39,0,Storm,No,354.33,Monsoon
2025-02-11,S003,P0111,Stationery,East,35,19,40,20,435.09,5,Cloudy,Yes,420.86,Monsoon
2024-05-05,S011,P0461,Furniture,Central,24,45,79,79,719.63,5,Sunny,No,716.17,Monsoon
2025-09-08,S003,P0294,Stationery,West,128,72,81,75,565.35,20,Storm,No,609.98,Monsoon
2024-07-21,S004,P0232,Furniture,Central,120,11,63,32,56.32,10,Cloudy,No,48.44,Summer
2025-08-13,S013,P0019,Medical,Central,30,41,68,32,988.08,15,Sunny,No,966.52,Winter
2024-03-12,S018,P0397,Clothing,West,260,17,52,33,281.93,10,Sunny,No,271.96,Monsoon
2025-12-14,S008,P0025,Electronics,South,252,68,106,99,844.64,20,Sunny,No,804.91,Spring
2024-08-19,S002,P0133,Electronics,North,107,16,41,18,817.99,20,Sunny,No,866.95,Winter
2024-09-27,S019,P0236,Electronics,South,188,93,146,122,277.21,5,Cloudy,Yes,319.7,Spring
2025-10-14,S016,P0500,Clothing,East,248,90,120,87,532.31,20,Storm,Yes,530.1,Winter
2024-09-27,S007,P0356,Electronics,North,412,42,82,77,359.48,5,Storm,Yes,375.43,Summer
2024-01-14,S019,P0390,Medical,Central,363,32,75,51,196.04,0,Cloudy,No,180.09,Spring
2025-11-02,S013,P0500,Food,Central,98,113,141,135,914.98,5,Rainy,No,956.65,Summer
2024-03-11,S005,P0237,Electronics,North,162,59,78,59,951.98,20,Rainy,Yes,966.82,Spring
2024-07-10,S018,P0044,Clothing,West,156,8,61,28,458.11,10,Rainy,Yes,419.94,Spring
2025-05-29,S013,P0375,Food,South,240,70,84,81,446.93,10,Cloudy,Yes,406.71,Spring
2024-06-29,S002,P0331,Furniture,North,324,40,101,63,498.68,15,Rainy,Yes,459.6,Winter
2024-02-06,S020,P0359,Stationery,West,314,39,48,44,536.81,10,Storm,No,509.46,Winter
2024-08-13,S012,P0327,Clothing,Central,395,110,161,144,500.22,5,Cloudy,Yes,528.79,Winter
2024-07-08,S003,P0086,Furniture,East,277,94,153,123,741.7,5,Storm,Yes,708.72,Winter
2025-11-13,S006,P0348,Electronics,Central,262,59,71,70,185.74,10,Cloudy,No,223.87,Winter
2025-05-15,S010,P0428,Furniture,Central,467,36,63,56,54.72,0,Rainy,Yes,61.45,Winter
2024-04-12,S009,P0340,Food,East,175,107,165,144,458.09,10,Cloudy,No,507.07,Winter
2024-12-27,S009,P0352,Medical,North,174,95,139,106,776.78,20,Rainy,No,775.22,Summer
2025-11-06,S003,P0100,Food,North,92,50,72,71,251.92,15,Cloudy,No,237.86,Summer
2024-09-28,S009,P0159,Furniture,North,486,91,124,103,397.12,15,Cloudy,Yes,441.65,Spring
2025-04-10,S005,P0239,Stationery,South,310,106,168,146,295.52,0,Cloudy,Yes,295.41,Monsoon
2025-05-13,S019,P0064,Electronics,West,167,13,21,21,459.32,5,Cloudy,Yes,437.62,Spring
2024-12-26,S017,P0341,Medical,South,358,111,104,101,258.92,10,Sunny,No,296.79,Summer
2024-07-20,S008,P0416,Stationery,West,241,79,92,74,226.67,15,Storm,No,269.96,Winter
2024-09-24,S011,P0412,Medical,South,491,43,90,71,181.57,15,Rainy,No,199.46,Summer
2025-03-02,S015,P0280,Furniture,West,303,30,58,39,94.74,20,Storm,Yes,137.45,Summer
2025-06-23,S014,P0239,Food,West,246,93,135,103,935.53,10,Storm,Yes,932.37,Winter
2025-03-07,S012,P0066,Medical,Central,65,101,138,99,907.78,5,Cloudy,Yes,915.81,Spring
2024-05-08,S002,P0044,Electronics,East,226,90,109,80,809.41,20,Sunny,No,805.43,Winter
2024-10-24,S017,P0379,Stationery,North,309,66,121,100,865.67,0,Rainy,Yes,889.72,Spring
2024-05-19,S001,P0413,Food,Central,134,119,192,152,853.73,10,Rainy,Yes,866.55,Winter
2024-01-01,S001,P0427,Medical,West,98,82,112,79,105.9,5,Storm,Yes,66.26,Winter
2024-11-03,S020,P0349,Food,Central,227,66,82,67,843.3,20,Sunny,No,819.33,Summer
2025-10-13,S016,P0149,Clothing,North,31,28,42,27,179.07,20,Storm,No,149.11,Monsoon
2025-02-04,S010,P0235,Electronics,Central,217,94,119,90,422.73,15,Storm,Yes,387.55,Monsoon
2024-02-04,S015,P0452,Stationery,West,350,88,159,120,450.03,10,Cloudy,Yes,496.31,Summer
2025-01-01,S003,P0090,Stationery,South,276,114,149,136,355.35,20,Cloudy,No,344.41,Spring
2024-05-23,S016,P0193,Food,Central,162,105,162,143,924.24,0,Rainy,No,965.86,Summer
2025-12-15,S001,P0437,Stationery,South,185,80,129,107,588.65,15,Rainy,Yes,545.41,Winter
2025-05-26,S006,P0373,Food,West,498,91,131,111,762.31,5,Sunny,Yes,722.85,Monsoon
2024-04-27,S001,P0473,Furniture,East,39,113,154,150,447.11,10,Sunny,No,457.76,Spring
2024-05-16,S010,P0116,Furniture,South,346,78,115,103,203.76,15,Storm,Yes,197.51,Winter
2025-08-19,S012,P0397,Food,Central,32,85,123,117,211.5,5,Sunny,No,250.83,Summer
2025-11-29,S016,P0257,Clothing,East,393,98,162,129,501.21,5,Rainy,Yes,508.25,Spring
2025-03-13,S004,P0256,Furniture,North,340,53,83,47,87.36,20,Cloudy,Yes,67.18,Summer
2024-10-23,S006,P0496,Clothing,North,492,111,141,117,706.24,0,Rainy,No,743.48,Spring
2025-09-25,S002,P0174,Food,East,49,74,115,108,586.94,10,Rainy,No,602.26,Winter
2024-05-22,S003,P0413,Medical,Central,124,75,132,111,924.93,0,Sunny,No,898.49,Winter
2025-03-02,S009,P0371,Electronics,North,326,99,133,128,888.64,15,Sunny,No,933.3,Summer
2025-10-27,S002,P0014,Furniture,Central,199,60,99,80,783.73,5,Storm,Yes,735.87,Spring
2024-02-23,S004,P0225,Electronics,Central,218,103,125,117,435.42,15,Cloudy,No,440.37,Summer
2024-12-17,S018,P0291,Electronics,North,243,12,31,17,101.07,0,Rainy,Yes,73.78,Winter
2024-02-28,S008,P0150,Furniture,Central,84,61,80,62,53.28,10,Storm,No,63.52,Winter
2025-11-03,S008,P0228,Stationery,East,59,14,54,20,213.8,10,Cloudy,No,253.56,Summer
2025-06-23,S014,P0362,Medical,West,477,39,83,49,508.41,0,Cloudy,Yes,493.07,Summer
2024-05-20,S005,P0019,Furniture,West,450,71,94,75,744.49,5,Storm,Yes,706.76,Winter
2025-05-25,S003,P0031,Clothing,Central,448,9,33,16,592.36,10,Storm,No,625.08,Winter
2025-01-26,S018,P0027,Stationery,East,216,61,67,53,213.67,5,Sunny,No,229.66,Winter
2025-09-15,S001,P0175,Stationery,Central,406,119,146,130,812.14,20,Storm,No,783.79,Winter
2024-04-21,S019,P0369,Medical,Central,303,54,108,90,859.93,20,Cloudy,Yes,856.28,Spring
2025-04-23,S008,P0395,Medical,East,401,35,33,33,287.89,10,Cloudy,No,246.44,Winter
2025-09-22,S010,P0292,Stationery,East,160,51,74,58,784.6,20,Cloudy,Yes,735.83,Spring
2025-04-18,S018,P0112,Food,North,28,61,80,51,46.63,10,Sunny,No,44.65,Monsoon
2024-03-06,S006,P0076,Medical,North,245,28,51,34,266.95,15,Rainy,Yes,229.67,Winter
2024-07-07,S002,P0488,Stationery,East,370,69,124,87,324.16,20,Cloudy,Yes,345.9,Monsoon
2025-07-07,S004,P0262,Electronics,South,387,10,53,38,356.23,0,Rainy,No,356.92,Monsoon
2025-11-28,S020,P0404,Clothing,East,232,14,72,45,877.09,5,Storm,No,829.56,Spring
2024-10-28,S001,P0055,Medical,South,338,8,31,8,54.16,5,Cloudy,No,95.35,Summer
2025-01-22,S008,P0290,Medical,Central,445,79,80,71,387.28,0,Storm,Yes,432.8,Winter
2025-09-13,S019,P0151,Furniture,East,261,89,145,112,446.61,10,Rainy,No,416.11,Summer
2025-04-11,S012,P0287,Medical,North,181,100,112,97,450.56,15,Cloudy,No,436.75,Summer
2025-04-04,S008,P0398,Food,Central,422,58,98,62,829.54,5,Rainy,No,872.11,Monsoon
2024-12-15,S007,P0461,Furniture,West,180,20,41,15,426.81,5,Sunny,Yes,434.41,Winter
2025-03-04,S014,P0013,Stationery,South,154,102,157,127,745.43,5,Sunny,Yes,782.38,Spring
2025-03-08,S011,P0303,Medical,Central,201,21,71,36,249.02,10,Sunny,Yes,210.92,Winter
2024-12-29,S016,P0359,Furniture,South,249,57,115,87,743.29,15,Sunny,Yes,722.22,Winter
2025-08-30,S019,P0144,Electronics,South,323,52,114,85,385.58,15,Cloudy,No,353.25,Monsoon
2024-02-19,S013,P0164,Furniture,South,308,71,131,94,513.15,15,Sunny,Yes,491.68,Spring
2025-06-15,S010,P0141,Food,West,162,78,127,107,108.47,10,Rainy,Yes,75.03,Monsoon
2024-09-22,S018,P0430,Medical,South,330,101,111,97,669.77,5,Sunny,Yes,629.37,Summer
2024-01-07,S015,P0267,Furniture,West,270,111,125,102,211.11,20,Cloudy,Yes,203.76,Winter
2025-03-31,S004,P0496,Clothing,North,475,60,97,81,96.0,5,Rainy,Yes,145.31,Monsoon
2024-06-09,S003,P0362,Stationery,East,279,47,83,54,634.32,20,Sunny,No,651.53,Winter
2025-12-23,S001,P0126,Furniture,Central,426,71,93,81,843.02,0,Storm,Yes,887.94,Summer
2024-09-28,S003,P0487,Medical,South,260,24,56,45,736.23,10,Sunny,No,699.41,Winter
2025-05-17,S019,P0121,Stationery,East,305,83,97,86,48.42,10,Storm,Yes,59.76,Monsoon
2024-08-25,S018,P0247,Clothing,North,468,42,105,74,495.32,15,Rainy,Yes,505.1,Monsoon
2025-03-05,S004,P0178,Stationery,West,248,46,78,51,124.66,15,Rainy,No,170.29,Spring
2025-09-07,S014,P0032,Medical,East,230,92,98,97,298.02,20,Cloudy,No,269.53,Spring
2025-02-04,S008,P0174,Stationery,North,434,61,103,78,268.09,0,Cloudy,No,244.92,Spring
2024-08-14,S020,P0313,Clothing,South,313,117,151,117,214.14,0,Sunny,Yes,258.93,Spring
2024-04-02,S002,P0266,Furniture,East,419,95,128,106,769.17,20,Rainy,Yes,725.52,Spring
2024-08-22,S008,P0482,Electronics,North,168,107,130,107,338.19,5,Sunny,Yes,343.49,Spring
2025-05-11,S004,P0417,Food,West,41,25,52,33,34.0,5,Rainy,No,-12.62,Winter
2024-03-19,S005,P0049,Stationery,Central,57,69,131,105,29.95,20,Storm,Yes,40.44,Monsoon
2024-11-27,S009,P0497,Stationery,Central,237,70,108,107,309.13,15,Storm,No,279.4,Monsoon
2025-03-15,S018,P0260,Furniture,West,67,33,84,49,285.77,10,Sunny,No,326.54,Spring
2025-01-16,S013,P0395,Furniture,West,410,74,115,109,457.75,20,Cloudy,No,505.27,Winter
2025-10-20,S007,P0443,Food,Central,179,47,86,46,976.06,0,Rainy,Yes,982.15,Summer
2025-02-16,S002,P0393,Food,East,335,112,165,132,725.8,20,Storm,No,751.86,Monsoon
2024-06-03,S007,P0387,Medical,West,38,46,116,80,602.74,0,Storm,No,579.55,Summer
2024-11-25,S014,P0359,Electronics,West,256,95,147,115,559.26,0,Rainy,Yes,601.38,Summer
2025-06-16,S014,P0254,Furniture,Central,403,20,32,20,443.23,0,Storm,Yes,397.14,Spring
2025-02-12,S020,P0456,Clothing,Central,24,42,66,39,995.79,10,Rainy,Yes,998.04,Monsoon
2025-06-19,S007,P0480,Clothing,South,370,31,83,60,524.19,10,Rainy,No,521.4,Winter
2024-11-21,S007,P0103,Stationery,North,233,27,56,26,76.38,0,Storm,No,57.56,Winter
2024-03-03,S012,P0322,Electronics,South,339,64,102,92,76.1,20,Cloudy,No,114.43,Spring
2025-08-21,S007,P0040,Medical,South,393,44,96,57,769.32,10,Sunny,Yes,775.43,Monsoon
2024-07-01,S013,P0170,Medical,Central,154,77,81,73,798.92,20,Cloudy,No,813.4,Summer
2024-06-21,S006,P0244,Electronics,East,21,105,122,109,100.42,20,Sunny,Yes,65.07,Summer
2025-06-07,S008,P0287,Food,West,433,61,108,78,333.82,20,Storm,No,359.82,Monsoon
2024-11-15,S006,P0485,Stationery,East,449,71,114,81,87.42,20,Rainy,No,121.64,Spring
2025-05-16,S006,P0013,Clothing,West,375,105,118,111,562.33,15,Cloudy,No,577.54,Summer
2025-09-23,S012,P0270,Furniture,North,306,117,143,119,380.46,0,Cloudy,No,350.04,Winter
2025-01-12,S016,P0204,Electronics,East,488,37,59,59,610.71,0,Cloudy,Yes,625.43,Winter
2025-04-27,S002,P0190,Electronics,Central,331,85,135,104,182.03,20,Rainy,Yes,212.77,Summer
2024-03-25,S018,P0143,Furniture,Central,234,111,111,108,448.94,0,Sunny,No,430.36,Monsoon
2025-12-27,S002,P0034,Furniture,Central,106,120,170,147,521.18,15,Rainy,No,512.82,Winter
2024-06-25,S001,P0160,Clothing,Central,247,10,55,17,206.7,20,Cloudy,Yes,197.63,Monsoon
2025-04-22,S003,P0094,Stationery,North,310,112,151,146,570.53,15,Rainy,No,529.35,Winter
2024-06-22,S008,P0158,Stationery,South,423,6,49,9,380.78,0,Rainy,No,418.5,Winter
2025-01-23,S007,P0140,Furniture,South,381,41,59,42,149.02,10,Cloudy,No,140.42,Spring
2024-09-27,S006,P0019,Medical,West,67,67,116,79,369.98,20,Rainy,Yes,364.95,Spring
2024-12-21,S009,P0047,Medical,South,350,108,159,141,215.37,20,Cloudy,Yes,220.53,Spring
2024-09-24,S011,P0191,Medical,West,36,19,82,42,194.56,5,Sunny,No,191.28,Winter
2025-10-06,S004,P0096,Clothing,East,203,116,116,106,427.19,10,Rainy,No,410.86,Summer
2024-01-23,S016,P0428,Furniture,East,244,108,166,137,597.64,15,Cloudy,No,620.74,Spring
2025-11-25,S014,P0397,Clothing,Central,225,43,49,35,765.54,20,Storm,Yes,726.33,Summer
2025-06-08,S005,P0340,Clothing,North,105,43,104,71,206.48,20,Sunny,No,231.67,Summer
2024-12-20,S006,P0155,Clothing,North,254,55,84,55,10.83,5,Rainy,Yes,-19.13,Summer
2025-03-23,S006,P0177,Electronics,West,66,97,111,102,687.87,10,Storm,Yes,638.36,Spring
2025-11-15,S011,P0391,Furniture,West,212,111,145,130,765.43,0,Cloudy,No,754.19,Spring
2025-09-03,S020,P0092,Furniture,East,221,73,89,67,493.43,20,Cloudy,No,446.12,Winter
2025-09-17,S002,P0109,Clothing,West,326,101,120,116,649.12,5,Sunny,No,649.11,Spring
2025-10-31,S014,P0092,Furniture,West,112,59,76,58,317.98,15,Sunny,No,271.46,Winter
2024-12-20,S005,P0295,Medical,West,371,98,119,94,805.51,0,Storm,Yes,771.6,Spring
2025-10-31,S004,P0310,Food,Central,363,56,76,73,309.92,10,Cloudy,No,334.13,Monsoon
2025-07-01,S003,P0077,Electronics,East,206,19,70,59,980.93,20,Cloudy,Yes,1006.89,Spring
2025-03-21,S002,P0456,Medical,East,44,64,74,72,130.34,15,Cloudy,No,126.37,Monsoon
2025-11-22,S001,P0229,Clothing,East,171,103,128,94,274.56,10,Sunny,Yes,260.25,Monsoon
2024-02-07,S005,P0325,Food,West,292,99,129,114,183.48,20,Cloudy,No,142.94,Spring
2025-12-06,S012,P0020,Furniture,Central,336,36,105,72,573.38,0,Sunny,No,531.03,Winter
2024-12-11,S009,P0370,Stationery,North,494,86,142,123,428.3,0,Storm,Yes,396.69,Summer
2025-08-07,S002,P0192,Medical,West,153,43,104,72,543.77,5,Rainy,No,563.2,Monsoon
2025-12-06,S006,P0348,Clothing,East,418,28,67,35,674.73,20,Sunny,No,664.6,Summer
2024-01-20,S011,P0050,Furniture,South,420,58,98,90,282.02,15,Sunny,No,291.93,Summer
2024-03-06,S020,P0169,Medical,West,333,41,115,77,828.71,20,Storm,Yes,820.79,Monsoon
2024-12-14,S006,P0345,Food,East,183,49,76,67,467.33,15,Storm,Yes,438.39,Winter
2025-10-08,S010,P0385,Clothing,West,269,76,93,88,215.48,20,Storm,Yes,202.4,Summer
2025-10-01,S001,P0385,Clothing,Central,319,26,77,55,569.24,15,Storm,Yes,618.82,Spring
2025-07-04,S004,P0293,Clothing,South,87,53,88,81,106.01,5,Rainy,No,77.14,Spring
2024-12-26,S011,P0258,Medical,Central,404,32,86,48,286.09,10,Storm,Yes,299.12,Spring
2025-05-21,S001,P0273,Clothing,West,407,64,100,72,165.4,5,Rainy,Yes,155.41,Spring
2025-08-17,S005,P0313,Medical,Central,354,58,100,74,196.99,0,Sunny,No,208.88,Winter
2024-11-28,S001,P0381,Medical,West,332,36,72,36,629.24,0,Rainy,Yes,674.42,Spring
2025-01-12,S010,P0034,Electronics,South,390,116,132,121,477.45,5,Storm,No,459.72,Summer
2025-12-01,S020,P0429,Clothing,South,328,61,77,66,973.08,20,Rainy,No,987.22,Winter
2024-01-08,S003,P0401,Food,East,403,9,68,42,868.39,15,Sunny,Yes,904.61,Spring
2025-05-07,S017,P0323,Stationery,West,443,97,108,90,813.55,0,Storm,Yes,799.89,Winter
2024-05-29,S012,P0212,Stationery,East,453,38,113,76,756.04,0,Rainy,Yes,778.24,Spring
2024-08-03,S009,P0176,Clothing,West,155,17,32,28,463.66,15,Cloudy,No,488.91,Monsoon
2025-08-04,S012,P0289,Clothing,East,160,81,81,73,156.54,10,Cloudy,Yes,109.13,Monsoon
2025-05-01,S010,P0440,Food,East,385,61,112,94,162.9,5,Rainy,Yes,127.55,Summer
2025-08-20,S017,P0208,Food,Central,175,23,50,50,266.83,20,Rainy,No,291.38,Summer
2025-08-24,S017,P0247,Furniture,West,456,69,112,79,380.62,15,Storm,Yes,395.46,Winter
2024-12-16,S004,P0333,Furniture,East,135,44,61,47,158.59,20,Storm,No,186.39,Winter
2025-06-20,S004,P0488,Clothing,Central,479,34,83,71,369.92,0,Sunny,No,359.77,Winter
2024-02-27,S008,P0117,Stationery,West,248,77,115,100,252.25,5,Rainy,Yes,271.22,Monsoon
2025-07-19,S005,P0268,Clothing,North,162,16,65,53,736.0,0,Rainy,Yes,776.61,Summer
2025-08-22,S003,P0101,Food,North,409,79,128,99,107.29,0,Storm,Yes,89.18,Spring
2024-07-21,S019,P0221,Electronics,West,71,74,114,101,602.31,10,Rainy,No,609.24,Winter
2024-09-14,S016,P0264,Clothing,East,406,57,102,85,497.68,5,Cloudy,Yes,480.54,Monsoon
2024-10-08,S006,P0250,Electronics,East,367,76,117,98,629.66,0,Storm,No,677.38,Summer
2024-07-02,S018,P0422,Furniture,South,53,102,138,119,103.62,15,Sunny,Yes,87.86,Summer
2024-11-10,S007,P0293,Stationery,South,276,44,87,54,477.16,10,Cloudy,Yes,519.92,Summer
2025-02-09,S016,P0335,Medical,West,422,26,65,26,665.96,10,Cloudy,Yes,711.63,Monsoon
2025-04-28,S011,P0231,Clothing,West,498,114,146,123,153.54,10,Storm,No,176.21,Winter
2025-02-17,S007,P0107,Stationery,East,48,57,77,69,975.24,10,Cloudy,No,927.19,Winter
2024-11-25,S020,P0258,Food,East,238,106,140,120,562.49,5,Sunny,Yes,592.24,Summer
2024-06-13,S013,P0353,Stationery,West,186,97,154,117,475.17,0,Rainy,No,503.29,Spring
2024-03-01,S010,P0057,Food,South,71,12,63,42,283.29,10,Sunny,No,277.1,Spring
2024-06-04,S008,P0168,Medical,Central,467,24,70,51,578.35,20,Cloudy,No,537.15,Winter
2024-05-23,S015,P0383,Furniture,South,415,103,117,97,957.63,10,Cloudy,No,998.14,Summer
2025-04-16,S014,P0219,Food,West,205,47,65,49,262.8,0,Sunny,Yes,226.83,Monsoon
2024-01-17,S016,P0145,Medical,East,309,60,84,52,874.35,10,Sunny,Yes,903.36,Winter
2025-07-25,S015,P0313,Stationery,South,419,19,53,43,800.61,0,Sunny,No,808.0,Monsoon
2025-04-21,S019,P0174,Food,Central,251,118,164,155,653.94,0,Storm,Yes,622.11,Spring
2025-08-11,S005,P0133,Furniture,Central,170,5,58,34,28.68,5,Cloudy,No,10.92,Summer
2025-08-11,S006,P0052,Electronics,Central,493,50,121,85,161.08,5,Sunny,Yes,131.69,Monsoon
2024-03-11,S014,P0139,Furniture,South,187,116,140,126,661.59,5,Cloudy,Yes,641.88,Summer
2025-03-26,S015,P0225,Food,South,83,111,126,125,449.51,5,Rainy,No,437.55,Winter
2024-04-05,S016,P0380,Medical,East,109,69,129,96,130.49,5,Cloudy,No,92.53,Summer
2024-08-03,S015,P0009,Electronics,West,66,107,152,129,483.2,20,Storm,No,444.4,Winter
2024-12-29,S003,P0334,Stationery,West,204,44,65,38,946.48,10,Storm,Yes,919.42,Monsoon
2025-10-24,S005,P0266,Furniture,South,479,46,47,38,848.94,5,Storm,Yes,855.4,Winter
2025-09-02,S014,P0089,Furniture,Central,430,31,86,68,377.99,15,Rainy,Yes,410.32,Monsoon
2024-04-22,S009,P0319,Clothing,North,422,25,47,16,212.04,15,Sunny,No,224.57,Winter
2025-04-26,S017,P0087,Furniture,North,37,99,124,98,56.03,15,Sunny,No,82.28,Summer
2024-04-04,S018,P0226,Furniture,Central,234,13,40,10,469.79,15,Sunny,No,505.4,Spring
2025-04-25,S020,P0343,Stationery,North,480,120,134,126,329.65,20,Storm,No,316.21,Summer
2024-05-08,S013,P0145,Medical,North,132,70,77,68,233.3,0,Rainy,Yes,257.62,Monsoon
2024-07-08,S017,P0265,Medical,East,393,89,119,98,713.36,15,Rainy,No,730.2,Spring
2025-01-18,S007,P0094,Electronics,South,358,23,52,50,750.46,15,Sunny,Yes,763.65,Summer
2025-02-10,S019,P0208,Food,South,185,6,62,32,489.01,10,Storm,No,457.78,Spring
2024-04-30,S006,P0131,Clothing,West,401,40,103,71,924.65,10,Storm,Yes,974.32,Monsoon
2025-06-15,S005,P0049,Furniture,West,154,13,76,53,432.25,0,Sunny,Yes,478.73,Monsoon
2024-05-09,S017,P0094,Food,Central,467,49,86,58,441.8,0,Rainy,Yes,488.43,Summer
2024-01-18,S017,P0269,Electronics,Central,121,98,157,135,530.32,5,Cloudy,Yes,536.61,Summer
2025-01-18,S005,P0277,Medical,West,101,17,60,50,638.56,20,Rainy,No,611.19,Winter
2025-02-14,S010,P0001,Electronics,East,171,54,103,77,894.81,15,Cloudy,Yes,877.0,Winter
2024-03-01,S008,P0201,Furniture,West,406,57,64,55,486.12,5,Storm,Yes,512.58,Summer
2024-12-24,S019,P0484,Stationery,South,56,33,48,40,893.71,0,Rainy,No,916.31,Summer
2025-11-19,S004,P0396,Stationery,Central,161,102,112,112,640.39,20,Storm,Yes,621.51,Spring
2024-11-01,S011,P0449,Clothing,North,440,20,83,44,459.82,0,Storm,No,497.84,Winter
2025-10-03,S008,P0268,Electronics,North,258,59,96,86,877.48,15,Cloudy,Yes,903.33,Spring
2025-12-19,S009,P0464,Clothing,Central,241,58,91,51,114.14,10,Cloudy,No,148.37,Monsoon
2024-12-31,S014,P0341,Clothing,North,62,6,33,2,250.32,15,Storm,No,222.46,Spring
2024-02-13,S008,P0185,Medical,Central,328,18,51,45,579.87,0,Storm,No,626.54,Winter
2024-12-21,S013,P0417,Stationery,West,351,105,152,123,577.61,20,Sunny,Yes,531.34,Summer
2024-01-25,S009,P0184,Stationery,East,342,47,61,43,921.46,0,Cloudy,Yes,944.37,Monsoon
2025-04-01,S006,P0108,Medical,Central,421,11,50,21,702.11,10,Cloudy,No,728.97,Monsoon
2024-06-25,S008,P0163,Clothing,North,452,68,84,63,358.29,20,Sunny,No,382.28,Monsoon
2025-09-28,S015,P0459,Clothing,South,274,86,111,87,210.13,15,Rainy,No,195.19,Winter
2024-04-24,S018,P0276,Furniture,West,117,79,120,88,703.23,20,Sunny,Yes,682.85,Winter
2024-04-02,S018,P0182,Food,South,384,81,138,113,853.69,5,Storm,Yes,875.28,Monsoon
2025-09-20,S005,P0342,Clothing,North,311,15,39,25,448.11,0,Storm,Yes,422.7,Summer
2024-09-08,S001,P0440,Medical,West,468,33,64,51,153.92,10,Storm,No,128.29,Summer
2025-02-26,S013,P0383,Clothing,East,115,113,173,136,405.62,20,Cloudy,No,444.48,Monsoon
2025-01-08,S008,P0408,Medical,Central,480,35,79,45,363.5,5,Rainy,Yes,345.67,Spring
2025-07-02,S008,P0239,Clothing,Central,180,18,60,46,722.91,20,Sunny,No,755.02,Spring
2025-05-24,S002,P0459,Clothing,West,322,60,64,54,31.89,15,Rainy,Yes,37.79,Monsoon
2024-03-07,S016,P0221,Stationery,South,388,40,82,66,947.88,0,Storm,Yes,969.24,Spring
2024-11-13,S017,P0485,Food,South,295,94,146,127,337.23,20,Cloudy,Yes,367.07,Winter
2025-12-30,S017,P0212,Stationery,South,406,50,84,77,776.87,0,Rainy,Yes,788.26,Summer
2024-07-04,S019,P0359,Stationery,West,35,88,116,109,338.47,0,Storm,No,383.08,Spring
2024-05-21,S009,P0256,Electronics,South,453,48,55,49,318.08,5,Cloudy,No,338.81,Summer
2024-08-20,S001,P0451,Medical,North,199,87,122,117,346.32,0,Sunny,No,348.71,Winter
2024-06-21,S019,P0289,Clothing,North,20,72,62,62,333.59,10,Rainy,Yes,286.36,Spring
2024-07-05,S019,P0091,Food,South,294,32,50,44,873.38,5,Rainy,No,883.35,Winter
2025-09-29,S004,P0179,Stationery,South,39,73,120,113,809.13,10,Rainy,Yes,852.63,Spring
2024-07-16,S015,P0484,Electronics,Central,328,24,74,53,938.44,20,Sunny,No,971.62,Summer
2025-01-09,S016,P0416,Stationery,Central,92,35,68,56,796.11,0,Sunny,Yes,781.94,Monsoon
2025-06-23,S010,P0165,Furniture,West,308,78,146,112,526.46,20,Rainy,No,540.78,Spring
2025-02-17,S016,P0313,Food,East,242,53,79,48,33.6,0,Storm,No,15.75,Winter
2025-06-24,S019,P0278,Furniture,East,445,10,17,12,314.05,20,Sunny,Yes,338.84,Winter
2024-11-06,S017,P0435,Furniture,Central,217,29,75,41,61.91,15,Cloudy,Yes,85.76,Summer
2024-04-11,S019,P0328,Medical,North,254,28,52,32,82.23,5,Sunny,No,81.76,Summer
2025-12-06,S013,P0424,Furniture,East,79,42,47,32,663.0,10,Storm,Yes,711.44,Summer
2024-05-25,S010,P0105,Stationery,East,326,36,81,65,883.13,15,Storm,Yes,901.17,Spring
2025-02-27,S013,P0022,Stationery,West,213,40,73,42,260.89,0,Rainy,Yes,273.54,Winter
2025-10-14,S009,P0490,Stationery,West,78,19,50,19,75.84,20,Cloudy,No,58.58,Monsoon
2025-08-06,S018,P0434,Food,South,153,18,63,56,400.96,5,Rainy,Yes,445.98,Spring
2025-05-05,S003,P0124,Food,Central,75,19,25,23,834.76,5,Cloudy,No,793.12,Summer
2025-03-28,S011,P0023,Medical,North,325,103,127,95,769.12,5,Rainy,No,795.97,Monsoon
2024-06-28,S017,P0033,Furniture,South,199,64,69,66,397.4,5,Rainy,No,442.08,Spring
2024-01-26,S005,P0281,Clothing,North,466,61,70,55,605.64,10,Sunny,Yes,611.33,Spring
2025-06-14,S005,P0462,Electronics,South,293,7,46,36,726.84,10,Sunny,No,713.88,Winter
2025-07-30,S002,P0289,Medical,North,49,109,159,123,128.45,5,Sunny,No,154.67,Spring
2024-10-16,S020,P0129,Clothing,West,371,83,125,97,911.14,5,Storm,Yes,929.43,Spring
2025-07-03,S013,P0132,Furniture,East,470,51,64,55,293.99,5,Sunny,No,340.29,Monsoon
2024-05-27,S012,P0107,Food,West,41,63,113,79,853.17,15,Storm,No,815.67,Spring
2025-03-30,S017,P0106,Furniture,South,218,64,98,77,332.75,15,Rainy,Yes,296.06,Monsoon
2025-04-19,S005,P0241,Electronics,Central,300,115,179,153,381.07,10,Storm,No,352.42,Spring
2024-02-22,S014,P0093,Food,North,122,32,78,43,891.03,15,Rainy,No,934.74,Summer
2024-10-06,S007,P0078,Food,East,401,92,127,118,644.83,20,Storm,Yes,673.02,Summer
2025-05-13,S003,P0044,Electronics,North,181,83,160,121,535.28,0,Sunny,No,552.9,Winter
2024-11-16,S003,P0186,Medical,East,496,120,144,132,746.15,5,Storm,No,726.91,Monsoon
2025-12-21,S005,P0084,Food,North,109,42,57,51,804.31,5,Storm,Yes,844.39,Spring
2025-12-17,S004,P0387,Electronics,South,163,93,105,98,667.23,5,Storm,No,708.15,Spring
2025-05-03,S019,P0293,Furniture,West,107,103,131,94,691.24,10,Sunny,No,734.33,Monsoon
2024-12-13,S013,P0470,Furniture,North,63,118,135,131,185.46,20,Rainy,No,165.47,Monsoon
2025-12-29,S019,P0214,Furniture,East,425,105,122,100,606.78,15,Cloudy,Yes,558.38,Monsoon
2025-06-16,S010,P0135,Food,West,482,8,49,29,906.76,0,Cloudy,Yes,921.7,Monsoon
2025-11-03,S020,P0006,Stationery,Central,254,89,105,84,555.76,5,Sunny,No,592.96,Spring
2024-07-23,S011,P0188,Medical,West,483,65,103,79,45.62,10,Storm,No,65.31,Summer
2024-12-20,S015,P0471,Stationery,North,388,38,75,63,493.94,10,Cloudy,Yes,452.27,Winter
2024-05-11,S019,P0411,Furniture,North,432,102,113,98,83.67,10,Sunny,Yes,40.17,Winter
2024-12-15,S011,P0403,Stationery,North,465,84,87,78,586.93,15,Sunny,Yes,600.03,Summer
2024-07-23,S008,P0108,Electronics,North,490,100,106,95,100.79,0,Storm,No,51.17,Summer
2025-05-02,S019,P0443,Electronics,West,438,30,96,65,609.4,5,Rainy,Yes,606.32,Winter
2024-06-29,S003,P0097,Furniture,East,121,38,71,37,579.68,5,Rainy,Yes,599.68,Spring
2025-10-12,S009,P0423,Clothing,South,448,80,126,88,418.16,10,Sunny,No,389.99,Monsoon
2024-06-14,S014,P0041,Stationery,West,53,12,37,6,350.78,0,Sunny,Yes,362.76,Monsoon
2025-08-25,S011,P0231,Clothing,West,414,51,123,85,681.41,0,Cloudy,No,688.33,Monsoon
2025-05-15,S012,P0210,Food,West,180,74,123,111,235.83,5,Cloudy,No,190.1,Spring
2025-04-20,S011,P0196,Stationery,South,251,24,47,23,425.4,0,Storm,No,462.74,Winter
2025-03-20,S001,P0201,Food,South,425,109,152,141,159.53,5,Cloudy,No,131.23,Summer
2024-01-23,S007,P0250,Medical,West,274,55,74,55,831.48,20,Storm,No,809.25,Summer
2025-05-14,S020,P0149,Furniture,South,360,12,30,24,76.24,10,Storm,Yes,96.84,Spring
2025-05-17,S014,P0314,Electronics,Central,26,44,84,74,345.19,10,Rainy,No,363.6,Monsoon
2025-01-17,S015,P0190,Food,South,433,93,114,91,569.67,15,Rainy,No,525.98,Summer
2024-11-16,S007,P0462,Furniture,East,344,120,157,140,559.45,20,Rainy,Yes,588.83,Summer
2025-05-15,S005,P0320,Clothing,North,308,65,76,56,515.85,0,Storm,No,504.26,Monsoon
2024-03-09,S012,P0435,Electronics,West,250,54,105,93,793.37,10,Rainy,Yes,814.56,Winter
2024-12-01,S016,P0161,Medical,Central,202,110,169,139,566.26,10,Rainy,Yes,611.93,Winter
2024-10-29,S013,P0217,Stationery,North,395,12,61,49,528.27,20,Cloudy,No,506.52,Summer
2024-05-27,S005,P0229,Stationery,West,171,8,27,1,87.92,15,Rainy,No,115.5,Monsoon
2024-04-20,S006,P0301,Furniture,East,499,40,76,59,205.8,20,Sunny,Yes,201.13,Winter
2024-11-30,S014,P0331,Clothing,West,302,66,88,79,322.12,15,Rainy,No,327.13,Winter
2025-10-21,S005,P0255,Electronics,North,164,46,108,72,48.99,20,Rainy,Yes,4.58,Winter
2025-06-19,S014,P0176,Electronics,West,103,96,106,101,757.11,10,Storm,Yes,740.93,Spring
2025-10-19,S015,P0082,Electronics,East,424,55,98,89,552.62,0,Rainy,Yes,584.06,Winter
2025-10-22,S002,P0113,Furniture,South,369,76,70,67,646.47,5,Rainy,No,644.34,Monsoon
2025-01-31,S014,P0282,Electronics,North,407,86,143,118,29.06,10,Rainy,Yes,28.28,Summer
2024-08-23,S017,P0461,Furniture,West,318,67,79,57,704.81,20,Rainy,Yes,742.97,Winter
2025-10-04,S007,P0387,Medical,East,401,84,109,92,560.7,20,Cloudy,Yes,549.54,Monsoon
2024-09-23,S017,P0395,Food,South,221,20,69,51,457.13,15,Rainy,Yes,467.47,Winter
2025-01-31,S010,P0427,Stationery,South,431,18,68,55,208.14,20,Cloudy,No,231.71,Spring
2024-02-25,S001,P0159,Electronics,South,351,85,125,89,891.3,10,Rainy,No,862.98,Summer
2025-05-26,S006,P0472,Food,West,388,54,110,90,463.31,15,Cloudy,Yes,473.49,Winter
2025-09-23,S001,P0156,Food,West,74,118,109,108,623.08,0,Rainy,Yes,667.76,Winter
2025-01-11,S014,P0335,Electronics,East,130,87,116,89,744.43,10,Sunny,Yes,702.04,Monsoon
2024-05-25,S016,P0090,Electronics,North,154,63,73,66,920.21,0,Sunny,Yes,958.24,Spring
2025-08-16,S005,P0111,Electronics,West,375,76,100,83,32.33,20,Storm,Yes,30.3,Winter
2025-05-24,S002,P0337,Electronics,East,241,111,156,130,183.27,0,Cloudy,No,190.95,Summer
2024-09-30,S002,P0448,Medical,West,32,90,109,97,242.47,15,Storm,Yes,273.51,Winter
2024-10-20,S012,P0338,Clothing,Central,206,16,67,44,461.69,15,Rainy,No,466.15,Monsoon
2025-02-20,S005,P0417,Stationery,West,109,79,117,94,472.81,10,Storm,No,499.54,Spring
2024-03-29,S018,P0442,Stationery,South,328,37,56,35,925.47,15,Sunny,No,920.55,Summer
2025-09-05,S007,P0423,Stationery,West,194,74,114,104,852.59,20,Sunny,No,816.54,Winter
2025-05-28,S006,P0379,Furniture,East,298,10,39,33,579.71,10,Storm,Yes,623.16,Monsoon
2025-01-17,S004,P0116,Stationery,West,300,55,103,78,226.88,10,Rainy,Yes,251.86,Winter
2025-05-31,S013,P0156,Furniture,Central,429,18,48,39,916.69,10,Sunny,Yes,890.87,Winter
2024-01-17,S015,P0487,Electronics,West,35,42,52,39,193.86,0,Cloudy,No,150.56,Winter
2025-12-15,S019,P0471,Food,Central,325,43,78,54,381.17,10,Sunny,No,374.02,Winter
2025-05-26,S004,P0217,Stationery,Central,183,49,56,40,703.63,15,Cloudy,No,728.92,Winter
2025-01-24,S008,P0371,Stationery,North,39,67,110,105,480.12,20,Storm,No,439.32,Monsoon
2024-09-04,S014,P0049,Electronics,South,329,65,77,57,316.72,15,Sunny,No,288.38,Winter
2025-05-29,S002,P0130,Medical,North,112,64,107,71,394.3,20,Storm,Yes,409.67,Spring
2024-10-27,S005,P0496,Electronics,South,457,25,35,17,605.11,15,Storm,No,566.08,Summer
2024-01-06,S008,P0175,Stationery,Central,218,104,152,141,774.74,0,Storm,Yes,754.97,Spring
2025-12-18,S015,P0255,Clothing,West,486,19,25,15,147.81,20,Sunny,No,154.09,Winter
2025-03-04,S003,P0135,Stationery,East,262,9,43,16,561.71,15,Storm,No,518.4,Summer
2024-05-20,S018,P0192,Medical,East,81,8,13,8,574.72,5,Storm,Yes,569.33,Summer
2025-08-19,S013,P0006,Clothing,North,231,19,46,44,239.93,5,Sunny,Yes,219.96,Monsoon
2025-08-22,S007,P0097,Stationery,West,291,6,23,15,326.33,5,Storm,No,362.39,Summer
2024-04-11,S005,P0440,Medical,South,108,54,119,79,630.76,0,Sunny,No,595.37,Winter
2025-08-02,S009,P0209,Electronics,West,104,36,92,66,841.37,10,Sunny,No,885.13,Spring
2024-01-29,S008,P0384,Furniture,West,118,90,149,126,396.87,20,Storm,Yes,430.51,Summer
2025-09-05,S018,P0044,Stationery,South,286,41,66,62,438.41,0,Sunny,No,430.14,Monsoon
2025-02-06,S010,P0438,Food,Central,163,64,116,95,310.46,20,Storm,No,320.99,Summer
2025-04-25,S003,P0129,Stationery,East,192,16,81,50,975.47,20,Cloudy,No,977.17,Summer
2024-11-16,S007,P0423,Clothing,Central,494,120,145,130,570.35,10,Storm,No,617.58,Monsoon
2025-09-04,S010,P0098,Stationery,East,237,90,134,122,770.63,5,Cloudy,Yes,800.85,Spring
2025-08-18,S011,P0094,Stationery,West,286,27,42,24,642.21,5,Cloudy,Yes,652.02,Spring
2025-05-10,S003,P0130,Electronics,West,387,39,94,65,542.03,5,Storm,Yes,517.5,Winter
2024-07-12,S009,P0262,Medical,West,435,37,87,58,935.4,20,Rainy,No,943.76,Winter
2025-03-13,S005,P0093,Electronics,East,341,67,101,95,481.6,15,Sunny,Yes,462.91,Winter
2024-10-11,S014,P0105,Electronics,Central,75,75,116,99,136.15,0,Sunny,Yes,178.72,Winter
2024-12-11,S020,P0293,Clothing,Central,339,97,122,104,435.5,5,Cloudy,Yes,407.54,Summer
2024-01-24,S020,P0009,Furniture,North,303,79,103,89,180.12,15,Cloudy,No,150.43,Winter
2024-04-07,S006,P0470,Furniture,East,146,113,143,129,249.6,20,Sunny,Yes,216.16,Summer
2025-11-18,S004,P0434,Electronics,West,177,60,125,87,851.09,15,Storm,No,822.43,Summer
2025-01-28,S016,P0224,Medical,East,455,83,145,121,32.8,10,Cloudy,Yes,3.31,Spring
2025-06-03,S020,P0429,Stationery,West,335,54,110,72,213.41,5,Rainy,No,233.76,Summer
2024-08-11,S013,P0308,Food,North,180,50,82,65,256.28,10,Rainy,Yes,296.13,Spring
2025-12-31,S014,P0371,Food,West,429,7,57,21,351.73,15,Sunny,No,303.78,Monsoon
2024-12-22,S019,P0331,Medical,Central,137,39,68,52,483.75,5,Rainy,Yes,455.66,Spring
2025-01-08,S018,P0026,Clothing,North,44,102,111,106,710.03,5,Cloudy,No,669.27,Summer
2024-10-27,S010,P0086,Medical,North,92,114,148,131,872.3,5,Rainy,Yes,845.21,Winter
2025-08-09,S006,P0121,Electronics,South,355,105,156,145,295.36,15,Sunny,Yes,339.56,Winter
2024-10-02,S012,P0371,Furniture,South,438,105,140,106,132.9,15,Rainy,Yes,138.24,Winter
2024-11-29,S002,P0202,Furniture,South,457,26,82,65,518.11,0,Sunny,No,518.2,Summer
2024-05-15,S015,P0090,Stationery,North,143,115,166,143,578.13,10,Rainy,Yes,574.37,Winter
2024-03-09,S013,P0282,Medical,West,213,22,30,12,466.16,15,Storm,No,483.91,Spring
2024-09-14,S007,P0038,Medical,East,288,57,89,57,859.35,5,Cloudy,Yes,889.83,Spring
2025-01-26,S007,P0223,Stationery,South,212,43,57,56,321.4,5,Storm,Yes,346.43,Monsoon
2025-02-09,S015,P0365,Food,East,145,23,28,14,904.63,10,Rainy,No,903.31,Summer
2025-03-01,S012,P0239,Food,West,46,36,75,35,923.52,10,Sunny,No,910.92,Monsoon
2025-06-08,S017,P0085,Electronics,North,302,66,88,58,77.08,10,Rainy,No,46.43,Winter
2024-01-26,S020,P0236,Clothing,Central,280,32,95,62,377.55,15,Cloudy,No,367.89,Monsoon
2024-02-22,S017,P0019,Stationery,Central,430,71,105,98,884.7,15,Sunny,Yes,878.04,Spring
2024-12-04,S007,P0048,Medical,West,358,96,154,114,274.43,5,Cloudy,No,300.64,Summer
2024-02-12,S005,P0219,Medical,Central,42,43,41,33,202.55,20,Cloudy,Yes,171.92,Winter
2024-03-08,S006,P0474,Stationery,West,103,114,122,106,729.97,0,Sunny,Yes,701.88,Spring
2024-12-16,S018,P0456,Stationery,East,335,98,141,111,956.11,10,Cloudy,Yes,963.81,Monsoon
2025-08-31,S011,P0482,Medical,East,418,119,138,124,816.78,15,Storm,No,815.12,Winter
2025-08-28,S008,P0451,Furniture,West,173,107,119,113,825.83,20,Rainy,Yes,798.19,Monsoon
2025-02-26,S020,P0247,Stationery,North,400,56,108,72,337.9,0,Cloudy,Yes,312.15,Spring
2025-02-19,S012,P0061,Clothing,South,437,60,85,59,478.44,0,Storm,No,461.82,Spring
2025-08-25,S011,P0082,Medical,East,129,56,88,73,293.6,20,Storm,Yes,324.05,Winter
2024-03-25,S003,P0479,Stationery,South,62,106,143,143,158.55,15,Sunny,Yes,157.81,Spring
2024-06-30,S003,P0021,Furniture,East,36,22,53,30,681.95,10,Cloudy,Yes,698.56,Winter
2025-08-19,S013,P0422,Food,North,62,10,39,39,823.22,5,Cloudy,No,852.17,Winter
2025-09-19,S017,P0050,Food,Central,165,22,45,16,610.11,10,Rainy,No,575.85,Winter
2025-02-06,S017,P0157,Clothing,West,456,48,90,80,697.96,15,Storm,Yes,683.84,Monsoon
2025-11-13,S002,P0301,Electronics,South,187,31,65,36,157.23,5,Sunny,No,110.91,Summer
2024-06-01,S016,P0223,Food,North,390,14,43,22,690.85,20,Cloudy,Yes,664.78,Spring
2025-11-02,S009,P0200,Furniture,West,37,51,76,51,199.57,0,Storm,No,154.46,Monsoon
2025-04-05,S006,P0004,Furniture,East,88,109,146,119,661.82,20,Storm,Yes,698.63,Spring
2024-12-08,S007,P0370,Furniture,West,95,10,23,8,517.66,15,Sunny,Yes,563.37,Monsoon
2025-12-29,S017,P0104,Furniture,South,195,107,159,136,343.81,0,Cloudy,No,342.09,Spring
2025-06-25,S019,P0281,Clothing,Central,322,83,124,112,440.59,0,Storm,Yes,436.09,Monsoon
2024-12-06,S014,P0476,Food,Central,29,57,124,84,965.43,0,Rainy,No,962.88,Summer
2025-04-05,S009,P0003,Medical,South,155,43,76,74,818.57,20,Sunny,Yes,793.98,Spring
2024-09-01,S018,P0482,Food,North,223,5,25,22,959.05,10,Cloudy,Yes,962.58,Spring
2025-08-17,S013,P0288,Stationery,East,129,73,140,105,294.68,0,Rainy,Yes,330.2,Winter
2025-12-02,S009,P0087,Stationery,East,239,15,41,26,947.11,0,Cloudy,No,907.06,Summer
2025-03-12,S018,P0355,Medical,North,124,98,121,98,106.63,10,Sunny,Yes,87.58,Winter
2024-01-04,S011,P0063,Medical,Central,142,13,69,52,965.49,0,Storm,Yes,991.98,Spring
2025-11-15,S013,P0413,Furniture,Central,334,40,85,80,362.7,0,Cloudy,Yes,348.02,Winter
2024-03-05,S012,P0016,Clothing,West,103,23,44,34,526.87,20,Storm,Yes,496.29,Spring
2024-08-05,S003,P0500,Stationery,South,105,29,98,58,488.59,20,Storm,No,513.36,Spring
2024-11-25,S012,P0009,Stationery,East,348,52,56,54,46.02,5,Cloudy,No,-3.61,Winter
2024-11-18,S004,P0304,Furniture,West,461,64,67,59,844.59,20,Storm,No,846.64,Winter
2025-10-01,S014,P0151,Electronics,North,435,9,89,49,323.9,10,Sunny,No,327.61,Summer
2025-12-13,S017,P0187,Electronics,West,152,109,132,123,287.86,15,Cloudy,No,335.99,Spring
2024-01-24,S020,P0307,Electronics,East,33,41,62,51,714.68,5,Sunny,Yes,757.82,Monsoon
2024-12-07,S008,P0026,Clothing,East,182,118,126,115,580.65,20,Sunny,No,610.69,Monsoon
2024-04-12,S011,P0138,Stationery,North,478,56,96,94,318.77,15,Rainy,Yes,278.07,Winter
2025-08-25,S004,P0136,Furniture,Central,22,18,40,38,474.53,10,Rainy,Yes,465.13,Monsoon
2024-06-21,S005,P0087,Stationery,Central,114,88,120,114,634.53,0,Rainy,No,631.56,Winter
2025-11-28,S008,P0031,Food,South,287,117,160,124,796.71,5,Storm,Yes,795.98,Monsoon
2024-12-18,S020,P0439,Electronics,West,89,56,109,83,911.64,10,Cloudy,No,888.58,Winter
2024-04-27,S019,P0062,Stationery,South,227,80,98,82,694.39,20,Rainy,Yes,662.83,Summer
2024-09-12,S009,P0492,Electronics,Central,401,10,50,46,687.23,5,Sunny,Yes,733.75,Winter
2025-12-13,S004,P0445,Clothing,East,27,57,74,53,214.27,5,Storm,No,178.97,Monsoon
2025-03-30,S008,P0251,Food,East,359,30,69,60,214.71,10,Storm,Yes,183.51,Monsoon
2024-01-04,S017,P0149,Furniture,West,241,64,67,64,783.58,0,Sunny,No,808.41,Summer
2024-10-17,S015,P0179,Clothing,South,163,27,44,44,478.5,20,Storm,Yes,435.03,Monsoon
2025-05-03,S008,P0331,Food,West,219,39,69,39,228.36,5,Rainy,Yes,180.07,Winter
2024-10-01,S017,P0410,Clothing,West,389,52,91,75,693.01,10,Sunny,Yes,729.21,Winter
2024-09-04,S019,P0410,Medical,South,480,41,62,47,760.16,20,Storm,Yes,795.75,Summer
2024-01-21,S007,P0096,Electronics,East,187,103,172,137,425.53,10,Storm,No,375.68,Monsoon
2025-08-23,S016,P0320,Furniture,South,122,85,138,100,569.56,10,Cloudy,Yes,529.17,Monsoon
2024-12-31,S018,P0009,Stationery,North,261,102,141,107,340.09,5,Sunny,Yes,333.17,Summer
2025-02-24,S018,P0226,Stationery,South,463,10,42,13,418.24,0,Rainy,Yes,378.5,Summer
2025-01-14,S009,P0330,Medical,West,69,9,15,15,919.02,15,Rainy,Yes,881.05,Monsoon
2024-08-30,S008,P0023,Food,East,333,20,31,15,793.19,20,Rainy,Yes,817.83,Spring
2024-08-09,S019,P0143,Electronics,West,427,57,74,68,97.82,20,Cloudy,No,70.75,Spring
2025-07-23,S009,P0099,Furniture,South,376,26,23,17,980.9,20,Rainy,Yes,933.04,Summer
2024-07-19,S008,P0317,Furniture,North,443,31,41,33,302.05,0,Sunny,Yes,318.22,Monsoon
2025-10-04,S003,P0427,Furniture,West,407,117,174,155,836.4,15,Storm,Yes,801.79,Summer
2025-01-18,S005,P0213,Electronics,West,37,73,100,74,117.44,5,Rainy,Yes,88.62,Monsoon
2025-12-31,S019,P0169,Food,South,286,96,154,121,950.47,20,Rainy,No,990.37,Spring
2024-06-25,S001,P0101,Food,East,332,112,180,152,286.38,10,Storm,No,297.01,Winter
2025-08-18,S018,P0487,Electronics,Central,79,106,148,140,901.82,5,Storm,No,925.52,Summer
2024-02-24,S017,P0440,Medical,Central,285,28,66,52,800.95,5,Sunny,Yes,841.75,Winter
2024-12-13,S006,P0023,Food,West,288,73,84,68,268.53,20,Rainy,Yes,232.15,Summer
2025-12-16,S018,P0042,Stationery,East,345,16,48,39,628.59,0,Storm,Yes,620.8,Monsoon
2024-12-11,S001,P0043,Clothing,South,35,9,47,47,782.25,0,Sunny,Yes,818.54,Summer
2025-05-07,S020,P0014,Stationery,South,432,17,69,35,651.07,0,Cloudy,No,679.82,Spring
2025-11-19,S018,P0417,Furniture,Central,78,106,146,128,755.0,10,Storm,No,720.93,Spring
2025-06-18,S002,P0161,Food,West,486,103,106,97,183.97,10,Sunny,No,184.11,Spring
2024-01-27,S011,P0046,Clothing,Central,42,81,74,74,665.42,5,Cloudy,Yes,653.21,Spring
2025-01-21,S011,P0190,Stationery,North,308,20,51,25,157.78,10,Cloudy,No,158.95,Summer
2025-08-13,S007,P0124,Food,Central,212,98,125,90,717.15,15,Storm,No,672.45,Winter
2025-10-01,S002,P0476,Electronics,West,418,86,120,109,134.51,0,Cloudy,Yes,111.29,Winter
2024-09-24,S008,P0265,Furniture,West,340,98,115,104,552.0,15,Rainy,Yes,551.84,Spring
2024-10-01,S010,P0372,Furniture,Central,144,24,61,57,150.09,15,Cloudy,No,162.0,Monsoon
2024-06-11,S004,P0159,Clothing,North,30,36,60,52,374.57,20,Storm,Yes,367.66,Spring
2024-10-25,S002,P0096,Food,South,343,54,76,54,946.68,10,Cloudy,No,972.45,Summer
2024-10-27,S014,P0406,Clothing,East,118,115,152,151,671.98,15,Sunny,Yes,659.71,Winter
2025-01-12,S005,P0239,Medical,North,143,76,142,110,523.56,10,Cloudy,Yes,506.72,Monsoon
2025-12-04,S012,P0100,Medical,East,347,12,35,20,212.59,5,Cloudy,Yes,183.48,Spring
2024-08-15,S015,P0370,Electronics,Central,433,23,24,19,103.63,20,Sunny,Yes,99.1,Summer
2025-08-30,S011,P0116,Electronics,West,66,85,130,118,497.66,5,Sunny,Yes,488.16,Winter
2025-09-18,S017,P0440,Food,Central,409,69,110,90,991.51,0,Sunny,Yes,987.68,Summer
2024-08-01,S005,P0429,Medical,Central,440,8,38,1,115.68,15,Sunny,Yes,76.88,Spring
2024-12-07,S020,P0062,Stationery,West,261,86,151,120,271.25,10,Sunny,Yes,303.55,Spring
2025-01-11,S003,P0414,Electronics,Central,332,106,126,118,887.03,0,Cloudy,Yes,868.15,Monsoon
2024-08-19,S014,P0100,Furniture,South,138,55,108,78,349.52,0,Rainy,Yes,358.18,Winter
2024-09-02,S002,P0357,Stationery,East,251,40,72,51,424.09,0,Rainy,No,399.6,Winter
2025-01-10,S002,P0266,Stationery,North,342,7,67,46,245.27,15,Sunny,Yes,238.14,Spring
2024-01-19,S013,P0453,Medical,North,500,10,15,12,525.05,5,Sunny,No,511.18,Summer
2025-12-02,S009,P0460,Clothing,East,253,14,37,24,108.95,5,Sunny,No,135.71,Summer
2025-03-22,S005,P0319,Furniture,Central,312,18,79,39,848.96,15,Cloudy,No,875.27,Winter
2024-04-28,S011,P0153,Furniture,West,143,43,68,68,795.87,15,Rainy,No,823.89,Winter
2024-08-05,S012,P0232,Stationery,North,139,87,139,100,726.62,0,Sunny,No,686.87,Winter
2024-10-23,S019,P0414,Furniture,West,166,78,80,79,717.51,15,Storm,No,766.7,Monsoon
2025-07-19,S017,P0152,Furniture,Central,348,82,158,120,748.56,15,Cloudy,No,707.53,Summer
2024-05-30,S019,P0317,Furniture,South,189,77,91,73,31.06,20,Rainy,Yes,69.79,Summer
2024-08-16,S002,P0209,Medical,North,170,104,130,103,410.17,20,Storm,Yes,456.23,Spring
2025-10-17,S006,P0384,Furniture,East,80,63,127,101,972.62,0,Rainy,Yes,986.81,Monsoon
2025-11-17,S018,P0388,Electronics,East,359,82,110,95,899.54,20,Sunny,No,863.39,Spring
2025-11-10,S005,P0208,Medical,East,80,23,93,57,613.91,10,Rainy,No,566.9,Monsoon
2024-04-05,S007,P0008,Medical,West,421,75,125,89,384.51,15,Storm,Yes,397.55,Summer
2024-07-13,S007,P0398,Clothing,West,433,72,118,82,343.48,0,Rainy,Yes,318.67,Monsoon
2025-06-05,S008,P0001,Electronics,Central,159,85,78,77,834.2,5,Storm,No,832.04,Spring
2024-03-05,S007,P0417,Medical,East,48,19,81,57,508.86,0,Sunny,Yes,466.98,Winter
2025-01-19,S011,P0028,Food,West,290,12,58,41,89.3,20,Rainy,Yes,46.62,Spring
2025-10-19,S009,P0009,Food,West,230,85,87,84,732.68,5,Storm,No,746.43,Spring
2024-06-15,S020,P0071,Clothing,North,49,96,122,114,728.76,15,Sunny,No,745.9,Spring
2025-01-28,S009,P0012,Food,Central,492,11,47,11,702.29,20,Cloudy,Yes,658.97,Summer
2024-07-22,S006,P0104,Clothing,West,123,63,72,67,937.87,10,Sunny,No,923.66,Winter
2025-04-20,S004,P0113,Food,South,25,31,37,31,87.81,5,Cloudy,Yes,37.86,Spring
2025-05-22,S018,P0152,Clothing,East,299,78,114,90,130.05,5,Sunny,Yes,124.8,Monsoon
2024-02-18,S010,P0028,Furniture,West,92,115,148,130,515.17,0,Rainy,No,508.29,Winter
2025-02-11,S006,P0469,Furniture,North,260,73,78,69,905.99,15,Sunny,Yes,922.72,Winter
2025-05-18,S009,P0266,Food,South,477,110,171,137,829.05,0,Cloudy,No,841.88,Spring
2024-08-27,S006,P0279,Stationery,East,408,59,97,63,250.6,0,Storm,Yes,285.41,Monsoon
2024-08-22,S014,P0207,Stationery,North,313,101,120,119,497.9,20,Storm,No,502.36,Winter
2025-02-16,S001,P0187,Electronics,West,460,68,98,73,523.09,5,Rainy,Yes,559.1,Summer
2024-07-03,S012,P0008,Clothing,Central,134,85,117,97,677.14,0,Storm,Yes,726.36,Monsoon
2025-02-18,S019,P0072,Clothing,Central,311,24,64,60,527.61,5,Storm,No,484.89,Winter
2025-07-24,S010,P0402,Medical,North,322,73,129,112,242.87,20,Rainy,Yes,253.77,Winter
2024-12-04,S020,P0367,Stationery,East,428,9,51,37,665.69,20,Cloudy,Yes,659.01,Monsoon
2025-09-12,S010,P0178,Food,Central,192,113,189,150,517.08,0,Storm,Yes,531.81,Spring
2024-04-03,S018,P0394,Stationery,South,202,27,66,32,407.64,15,Sunny,No,405.4,Monsoon
2025-01-24,S018,P0253,Food,Central,419,14,47,43,722.21,15,Rainy,No,721.7,Spring
2024-06-06,S002,P0405,Stationery,Central,448,111,129,109,520.96,5,Cloudy,Yes,520.35,Spring
2025-10-20,S012,P0387,Food,West,115,92,137,122,374.99,10,Cloudy,No,413.29,Winter
2024-02-01,S011,P0437,Clothing,East,364,20,37,20,900.77,5,Cloudy,Yes,928.61,Spring
2025-04-16,S008,P0325,Furniture,Central,323,55,65,57,359.49,20,Cloudy,No,338.91,Summer
2024-07-18,S011,P0096,Medical,East,299,120,152,146,346.78,5,Storm,Yes,322.85,Monsoon
2025-02-02,S008,P0176,Medical,Central,105,78,103,78,946.6,5,Cloudy,Yes,983.43,Summer
2025-05-31,S016,P0266,Clothing,West,74,76,136,111,375.54,0,Cloudy,Yes,420.7,Monsoon
2025-05-14,S020,P0062,Stationery,Central,415,92,116,100,231.96,5,Sunny,Yes,212.62,Spring
2025-09-05,S009,P0407,Electronics,North,267,26,31,19,526.33,10,Cloudy,Yes,534.53,Spring
2024-11-10,S007,P0374,Furniture,East,65,46,83,54,116.45,10,Rainy,No,86.68,Spring
2025-06-21,S020,P0137,Furniture,North,69,35,80,52,853.04,0,Cloudy,Yes,804.65,Winter
2024-12-28,S017,P0243,Medical,North,110,63,116,77,533.92,0,Rainy,No,553.53,Winter
2024-10-05,S005,P0479,Clothing,Central,204,21,58,26,531.52,10,Storm,No,521.74,Winter
2024-11-28,S009,P0153,Furniture,South,462,103,162,130,421.36,15,Storm,No,425.25,Monsoon
2025-11-16,S011,P0404,Stationery,Central,163,74,125,104,735.56,15,Cloudy,Yes,782.01,Summer
2024-11-07,S001,P0452,Electronics,North,334,20,42,15,985.53,0,Rainy,No,949.14,Monsoon
2025-10-16,S004,P0410,Clothing,East,137,80,125,111,82.02,5,Sunny,Yes,45.13,Winter
2024-11-27,S006,P0350,Electronics,East,194,66,91,58,212.05,15,Cloudy,No,217.6,Spring
2025-01-30,S015,P0369,Clothing,West,320,84,150,119,152.63,5,Rainy,Yes,144.94,Summer
2025-01-10,S003,P0270,Furniture,South,453,70,117,107,920.05,10,Sunny,Yes,890.97,Summer
2024-03-05,S020,P0048,Electronics,West,84,30,67,58,879.88,0,Sunny,Yes,892.57,Summer
2025-03-01,S018,P0085,Food,West,154,67,80,67,720.37,15,Sunny,No,704.87,Summer
2024-07-04,S009,P0248,Furniture,West,480,49,98,69,327.64,10,Rainy,Yes,333.84,Monsoon
2024-05-25,S004,P0201,Electronics,Central,336,16,67,38,388.59,20,Rainy,No,362.7,Winter
2025-10-22,S007,P0475,Medical,Central,260,27,50,21,690.61,5,Rainy,Yes,684.9,Monsoon
2024-07-05,S006,P0490,Electronics,West,108,24,86,50,910.55,5,Cloudy,Yes,934.65,Monsoon
2024-08-29,S008,P0405,Medical,Central,303,75,89,74,897.74,10,Rainy,No,913.07,Monsoon
2024-09-30,S013,P0149,Furniture,North,233,20,70,41,739.74,15,Cloudy,No,711.63,Monsoon
2025-08-14,S015,P0310,Medical,West,435,104,164,125,718.34,0,Sunny,Yes,686.39,Summer
2025-03-26,S017,P0467,Food,North,55,25,39,18,254.02,20,Rainy,No,250.87,Monsoon
2024-05-21,S004,P0069,Clothing,West,316,76,114,99,139.36,0,Sunny,Yes,170.59,Summer
2024-02-08,S017,P0443,Medical,West,472,10,51,16,494.06,15,Cloudy,Yes,495.92,Monsoon
2025-11-14,S002,P0104,Electronics,East,283,50,66,51,641.05,15,Cloudy,Yes,683.48,Spring
2025-10-22,S006,P0489,Furniture,Central,61,109,171,135,327.53,15,Sunny,Yes,284.17,Summer
2025-10-20,S007,P0245,Clothing,Central,315,26,102,65,751.79,0,Rainy,Yes,711.04,Summer
2024-01-06,S020,P0496,Electronics,South,315,58,83,78,218.31,20,Storm,Yes,218.3,Summer
2024-06-04,S005,P0028,Electronics,Central,79,31,38,31,868.06,15,Sunny,Yes,859.07,Winter
2025-01-26,S015,P0070,Stationery,East,226,18,27,16,51.43,20,Storm,Yes,73.6,Summer
2025-09-29,S011,P0107,Medical,North,402,98,103,101,300.68,5,Rainy,No,293.82,Monsoon
2025-06-17,S018,P0350,Food,Central,73,24,80,62,184.38,0,Rainy,No,162.83,Winter
2025-08-13,S019,P0100,Stationery,East,360,46,53,44,600.36,15,Cloudy,No,563.24,Winter
2025-11-01,S019,P0255,Electronics,North,20,108,147,111,600.24,5,Rainy,No,628.16,Winter
2024-05-25,S010,P0391,Furniture,South,161,29,68,46,554.2,20,Sunny,No,540.87,Winter
2024-06-08,S016,P0119,Medical,West,33,23,46,43,428.24,10,Cloudy,Yes,439.67,Summer
2025-09-05,S008,P0067,Furniture,East,337,12,35,30,436.91,20,Sunny,No,389.15,Monsoon
2024-09-24,S010,P0017,Furniture,North,462,25,98,58,645.62,5,Sunny,Yes,665.74,Monsoon
2025-02-19,S010,P0319,Electronics,East,274,77,156,116,456.96,15,Storm,No,496.26,Monsoon
2024-10-18,S009,P0237,Food,North,237,112,128,113,258.77,0,Sunny,Yes,222.46,Winter
2024-05-01,S014,P0284,Furniture,North,428,105,134,127,48.34,0,Storm,No,78.95,Monsoon
2024-04-02,S012,P0230,Electronics,South,270,25,75,42,52.2,0,Sunny,Yes,53.89,Monsoon
2025-12-22,S008,P0028,Food,South,51,64,71,59,513.28,15,Cloudy,Yes,508.58,Winter
2024-10-21,S007,P0013,Electronics,Central,204,72,110,79,307.23,15,Storm,Yes,274.73,Monsoon
2025-06-28,S016,P0016,Furniture,North,460,72,127,105,452.35,15,Sunny,No,461.97,Summer
2025-11-18,S015,P0473,Clothing,West,431,116,167,155,610.89,5,Storm,No,643.15,Summer
2024-03-21,S016,P0010,Electronics,North,200,79,106,73,248.14,5,Cloudy,No,268.09,Spring
2025-03-11,S002,P0229,Medical,West,71,44,95,55,593.42,0,Storm,Yes,622.93,Monsoon
2024-02-08,S018,P0035,Stationery,Central,30,100,147,131,589.71,20,Cloudy,Yes,616.54,Monsoon
2024-09-12,S020,P0257,Electronics,Central,361,95,109,89,786.61,0,Cloudy,No,762.16,Spring
2025-09-12,S015,P0351,Electronics,West,290,68,112,98,651.55,5,Storm,No,647.87,Winter
2025-02-24,S016,P0246,Medical,East,484,53,58,49,224.12,10,Rainy,Yes,269.37,Summer
2024-11-26,S019,P0467,Electronics,Central,243,28,63,31,673.03,20,Storm,Yes,651.94,Winter
2025-12-29,S015,P0027,Medical,West,441,38,65,38,849.64,5,Rainy,Yes,802.27,Winter
2025-02-24,S018,P0484,Electronics,South,48,112,113,112,634.52,10,Cloudy,No,594.03,Summer
2024-04-24,S017,P0016,Electronics,Central,62,61,86,52,508.61,20,Storm,No,555.07,Monsoon
2025-07-01,S008,P0293,Food,Central,90,25,70,63,456.78,10,Cloudy,No,458.97,Winter
2025-07-06,S016,P0342,Electronics,South,108,12,19,3,544.69,15,Rainy,No,542.12,Winter
2024-11-02,S019,P0139,Furniture,Central,324,56,56,51,934.81,20,Storm,Yes,973.91,Spring
2025-02-05,S008,P0366,Electronics,East,316,90,150,110,59.53,0,Sunny,No,68.41,Winter
2024-12-29,S018,P0286,Furniture,East,238,10,66,31,645.9,5,Storm,No,644.65,Winter
2025-04-16,S014,P0360,Stationery,East,317,107,164,139,189.91,0,Storm,No,228.39,Summer
2024-09-28,S003,P0228,Electronics,South,499,83,101,100,272.99,20,Cloudy,Yes,254.23,Spring
2024-05-25,S018,P0065,Electronics,Central,101,50,92,77,827.26,15,Rainy,No,804.78,Spring
2025-06-29,S009,P0203,Food,South,376,69,112,73,50.68,15,Storm,Yes,14.43,Spring
2024-01-23,S004,P0301,Stationery,South,339,111,110,105,306.9,5,Cloudy,Yes,356.77,Summer
2025-02-21,S008,P0023,Clothing,East,75,34,67,37,722.52,0,Sunny,No,706.69,Monsoon
2025-12-18,S004,P0316,Electronics,West,31,26,56,39,752.97,15,Cloudy,Yes,717.43,Summer
2025-12-14,S016,P0460,Stationery,North,168,40,67,31,422.23,0,Rainy,No,419.23,Winter
2025-07-13,S009,P0041,Food,East,297,98,113,88,467.11,20,Storm,Yes,431.66,Summer
2024-11-30,S020,P0340,Medical,Central,338,28,83,43,382.77,10,Rainy,No,387.36,Spring
2024-11-15,S019,P0134,Clothing,North,496,69,119,83,319.23,0,Sunny,Yes,301.96,Summer
2025-09-05,S013,P0456,Stationery,North,367,28,51,21,994.74,5,Cloudy,Yes,1014.44,Winter
2025-04-30,S018,P0414,Food,South,60,59,95,92,234.8,20,Storm,No,238.58,Summer
2025-02-24,S020,P0029,Food,West,383,87,91,85,519.52,10,Sunny,Yes,502.29,Winter
2025-08-31,S019,P0129,Furniture,North,355,88,133,114,808.92,10,Cloudy,No,811.96,Spring
2025-11-29,S002,P0168,Food,East,462,40,115,80,617.26,15,Rainy,Yes,617.01,Monsoon
2024-11-18,S001,P0293,Food,East,236,115,159,128,758.7,10,Cloudy,Yes,762.45,Summer
2025-06-02,S013,P0449,Food,South,432,82,100,73,139.55,10,Rainy,No,115.36,Monsoon
2025-12-18,S008,P0474,Electronics,North,168,11,32,7,636.3,20,Storm,Yes,647.12,Summer
2024-05-01,S016,P0356,Stationery,West,109,24,43,32,963.65,15,Cloudy,No,956.47,Summer
2024-11-19,S004,P0048,Clothing,Central,333,13,28,27,112.62,5,Cloudy,No,90.71,Winter
2024-01-07,S013,P0247,Stationery,West,409,120,144,144,117.26,20,Rainy,Yes,118.89,Winter
2024-06-26,S009,P0229,Furniture,West,315,81,121,93,931.42,0,Cloudy,Yes,974.52,Spring
2024-03-18,S016,P0176,Furniture,West,95,98,105,95,62.94,20,Cloudy,No,38.06,Winter
2025-04-17,S006,P0159,Furniture,North,303,49,89,79,374.81,10,Rainy,No,419.61,Monsoon
2025-01-05,S012,P0147,Stationery,West,428,101,111,108,41.12,15,Cloudy,Yes,16.57,Summer
2024-03-19,S018,P0315,Stationery,West,77,22,33,24,935.31,15,Sunny,No,913.86,Spring
2025-02-11,S001,P0099,Medical,Central,411,31,54,36,648.61,5,Storm,Yes,647.54,Winter
2025-05-01,S013,P0493,Furniture,North,201,96,120,86,70.17,0,Cloudy,No,80.84,Summer
2024-02-03,S005,P0137,Medical,South,217,82,136,122,331.75,20,Cloudy,Yes,332.05,Monsoon
2024-01-13,S013,P0226,Food,Central,38,114,188,148,742.9,20,Cloudy,Yes,699.81,Spring
2024-12-19,S014,P0028,Medical,South,108,40,62,46,917.62,10,Cloudy,Yes,893.79,Spring
2025-09-09,S020,P0064,Furniture,Central,337,32,85,50,116.08,10,Storm,No,90.17,Spring
2025-09-29,S020,P0032,Clothing,East,310,79,133,96,532.42,5,Storm,Yes,570.9,Spring
2024-04-17,S003,P0442,Stationery,Central,160,112,138,130,261.26,5,Storm,No,214.9,Summer
2024-10-01,S017,P0121,Furniture,Central,87,120,158,123,652.21,20,Sunny,Yes,647.16,Winter
2025-10-23,S019,P0108,Furniture,Central,357,75,97,96,397.98,5,Sunny,Yes,442.35,Summer
2024-05-29,S001,P0033,Stationery,Central,82,10,7,7,193.26,5,Storm,No,232.16,Spring
2025-01-23,S018,P0471,Stationery,West,78,10,33,1,842.86,20,Storm,Yes,860.01,Winter
2025-07-14,S008,P0460,Medical,East,62,109,129,117,378.94,0,Cloudy,Yes,357.82,Winter
2025-08-26,S007,P0162,Clothing,West,281,101,124,94,283.6,20,Cloudy,Yes,297.75,Winter
2024-01-04,S001,P0190,Clothing,East,121,98,138,137,462.47,15,Storm,No,504.07,Winter
2024-12-05,S003,P0038,Electronics,West,30,120,156,154,441.55,15,Cloudy,No,433.76,Winter
2025-12-26,S004,P0205,Medical,Central,66,95,117,99,11.57,15,Cloudy,No,15.74,Winter
2025-06-19,S007,P0151,Medical,South,334,6,54,19,762.61,15,Storm,No,754.58,Summer
2025-02-01,S018,P0267,Stationery,Central,330,63,103,103,532.67,20,Sunny,No,526.01,Spring
2025-09-21,S015,P0433,Electronics,Central,57,51,65,42,804.82,15,Storm,No,772.88,Winter
2025-12-10,S012,P0233,Stationery,Central,324,35,34,33,943.84,5,Rainy,No,937.0,Winter
2024-11-05,S015,P0185,Clothing,Central,60,75,101,65,374.86,5,Cloudy,Yes,418.93,Spring
2025-05-13,S013,P0309,Furniture,North,253,42,82,77,674.25,5,Sunny,Yes,673.08,Monsoon
2024-04-04,S006,P0073,Medical,West,331,96,148,123,940.57,15,Cloudy,Yes,917.2,Spring
2024-02-24,S018,P0178,Stationery,East,435,95,124,101,273.74,5,Cloudy,No,234.26,Winter
2024-11-22,S012,P0255,Electronics,Central,242,104,134,126,12.86,20,Sunny,Yes,-22.99,Winter
2025-10-09,S007,P0424,Furniture,East,224,33,89,68,415.91,0,Storm,Yes,411.85,Summer
2025-07-27,S017,P0094,Furniture,East,332,46,99,82,15.01,0,Storm,Yes,13.56,Winter
2024-05-19,S003,P0031,Clothing,Central,234,14,62,28,924.95,10,Sunny,Yes,875.57,Winter
2025-08-11,S003,P0162,Furniture,West,210,5,45,34,845.4,0,Sunny,Yes,893.51,Monsoon
2024-08-20,S002,P0017,Food,North,438,115,183,155,62.71,20,Storm,No,26.33,Winter
2024-01-05,S018,P0365,Clothing,East,267,37,76,71,878.48,20,Rainy,Yes,907.0,Spring
2025-02-27,S020,P0132,Clothing,West,323,76,115,102,866.55,15,Sunny,No,851.01,Winter
2025-10-01,S018,P0043,Furniture,North,426,97,128,119,977.63,5,Sunny,No,1008.11,Monsoon
2024-02-16,S006,P0036,Food,East,98,50,124,89,667.35,15,Rainy,No,639.53,Spring
2024-09-19,S002,P0208,Clothing,Central,288,102,128,107,872.64,5,Storm,Yes,864.71,Spring
2025-04-03,S018,P0258,Furniture,Central,119,80,119,105,989.83,10,Cloudy,Yes,1028.93,Monsoon
2024-08-21,S011,P0172,Electronics,West,215,107,156,137,411.83,5,Storm,No,415.85,Winter
2025-02-06,S006,P0106,Medical,South,204,62,112,91,358.91,10,Sunny,Yes,405.0,Monsoon
2024-11-28,S020,P0053,Furniture,North,74,10,71,31,702.84,0,Sunny,Yes,719.45,Spring
2025-06-03,S015,P0350,Food,North,218,17,46,45,150.9,10,Rainy,Yes,171.32,Winter
2025-02-19,S003,P0350,Furniture,North,387,84,111,97,321.98,10,Sunny,Yes,341.84,Summer
2025-03-24,S014,P0389,Stationery,North,481,45,121,85,363.77,0,Sunny,No,314.83,Winter
2024-12-11,S019,P0133,Food,Central,129,115,162,151,907.44,10,Cloudy,Yes,954.1,Spring
2024-10-16,S015,P0305,Medical,North,42,111,138,132,767.34,5,Cloudy,No,801.79,Winter
2024-08-24,S020,P0111,Clothing,North,361,101,98,95,19.63,15,Rainy,Yes,-1.59,Winter
2024-10-11,S010,P0033,Electronics,Central,198,21,26,13,434.12,20,Cloudy,Yes,445.28,Summer
2025-10-31,S008,P0466,Clothing,Central,192,117,185,146,892.99,20,Cloudy,Yes,878.91,Winter
2025-01-05,S019,P0007,Stationery,North,218,14,9,6,413.48,15,Storm,No,420.42,Winter
2024-03-16,S008,P0246,Medical,East,299,54,117,89,482.73,0,Rainy,Yes,510.56,Summer
2025-08-06,S001,P0002,Food,West,454,41,87,50,701.9,10,Storm,No,738.09,Summer
2024-12-08,S007,P0195,Clothing,East,187,6,19,9,636.55,0,Rainy,No,593.84,Summer
2024-10-19,S019,P0360,Furniture,South,74,63,103,87,191.93,0,Rainy,No,204.7,Monsoon
2024-04-07,S002,P0183,Furniture,North,55,6,45,43,575.6,15,Storm,No,609.49,Summer
2024-01-15,S005,P0316,Electronics,East,97,118,120,115,390.19,15,Cloudy,No,362.18,Monsoon
2025-07-30,S003,P0088,Medical,Central,304,106,158,130,330.04,20,Storm,No,366.11,Summer
2025-02-08,S005,P0235,Clothing,East,43,34,65,39,674.33,5,Rainy,Yes,704.06,Monsoon
2025-04-18,S012,P0432,Furniture,South,257,118,147,109,134.82,15,Sunny,Yes,96.27,Summer
2025-03-17,S017,P0403,Electronics,Central,378,26,60,22,728.3,5,Storm,Yes,685.05,Monsoon
2025-08-02,S011,P0282,Medical,North,68,60,63,56,508.1,5,Cloudy,No,511.65,Spring
2024-06-20,S011,P0470,Furniture,West,380,93,113,89,560.45,0,Rainy,Yes,581.33,Spring
2025-09-15,S010,P0444,Electronics,North,99,70,127,97,900.22,20,Rainy,Yes,877.83,Spring
2024-06-15,S008,P0070,Stationery,South,20,11,47,12,221.61,10,Sunny,No,225.28,Winter
2024-10-11,S003,P0216,Clothing,Central,162,67,87,74,733.83,20,Rainy,Yes,758.61,Summer
2025-10-04,S005,P0113,Furniture,South,396,6,6,4,637.7,0,Storm,No,615.4,Monsoon
2024-05-10,S005,P0258,Electronics,West,376,117,128,113,379.2,5,Cloudy,Yes,333.34,Spring
2024-09-16,S015,P0234,Food,East,222,30,23,20,350.99,20,Storm,Yes,324.07,Summer
2024-05-15,S003,P0241,Clothing,West,413,14,48,47,655.24,20,Sunny,Yes,614.21,Summer
2024-05-02,S003,P0318,Food,West,422,8,29,14,843.73,20,Rainy,Yes,875.85,Winter
2024-07-26,S018,P0454,Clothing,West,500,20,67,36,23.85,0,Storm,No,10.54,Winter
2025-01-27,S012,P0186,Electronics,East,139,94,118,109,93.27,20,Cloudy,No,123.69,Monsoon
2025-11-02,S007,P0368,Furniture,Central,38,61,103,78,979.9,10,Storm,No,990.37,Winter
2024-11-05,S013,P0069,Food,North,351,82,106,96,459.08,5,Sunny,No,493.73,Summer
2024-09-18,S018,P0357,Clothing,East,130,105,129,121,920.44,10,Rainy,Yes,964.52,Winter
2025-06-30,S005,P0328,Furniture,East,396,68,135,96,107.11,20,Sunny,No,150.14,Monsoon
2024-08-13,S006,P0456,Clothing,North,122,76,102,87,888.49,10,Cloudy,Yes,933.21,Summer
2024-09-08,S017,P0256,Food,North,153,30,37,22,86.77,10,Cloudy,No,121.6,Monsoon
2025-04-23,S015,P0206,Medical,East,418,98,148,112,678.39,15,Cloudy,Yes,661.47,Monsoon
2024-09-02,S020,P0398,Medical,West,243,52,108,78,991.22,10,Sunny,No,980.52,Summer
2024-10-14,S001,P0294,Clothing,Central,84,15,37,16,292.7,0,Cloudy,Yes,296.25,Monsoon
2024-07-08,S013,P0155,Food,South,409,56,93,84,329.87,10,Sunny,Yes,337.44,Winter
2025-04-09,S009,P0093,Food,North,465,40,53,38,374.26,20,Cloudy,Yes,422.99,Monsoon
2025-10-28,S004,P0155,Clothing,East,298,79,96,81,794.71,5,Rainy,Yes,838.81,Spring
2025-08-03,S004,P0254,Medical,East,231,33,94,65,233.75,0,Rainy,Yes,186.75,Winter
2024-03-22,S006,P0108,Clothing,East,208,98,151,123,101.45,20,Rainy,No,79.54,Spring
2024-09-22,S006,P0446,Stationery,North,156,113,177,146,58.12,15,Storm,No,27.52,Summer
2024-08-15,S011,P0209,Furniture,South,483,61,108,80,140.74,15,Storm,Yes,130.77,Winter
2024-10-12,S015,P0478,Medical,North,486,12,45,43,925.75,10,Sunny,No,957.28,Monsoon
2025-10-26,S006,P0374,Furniture,North,285,89,83,81,35.06,5,Cloudy,Yes,33.44,Monsoon
2025-04-19,S019,P0355,Electronics,South,359,113,122,115,431.17,20,Storm,Yes,411.28,Spring
2024-06-17,S005,P0266,Food,South,485,9,18,11,206.13,20,Sunny,Yes,190.72,Spring
2024-09-09,S007,P0466,Furniture,South,196,21,80,57,966.7,10,Rainy,Yes,999.42,Spring
2024-08-20,S012,P0437,Food,South,378,83,118,85,607.36,5,Cloudy,Yes,557.5,Summer
2024-08-20,S003,P0465,Electronics,Central,236,59,86,54,356.51,0,Storm,Yes,353.46,Summer
2025-02-02,S007,P0196,Electronics,North,330,68,115,108,766.85,5,Sunny,No,799.83,Winter
2024-06-08,S006,P0362,Electronics,West,222,17,64,29,230.04,20,Storm,No,247.82,Monsoon
2025-02-16,S007,P0354,Furniture,South,264,30,68,40,756.21,5,Rainy,Yes,720.72,Winter
2025-09-14,S006,P0092,Stationery,East,169,37,58,36,564.61,20,Storm,Yes,530.04,Spring
2024-07-06,S008,P0427,Stationery,West,440,118,168,147,218.95,0,Rainy,Yes,258.97,Winter
2025-06-28,S011,P0118,Medical,East,48,39,85,54,283.02,5,Sunny,No,233.65,Summer
2024-01-14,S002,P0261,Clothing,West,474,89,97,83,777.02,5,Rainy,No,767.15,Monsoon
2025-01-30,S009,P0292,Electronics,South,52,45,98,81,792.85,0,Sunny,No,779.0,Winter
2025-03-14,S009,P0009,Medical,North,388,39,37,33,570.56,10,Storm,Yes,553.55,Monsoon
2025-04-06,S001,P0130,Furniture,West,300,68,91,80,69.6,0,Rainy,Yes,100.72,Winter
2025-09-29,S003,P0482,Furniture,Central,463,88,115,109,144.6,0,Rainy,No,109.57,Spring
2025-04-18,S016,P0111,Electronics,South,292,77,137,108,411.92,20,Storm,No,457.41,Spring
2024-08-24,S001,P0236,Clothing,Central,60,107,146,135,140.53,15,Storm,No,158.03,Monsoon
2024-08-30,S020,P0047,Stationery,West,450,86,129,89,688.09,10,Cloudy,No,658.39,Summer
2024-02-01,S005,P0024,Furniture,North,282,91,164,127,640.56,5,Sunny,No,613.88,Winter
2024-12-23,S010,P0246,Electronics,North,268,108,139,122,993.26,20,Sunny,Yes,1007.27,Spring
2025-07-28,S010,P0294,Food,Central,257,55,83,64,549.31,15,Storm,No,548.95,Winter
2025-03-05,S011,P0017,Electronics,West,437,30,66,44,432.36,0,Rainy,No,408.05,Monsoon
2025-12-16,S019,P0219,Medical,South,132,65,69,67,592.97,15,Storm,No,640.48,Winter
2024-04-22,S007,P0026,Stationery,East,471,86,134,112,145.98,15,Storm,Yes,118.25,Summer
2025-01-11,S014,P0154,Furniture,North,199,19,52,19,169.49,15,Cloudy,No,186.93,Monsoon
2025-09-18,S011,P0386,Clothing,East,221,49,83,57,660.88,5,Rainy,No,640.73,Monsoon
2024-03-15,S019,P0126,Medical,South,425,119,167,128,130.1,20,Cloudy,No,172.9,Spring
2024-10-18,S018,P0088,Furniture,South,135,78,111,85,271.16,20,Sunny,No,297.07,Spring
2024-05-11,S017,P0299,Clothing,North,329,97,130,117,988.44,20,Rainy,Yes,1002.69,Winter
2024-01-09,S016,P0390,Electronics,West,477,102,156,128,137.8,5,Cloudy,No,99.31,Monsoon
2024-07-16,S005,P0440,Furniture,North,166,85,146,120,376.84,15,Rainy,Yes,406.88,Winter
2024-11-05,S020,P0115,Medical,North,162,77,113,94,387.69,0,Sunny,Yes,352.53,Monsoon
2024-04-19,S013,P0443,Clothing,Central,89,104,114,101,736.5,15,Storm,Yes,719.83,Monsoon
2025-08-19,S003,P0473,Medical,Central,192,85,148,118,964.2,20,Rainy,Yes,1008.19,Monsoon
2025-12-23,S008,P0044,Electronics,South,204,75,96,84,266.78,10,Cloudy,Yes,256.43,Summer
2024-10-30,S008,P0100,Clothing,West,475,28,56,30,166.0,5,Cloudy,Yes,119.35,Monsoon
2025-02-20,S014,P0259,Stationery,West,126,88,85,84,308.25,15,Sunny,Yes,329.67,Monsoon
2025-12-28,S002,P0079,Stationery,North,382,119,154,118,861.75,15,Storm,No,887.08,Monsoon
2024-03-06,S008,P0275,Clothing,North,258,38,42,40,309.08,10,Rainy,Yes,264.92,Monsoon
2025-03-08,S005,P0267,Furniture,Central,220,48,77,49,754.09,5,Rainy,Yes,723.99,Summer
2024-01-17,S001,P0118,Electronics,South,88,47,98,62,991.59,5,Rainy,No,962.03,Spring
2025-04-24,S012,P0478,Electronics,West,245,13,56,49,673.62,15,Storm,Yes,701.95,Spring
2025-09-16,S012,P0108,Electronics,North,332,49,107,87,256.63,0,Rainy,Yes,223.99,Monsoon
2025-05-14,S018,P0152,Food,North,107,35,39,26,278.14,5,Sunny,Yes,232.81,Spring
2024-06-15,S014,P0470,Clothing,Central,103,89,105,87,61.6,10,Storm,Yes,17.45,Spring
2025-10-19,S020,P0480,Furniture,East,345,93,134,114,826.59,15,Sunny,No,787.18,Monsoon
2025-10-17,S011,P0259,Electronics,South,297,34,86,58,162.55,15,Rainy,No,175.44,Winter
2025-08-21,S009,P0469,Medical,South,420,93,128,104,400.26,20,Rainy,No,378.43,Summer
2025-10-04,S003,P0025,Electronics,Central,116,62,92,88,796.48,0,Storm,Yes,759.48,Summer
2025-12-14,S003,P0233,Electronics,West,197,93,144,118,809.27,20,Cloudy,Yes,764.27,Summer
2025-09-04,S012,P0092,Medical,East,97,50,83,46,971.91,20,Sunny,No,947.09,Winter
2024-06-25,S015,P0094,Furniture,North,109,23,68,44,750.95,5,Cloudy,No,722.98,Summer
2024-05-27,S013,P0436,Furniture,South,77,53,78,54,682.34,10,Sunny,Yes,691.45,Summer
2024-10-23,S020,P0298,Clothing,North,170,43,62,61,311.69,20,Cloudy,No,311.6,Winter
2024-06-19,S003,P0314,Clothing,South,25,115,167,128,686.29,20,Storm,No,704.73,Monsoon
2025-09-30,S020,P0380,Clothing,West,379,120,146,121,432.87,5,Rainy,No,398.87,Summer
2025-04-08,S019,P0079,Electronics,West,491,68,108,88,796.84,5,Sunny,No,838.04,Monsoon
2025-07-09,S006,P0078,Medical,East,62,23,59,51,37.5,10,Sunny,Yes,44.77,Monsoon
2025-02-24,S014,P0126,Food,South,131,10,46,9,324.57,20,Storm,Yes,314.79,Monsoon
2025-11-11,S020,P0264,Electronics,Central,411,28,47,20,383.21,10,Cloudy,Yes,399.53,Summer
2024-07-28,S019,P0274,Furniture,South,390,18,56,22,762.68,0,Sunny,Yes,717.04,Summer
2024-06-04,S004,P0365,Clothing,Central,68,111,116,112,378.39,10,Rainy,No,379.53,Spring
2025-07-02,S011,P0135,Medical,Central,275,56,65,65,112.94,20,Sunny,No,73.91,Monsoon
2024-11-08,S017,P0469,Food,West,404,22,55,55,52.15,15,Storm,Yes,19.92,Monsoon
2025-06-17,S013,P0384,Clothing,North,187,104,165,141,641.43,10,Storm,Yes,686.0,Summer
2024-10-30,S006,P0039,Furniture,South,357,28,64,25,149.5,15,Sunny,No,180.37,Winter
2024-02-16,S016,P0481,Medical,Central,165,25,70,54,536.58,0,Sunny,Yes,514.72,Spring
2025-09-21,S009,P0295,Stationery,Central,248,24,88,62,592.25,20,Sunny,Yes,639.93,Summer
2024-04-23,S001,P0378,Stationery,South,396,75,69,66,227.15,15,Sunny,Yes,219.37,Winter
2024-12-22,S007,P0447,Electronics,North,499,30,77,67,543.85,5,Cloudy,Yes,548.25,Monsoon
2024-07-02,S018,P0353,Furniture,West,158,36,74,59,554.33,0,Rainy,Yes,597.86,Winter
2025-04-06,S008,P0440,Furniture,South,223,73,134,107,172.37,15,Rainy,No,198.0,Summer
2024-08-07,S018,P0468,Food,South,437,66,87,82,510.6,0,Storm,No,548.93,Winter
2024-09-10,S017,P0406,Furniture,South,242,75,90,84,10.81,0,Rainy,Yes,-20.2,Winter
2025-11-20,S020,P0373,Electronics,Central,296,113,149,135,355.83,5,Storm,No,351.94,Winter
2025-02-19,S012,P0423,Medical,South,478,66,111,87,104.02,0,Sunny,Yes,96.27,Monsoon
2024-09-10,S004,P0236,Medical,North,414,14,51,43,472.42,15,Cloudy,No,518.07,Summer
2025-07-08,S005,P0360,Food,West,374,43,86,55,186.41,0,Cloudy,No,235.48,Spring
2024-06-23,S007,P0158,Medical,Central,333,116,164,128,831.14,5,Rainy,No,813.51,Monsoon
2024-08-16,S010,P0454,Furniture,Central,328,39,98,71,631.99,0,Sunny,No,658.39,Monsoon
2025-10-04,S010,P0033,Food,Central,263,23,100,61,417.89,20,Storm,No,466.74,Winter
2025-07-29,S012,P0352,Medical,Central,21,75,153,115,462.71,15,Cloudy,No,438.2,Monsoon
2024-03-18,S008,P0148,Food,Central,280,29,89,57,848.51,0,Cloudy,Yes,839.61,Spring
2025-08-18,S018,P0015,Clothing,East,294,108,138,132,997.27,10,Cloudy,Yes,1024.91,Summer
2025-11-09,S002,P0084,Food,South,347,70,85,85,333.4,5,Storm,Yes,295.23,Spring
2025-02-13,S018,P0427,Clothing,East,168,75,106,103,27.9,20,Sunny,Yes,-4.19,Winter
2025-07-23,S010,P0342,Medical,Central,469,74,135,100,198.05,0,Rainy,No,181.04,Monsoon
2024-04-18,S001,P0025,Electronics,South,303,49,80,65,24.42,15,Sunny,No,53.25,Spring
2025-11-26,S012,P0199,Clothing,North,226,18,83,45,362.33,5,Cloudy,Yes,314.06,Spring
2025-07-08,S016,P0468,Stationery,North,360,113,148,121,454.34,0,Sunny,No,454.61,Summer
2025-02-28,S004,P0025,Furniture,East,469,87,80,79,121.87,5,Cloudy,No,114.64,Monsoon
2024-05-14,S018,P0463,Food,East,327,81,98,73,489.11,10,Rainy,No,534.58,Winter
2025-01-21,S014,P0447,Food,South,92,105,152,144,125.66,10,Cloudy,No,136.79,Summer
2024-07-07,S010,P0226,Electronics,East,500,114,122,115,612.9,10,Storm,No,586.49,Spring
2025-02-02,S011,P0088,Electronics,South,175,74,102,82,378.64,5,Rainy,No,388.72,Winter
2025-05-15,S006,P0360,Medical,North,445,15,31,13,339.69,10,Sunny,Yes,311.51,Spring
2024-05-10,S005,P0325,Food,West,357,28,27,23,930.0,15,Rainy,No,903.68,Monsoon
2025-07-02,S011,P0284,Clothing,South,348,74,125,110,621.31,20,Rainy,No,603.41,Summer
2025-11-28,S011,P0251,Clothing,Central,450,49,67,47,110.39,0,Sunny,No,158.14,Winter
2024-02-26,S009,P0230,Food,East,192,11,74,34,56.69,10,Cloudy,No,66.62,Summer
2025-01-09,S010,P0058,Food,North,346,32,53,44,304.59,20,Cloudy,No,327.77,Spring
2024-07-23,S018,P0016,Furniture,South,153,42,83,70,46.28,5,Sunny,Yes,45.11,Spring
2024-03-26,S006,P0219,Electronics,Central,467,105,111,99,247.25,20,Storm,Yes,289.09,Winter
2024-12-27,S018,P0223,Furniture,East,426,27,81,47,480.47,0,Sunny,No,458.99,Summer
2024-05-05,S008,P0248,Medical,North,247,93,128,102,333.45,5,Sunny,Yes,376.11,Monsoon
2025-03-11,S016,P0227,Stationery,West,371,66,86,68,286.42,15,Rainy,No,286.08,Winter
2024-11-13,S013,P0323,Food,East,134,31,54,46,591.78,20,Cloudy,Yes,567.48,Winter
2025-12-07,S019,P0009,Medical,South,38,19,46,12,599.62,10,Cloudy,Yes,597.59,Winter
2025-12-22,S006,P0334,Clothing,West,63,74,128,102,666.94,10,Cloudy,No,707.4,Spring
2025-08-19,S016,P0169,Stationery,Central,209,61,96,61,911.73,10,Cloudy,Yes,944.12,Winter
2025-08-29,S018,P0312,Stationery,North,46,27,30,26,446.7,20,Rainy,No,442.98,Summer
2025-10-16,S017,P0154,Clothing,East,331,115,138,133,467.5,10,Sunny,No,492.56,Summer
2025-03-11,S006,P0372,Furniture,North,274,102,135,102,994.96,20,Rainy,No,955.44,Spring
2025-07-03,S003,P0141,Clothing,Central,78,104,135,99,253.3,15,Sunny,Yes,286.73,Summer
2024-04-17,S014,P0474,Food,Central,247,64,93,90,376.7,5,Rainy,Yes,382.73,Monsoon
2024-04-01,S015,P0493,Stationery,North,341,111,163,143,747.07,20,Cloudy,Yes,772.16,Summer
2025-11-20,S003,P0006,Furniture,Central,222,7,51,44,130.64,5,Rainy,No,159.37,Monsoon
2024-05-17,S002,P0354,Medical,East,350,115,147,125,130.05,15,Sunny,Yes,84.28,Winter
2024-10-17,S003,P0464,Clothing,Central,187,12,29,10,220.06,15,Storm,Yes,190.72,Spring
2025-02-15,S013,P0291,Furniture,South,91,61,69,56,693.31,20,Cloudy,Yes,715.37,Winter
2025-12-22,S010,P0231,Stationery,South,23,85,130,96,328.54,15,Sunny,No,287.57,Spring
2025-01-19,S004,P0052,Food,East,142,79,136,100,194.08,10,Rainy,No,223.07,Winter
2025-11-06,S006,P0279,Medical,West,88,112,149,134,476.82,5,Storm,No,472.51,Winter
2024-12-17,S009,P0036,Stationery,West,488,36,55,44,526.03,15,Sunny,Yes,556.75,Winter
2025-09-30,S010,P0210,Clothing,North,376,64,114,74,892.73,10,Cloudy,Yes,896.27,Winter
2024-07-12,S005,P0250,Food,South,362,76,100,100,144.02,5,Storm,Yes,94.85,Winter
2024-09-26,S008,P0304,Clothing,South,344,38,88,71,458.75,20,Sunny,No,484.25,Winter
2025-03-04,S006,P0259,Medical,East,273,56,100,62,630.43,0,Storm,No,637.4,Monsoon
2024-12-25,S015,P0070,Food,North,77,114,164,149,832.85,10,Storm,No,836.61,Summer
2024-01-22,S009,P0398,Stationery,North,348,59,119,84,985.27,0,Rainy,No,1011.03,Summer
2025-08-27,S015,P0334,Stationery,East,277,102,129,125,512.18,5,Rainy,Yes,517.02,Summer
2025-02-18,S001,P0310,Electronics,Central,165,102,150,122,23.79,10,Sunny,No,-16.78,Summer
2025-06-08,S012,P0136,Furniture,North,442,86,103,102,194.43,5,Cloudy,Yes,184.02,Summer
2024-08-26,S005,P0004,Clothing,East,477,15,46,44,726.92,10,Sunny,Yes,721.94,Winter
2025-12-25,S007,P0082,Clothing,East,373,68,139,102,840.48,10,Rainy,Yes,800.45,Winter
2025-09-28,S009,P0279,Food,North,267,96,144,125,107.8,5,Storm,Yes,72.22,Spring
2024-09-18,S016,P0432,Clothing,South,463,78,107,94,191.5,10,Rainy,No,149.31,Winter
2024-09-28,S020,P0027,Electronics,South,446,118,165,152,180.67,0,Cloudy,No,141.46,Spring
2024-04-11,S015,P0356,Stationery,South,372,53,59,56,480.14,5,Sunny,Yes,484.76,Winter
2024-02-02,S003,P0293,Clothing,South,324,47,101,86,397.01,15,Storm,Yes,419.15,Winter
2024-12-13,S005,P0171,Medical,North,258,65,113,93,39.72,0,Sunny,No,39.21,Summer
2025-09-22,S004,P0105,Medical,West,256,16,20,18,657.81,5,Sunny,No,623.83,Winter
2025-11-01,S009,P0381,Food,North,219,68,78,67,128.75,10,Storm,Yes,110.37,Summer
2025-07-14,S002,P0075,Furniture,East,433,13,33,33,460.24,10,Cloudy,Yes,434.73,Summer
2025-01-04,S019,P0139,Electronics,South,93,16,72,47,25.24,10,Sunny,No,-6.65,Monsoon
2025-04-01,S006,P0216,Stationery,East,428,112,143,132,382.07,0,Cloudy,Yes,352.89,Summer
2024-05-13,S001,P0497,Stationery,South,260,57,81,52,606.65,10,Cloudy,No,628.67,Monsoon
2025-08-21,S004,P0164,Medical,Central,296,49,70,46,46.68,0,Sunny,Yes,7.31,Spring
2025-07-07,S009,P0246,Medical,West,470,56,112,94,735.18,20,Storm,Yes,773.67,Summer
2025-04-19,S001,P0262,Stationery,South,214,12,34,2,530.26,10,Storm,Yes,525.88,Winter
2025-08-08,S010,P0023,Electronics,West,36,67,114,75,847.91,5,Rainy,No,806.49,Summer
2024-07-21,S015,P0484,Electronics,Central,422,46,67,50,544.93,20,Rainy,Yes,538.63,Summer
2025-08-10,S001,P0087,Electronics,South,290,57,84,67,437.38,5,Rainy,No,458.82,Summer
2024-01-15,S001,P0010,Medical,Central,203,120,131,131,879.86,5,Storm,Yes,830.06,Monsoon
2025-02-16,S019,P0394,Medical,North,252,35,69,62,616.06,0,Sunny,No,617.68,Winter
2025-02-19,S005,P0421,Furniture,South,428,5,38,1,955.4,0,Storm,Yes,943.85,Spring
2025-08-18,S001,P0278,Stationery,East,364,73,148,112,729.49,20,Cloudy,Yes,683.96,Spring
2025-05-06,S019,P0264,Clothing,South,152,54,61,59,60.16,20,Rainy,No,91.75,Winter
2024-04-09,S003,P0163,Electronics,Central,390,111,144,116,91.66,0,Cloudy,No,94.0,Monsoon
2025-05-28,S009,P0413,Stationery,North,92,102,147,128,158.58,0,Sunny,No,127.49,Summer
2024-11-27,S019,P0311,Medical,East,410,35,68,42,417.0,15,Cloudy,No,399.17,Spring
2025-03-18,S001,P0415,Furniture,Central,246,23,61,58,104.54,20,Sunny,Yes,68.33,Summer
2025-10-30,S005,P0493,Food,South,133,70,126,88,923.22,10,Sunny,No,970.03,Winter
2025-05-23,S007,P0211,Clothing,South,154,93,111,103,472.89,10,Rainy,No,486.61,Spring
2024-01-18,S018,P0360,Clothing,North,24,42,47,37,623.56,20,Sunny,No,668.6,Winter
2025-10-05,S013,P0059,Electronics,North,110,105,155,135,352.49,0,Storm,Yes,331.18,Summer
2024-02-26,S017,P0074,Food,North,155,59,76,75,63.24,5,Sunny,Yes,69.4,Summer
2024-07-24,S001,P0336,Clothing,Central,482,21,87,47,432.94,10,Cloudy,Yes,391.9,Spring
2025-03-15,S002,P0497,Clothing,South,242,101,125,111,956.16,10,Rainy,No,937.37,Spring
2024-08-12,S003,P0171,Furniture,North,456,86,119,95,826.97,0,Cloudy,No,787.68,Summer
2024-11-12,S003,P0252,Food,Central,271,113,128,112,242.53,20,Rainy,Yes,288.64,Monsoon
2024-04-13,S001,P0261,Food,West,403,91,118,89,671.5,5,Storm,No,660.92,Spring
2024-06-05,S014,P0437,Medical,West,458,21,32,28,956.83,20,Cloudy,No,994.76,Spring
2025-04-23,S002,P0212,Electronics,Central,444,15,57,47,582.4,5,Cloudy,No,568.56,Monsoon
2024-05-29,S014,P0450,Stationery,West,84,35,62,45,813.58,10,Rainy,Yes,768.94,Summer
2024-03-29,S012,P0084,Clothing,East,192,106,163,136,845.04,20,Rainy,Yes,868.87,Spring
2025-11-06,S020,P0253,Furniture,Central,373,40,53,48,768.75,0,Sunny,Yes,785.81,Spring
2024-09-12,S019,P0404,Clothing,Central,21,114,173,146,241.17,5,Rainy,Yes,224.91,Monsoon
2025-08-23,S001,P0178,Electronics,North,430,58,83,82,993.14,15,Sunny,Yes,969.11,Winter
2024-06-13,S006,P0127,Electronics,North,437,117,149,130,204.11,10,Storm,Yes,162.34,Monsoon
2025-09-17,S004,P0366,Stationery,Central,400,72,89,89,825.56,5,Storm,Yes,825.23,Winter
2024-07-26,S019,P0319,Medical,North,103,12,58,46,113.98,15,Sunny,Yes,119.06,Monsoon
2024-02-03,S008,P0055,Stationery,West,500,6,28,9,919.79,15,Sunny,No,951.12,Spring
2024-02-16,S012,P0351,Stationery,Central,419,100,136,96,760.09,5,Sunny,No,786.15,Winter
2025-08-18,S001,P0322,Electronics,North,351,41,100,71,823.26,10,Rainy,No,859.99,Monsoon
2024-08-16,S015,P0268,Stationery,North,192,72,79,72,32.41,5,Storm,Yes,38.22,Spring
2025-09-05,S001,P0283,Stationery,Central,409,12,61,47,473.27,15,Sunny,No,433.85,Summer
2024-05-12,S013,P0129,Food,West,477,30,101,63,880.32,20,Sunny,Yes,893.69,Spring
2024-12-12,S001,P0094,Clothing,Central,448,34,54,26,879.52,20,Sunny,No,915.85,Monsoon
2025-04-21,S010,P0100,Furniture,South,463,69,61,61,178.02,10,Storm,Yes,194.93,Summer
2024-05-04,S015,P0133,Food,West,220,79,95,71,606.44,15,Sunny,No,611.59,Spring
2025-11-29,S012,P0357,Stationery,South,369,50,71,44,623.55,0,Sunny,No,598.14,Winter
2024-04-28,S001,P0112,Furniture,East,449,57,75,66,394.51,0,Sunny,No,392.54,Summer
2024-10-15,S010,P0278,Clothing,Central,454,32,73,66,623.8,5,Sunny,Yes,631.59,Winter
2024-01-11,S011,P0440,Furniture,North,174,18,82,55,604.68,0,Rainy,Yes,636.08,Monsoon
2024-03-13,S010,P0207,Stationery,South,213,65,124,101,766.01,20,Rainy,No,814.93,Summer
2024-11-13,S009,P0467,Food,West,301,16,11,11,332.59,0,Cloudy,Yes,370.64,Spring
2025-06-01,S008,P0283,Clothing,East,439,108,162,135,856.97,0,Sunny,Yes,838.98,Winter
2025-04-04,S019,P0255,Medical,North,484,68,85,79,142.65,20,Cloudy,No,129.86,Monsoon
2024-06-07,S008,P0376,Food,North,212,114,146,144,764.8,20,Rainy,No,760.99,Monsoon
2025-03-21,S002,P0184,Electronics,West,408,99,129,112,428.62,15,Sunny,Yes,425.48,Spring
2024-07-27,S016,P0273,Stationery,South,51,110,161,132,131.28,15,Storm,Yes,161.83,Summer
2024-04-10,S010,P0421,Electronics,East,269,45,68,54,534.78,5,Cloudy,No,573.65,Summer
2025-01-27,S013,P0076,Food,South,45,25,62,51,339.01,15,Cloudy,Yes,357.54,Spring
2025-03-02,S005,P0245,Electronics,South,239,37,35,35,450.87,15,Cloudy,Yes,469.19,Spring
2025-05-02,S014,P0370,Medical,West,233,93,113,91,607.7,5,Sunny,No,647.01,Winter
2024-09-26,S011,P0400,Clothing,South,284,71,123,86,682.63,5,Cloudy,Yes,638.38,Monsoon
2024-01-27,S003,P0490,Clothing,Central,371,72,109,100,479.52,20,Storm,No,471.33,Monsoon
2024-01-10,S017,P0305,Food,West,180,29,82,62,417.38,0,Cloudy,No,441.05,Monsoon
2024-06-11,S017,P0133,Furniture,South,243,113,144,107,707.42,0,Storm,Yes,681.54,Spring
2024-05-13,S005,P0247,Electronics,North,253,98,112,101,69.04,5,Sunny,No,36.58,Monsoon
2025-10-28,S006,P0030,Clothing,South,474,67,122,84,129.49,15,Cloudy,Yes,90.15,Monsoon
2024-10-01,S004,P0428,Food,Central,448,75,126,90,557.92,0,Sunny,Yes,545.4,Summer
2024-07-10,S001,P0049,Clothing,South,35,120,147,121,994.95,20,Storm,No,1024.42,Spring
2024-03-20,S001,P0472,Furniture,North,51,59,84,83,869.67,15,Storm,Yes,866.13,Spring
2024-02-10,S007,P0095,Food,West,474,48,81,81,941.95,10,Rainy,No,950.28,Monsoon
2025-01-20,S014,P0124,Medical,North,315,33,58,30,168.31,10,Rainy,Yes,196.56,Spring
2024-11-28,S018,P0167,Electronics,Central,153,12,34,12,619.62,20,Rainy,Yes,651.38,Summer
2025-04-18,S019,P0061,Food,South,378,25,94,63,188.38,0,Cloudy,Yes,154.39,Monsoon
2025-07-30,S011,P0422,Furniture,West,438,59,60,52,832.14,15,Rainy,No,827.4,Monsoon
2024-07-29,S015,P0371,Electronics,Central,321,67,112,73,751.43,20,Storm,No,738.79,Winter
2025-03-04,S018,P0006,Stationery,North,403,68,107,81,848.02,0,Rainy,Yes,814.98,Summer
2024-07-09,S009,P0133,Medical,Central,415,14,46,27,883.3,5,Sunny,Yes,895.27,Summer
2024-06-09,S003,P0021,Furniture,East,198,29,47,34,181.58,5,Cloudy,No,156.05,Winter
2024-04-26,S002,P0116,Food,Central,336,118,168,154,989.42,10,Cloudy,Yes,972.28,Summer
2024-09-08,S019,P0219,Furniture,North,118,117,135,117,851.3,15,Sunny,No,893.21,Summer
2024-05-05,S019,P0030,Food,East,84,111,168,151,755.13,0,Storm,No,721.3,Summer
2024-02-27,S010,P0302,Clothing,East,80,23,59,28,407.47,0,Rainy,Yes,405.58,Winter
2025-01-28,S015,P0176,Medical,North,113,81,137,120,644.51,20,Rainy,Yes,614.82,Spring
2025-04-02,S005,P0484,Food,East,58,94,104,98,486.8,5,Storm,No,509.05,Summer
2025-11-14,S005,P0360,Electronics,Central,456,70,125,100,259.36,0,Storm,Yes,299.09,Spring
2024-08-22,S011,P0448,Furniture,East,33,5,68,31,166.76,20,Sunny,Yes,207.0,Summer
2025-12-23,S004,P0139,Furniture,South,74,13,39,25,861.46,10,Sunny,Yes,812.45,Monsoon
2024-08-31,S015,P0327,Furniture,East,361,112,138,105,852.84,15,Storm,Yes,894.57,Monsoon
2025-12-10,S009,P0322,Stationery,East,399,37,44,35,971.04,20,Sunny,Yes,975.57,Winter
2024-11-05,S019,P0102,Furniture,South,415,74,125,94,51.03,15,Rainy,No,64.43,Monsoon
2024-04-07,S010,P0492,Food,East,203,116,148,145,174.27,15,Sunny,No,195.91,Monsoon
2025-06-23,S016,P0070,Food,South,291,29,100,66,180.08,10,Sunny,No,200.03,Spring
2025-05-08,S011,P0378,Clothing,North,84,89,126,116,368.79,5,Storm,Yes,405.02,Summer
2024-06-25,S013,P0087,Clothing,West,113,116,128,128,757.43,20,Rainy,No,725.77,Summer
2025-08-26,S008,P0473,Clothing,North,409,37,38,38,99.73,5,Cloudy,Yes,129.02,Winter
2024-01-14,S014,P0205,Electronics,East,330,94,151,125,400.47,15,Cloudy,Yes,354.45,Monsoon
2025-03-16,S008,P0315,Electronics,North,119,28,52,22,837.59,0,Sunny,Yes,789.47,Summer
2025-01-14,S015,P0048,Electronics,Central,410,30,93,54,185.86,5,Rainy,No,165.65,Winter
2025-12-12,S011,P0205,Clothing,West,43,58,82,49,152.13,15,Sunny,No,168.04,Winter
2025-04-30,S012,P0006,Electronics,Central,243,116,139,114,288.57,20,Cloudy,Yes,309.89,Spring
2024-06-26,S008,P0345,Electronics,South,122,39,61,56,450.25,15,Rainy,No,466.15,Winter
2024-01-13,S010,P0071,Furniture,North,349,106,151,135,290.28,0,Storm,No,336.78,Monsoon
2024-10-21,S013,P0268,Clothing,West,79,100,131,102,186.89,15,Storm,Yes,202.74,Spring
2025-12-10,S009,P0451,Food,North,126,106,150,112,299.39,20,Storm,No,346.86,Monsoon
2024-04-12,S019,P0097,Furniture,East,281,75,94,93,998.03,15,Rainy,Yes,1010.0,Summer
2024-10-20,S016,P0087,Furniture,East,306,33,70,51,273.94,10,Cloudy,No,231.72,Monsoon
2024-07-20,S001,P0085,Clothing,East,276,110,160,124,262.97,20,Cloudy,Yes,289.06,Spring
2024-05-20,S017,P0223,Stationery,East,234,76,104,102,288.07,15,Sunny,Yes,255.37,Winter
2025-09-01,S009,P0090,Electronics,West,193,34,77,56,629.56,10,Cloudy,Yes,627.73,Monsoon
2025-08-27,S009,P0345,Food,North,328,7,38,1,783.2,15,Cloudy,No,786.56,Spring
2024-04-06,S007,P0235,Electronics,West,170,33,84,52,956.62,20,Storm,Yes,932.81,Spring
2025-10-29,S013,P0387,Furniture,West,458,49,81,65,897.14,15,Sunny,No,860.28,Monsoon
2025-12-11,S002,P0077,Food,West,64,71,117,84,749.08,20,Rainy,Yes,702.44,Winter
2025-06-13,S010,P0500,Furniture,East,177,47,68,39,653.31,20,Storm,No,641.82,Winter
2024-12-11,S008,P0109,Electronics,West,480,9,28,13,449.76,15,Storm,No,458.97,Summer
2024-01-23,S006,P0216,Food,West,438,56,83,76,552.51,5,Cloudy,Yes,520.81,Winter
2025-06-08,S011,P0347,Medical,North,251,70,133,101,436.6,5,Storm,No,436.84,Summer
2025-08-09,S017,P0388,Food,West,232,31,50,40,699.41,20,Sunny,No,736.26,Monsoon
2024-01-23,S015,P0031,Clothing,Central,452,90,139,120,575.29,5,Storm,Yes,608.13,Spring
2025-11-30,S003,P0206,Furniture,Central,390,61,78,52,396.85,5,Sunny,No,430.74,Summer
2025-08-17,S019,P0418,Medical,South,317,27,98,66,840.91,0,Storm,Yes,858.2,Summer
2025-03-04,S015,P0378,Electronics,Central,379,46,98,85,774.89,5,Storm,No,771.26,Monsoon
2024-06-24,S008,P0498,Electronics,South,227,80,98,88,39.9,20,Cloudy,No,43.46,Winter
2024-04-25,S013,P0307,Furniture,North,164,50,125,89,614.39,15,Cloudy,No,609.35,Summer
2024-01-03,S017,P0381,Clothing,South,208,38,99,66,170.78,10,Sunny,Yes,143.98,Winter
2025-04-22,S013,P0489,Stationery,East,391,73,96,70,476.76,0,Rainy,Yes,465.4,Monsoon
2025-10-22,S019,P0472,Stationery,South,290,79,120,117,111.93,10,Sunny,No,150.18,Winter
2024-07-23,S014,P0323,Clothing,North,249,104,103,96,481.19,20,Storm,Yes,528.92,Summer
2024-02-01,S013,P0077,Medical,South,282,85,111,109,522.41,0,Storm,Yes,517.84,Monsoon
2024-11-02,S017,P0260,Stationery,Central,451,72,83,82,663.91,0,Cloudy,Yes,659.67,Spring
2025-10-08,S004,P0369,Medical,West,161,16,36,10,544.44,15,Sunny,Yes,588.15,Spring
2025-02-19,S008,P0320,Electronics,West,220,21,46,11,42.76,5,Sunny,Yes,76.83,Spring
2024-07-18,S013,P0323,Stationery,South,364,120,143,126,276.63,10,Cloudy,No,306.94,Spring
2024-01-07,S012,P0111,Food,Central,61,27,35,17,812.4,5,Sunny,Yes,792.23,Summer
2024-08-16,S013,P0422,Stationery,North,254,51,56,56,190.81,10,Rainy,No,197.8,Spring
2024-01-01,S010,P0022,Clothing,East,87,101,124,109,381.68,5,Rainy,No,416.13,Monsoon
2025-05-28,S009,P0348,Electronics,South,405,15,83,49,817.0,10,Storm,No,844.89,Summer
2024-05-01,S012,P0142,Stationery,West,200,116,187,151,457.25,15,Storm,Yes,432.13,Summer
2024-05-10,S020,P0497,Medical,West,138,59,75,51,409.2,15,Cloudy,Yes,419.63,Summer
2025-01-16,S002,P0488,Clothing,South,317,44,101,70,968.11,5,Storm,Yes,931.6,Summer
2025-02-24,S015,P0486,Medical,Central,308,84,82,82,389.99,15,Storm,Yes,347.26,Summer
2024-12-19,S020,P0406,Stationery,Central,213,83,148,110,660.73,5,Rainy,Yes,669.53,Monsoon
2025-07-20,S006,P0191,Food,North,396,66,116,81,519.62,15,Cloudy,Yes,514.71,Summer
2024-09-17,S008,P0049,Clothing,South,288,27,53,20,948.05,10,Rainy,Yes,987.57,Summer
2024-05-09,S015,P0477,Food,South,226,6,1,1,897.84,10,Sunny,No,877.59,Summer
2024-02-04,S007,P0265,Medical,West,465,41,113,77,80.01,10,Cloudy,Yes,41.83,Spring
2024-05-15,S013,P0153,Furniture,South,36,80,143,109,440.43,10,Cloudy,Yes,473.71,Monsoon
2025-09-27,S008,P0016,Medical,West,383,88,90,87,523.4,5,Storm,No,507.08,Winter
2025-09-29,S018,P0472,Electronics,East,153,76,130,105,133.85,20,Storm,Yes,177.87,Winter
2024-03-28,S014,P0210,Electronics,Central,262,89,117,102,631.67,0,Storm,No,626.53,Spring
2024-06-05,S010,P0252,Clothing,North,407,102,151,133,851.08,0,Rainy,No,832.04,Summer
2024-03-15,S002,P0255,Food,West,356,29,88,49,322.59,15,Rainy,Yes,282.28,Winter
2025-05-23,S006,P0495,Electronics,South,199,12,42,16,95.3,20,Cloudy,Yes,121.48,Summer
2025-06-12,S010,P0437,Clothing,East,267,29,61,32,49.91,10,Storm,No,73.09,Winter
2024-10-04,S005,P0397,Furniture,East,272,60,79,51,752.29,20,Sunny,Yes,743.89,Spring
2025-02-27,S018,P0437,Clothing,North,184,14,91,53,80.58,15,Storm,Yes,93.57,Summer
2025-07-05,S002,P0310,Electronics,Central,323,49,61,44,358.16,5,Cloudy,Yes,405.32,Monsoon
2024-12-20,S020,P0201,Stationery,East,298,99,100,94,327.75,15,Rainy,Yes,303.81,Spring
2024-02-18,S001,P0368,Clothing,East,351,67,87,87,60.07,0,Cloudy,Yes,68.85,Monsoon
2024-01-19,S001,P0349,Furniture,Central,409,36,98,64,158.12,0,Storm,No,188.55,Summer
2024-02-10,S001,P0338,Food,Central,142,70,117,83,559.14,10,Sunny,Yes,571.97,Spring
2024-11-25,S014,P0364,Medical,South,100,82,137,116,99.64,15,Rainy,Yes,77.89,Monsoon
2025-03-03,S001,P0258,Medical,North,87,30,35,23,608.85,15,Storm,No,588.85,Winter
2025-06-01,S002,P0348,Stationery,North,388,82,137,107,992.48,0,Sunny,No,1002.14,Summer
2024-03-21,S011,P0276,Clothing,Central,67,30,72,63,812.65,15,Cloudy,Yes,772.68,Monsoon
2024-06-15,S013,P0017,Clothing,West,429,56,72,61,661.56,0,Rainy,Yes,670.96,Winter
2024-11-17,S009,P0152,Food,North,135,81,101,101,481.29,10,Rainy,Yes,467.63,Winter
2025-03-30,S008,P0296,Clothing,West,404,13,45,21,748.44,20,Storm,No,755.67,Spring
2024-05-15,S001,P0187,Furniture,North,466,57,73,58,333.45,20,Rainy,No,321.04,Winter
2025-07-01,S001,P0111,Food,Central,174,7,28,5,491.3,20,Storm,Yes,532.02,Monsoon
2024-02-23,S012,P0023,Furniture,Central,221,35,52,27,401.85,15,Sunny,No,434.77,Monsoon
2024-01-09,S019,P0061,Furniture,North,339,74,108,101,20.84,5,Rainy,Yes,29.5,Summer
2025-01-08,S015,P0388,Clothing,Central,89,7,51,35,345.58,5,Storm,No,372.32,Summer
2024-04-24,S014,P0023,Furniture,West,314,88,114,89,51.24,20,Cloudy,No,72.9,Monsoon
2025-11-08,S010,P0383,Medical,Central,184,37,84,44,594.63,5,Cloudy,No,549.01,Monsoon
2024-08-18,S018,P0305,Food,East,283,16,48,13,26.13,20,Cloudy,Yes,-11.79,Monsoon
2024-10-16,S012,P0077,Electronics,West,410,47,87,62,165.33,5,Storm,Yes,175.04,Monsoon
2025-12-17,S014,P0431,Furniture,East,228,53,58,43,969.81,15,Storm,Yes,930.06,Spring
2024-01-11,S007,P0181,Electronics,East,171,62,101,92,760.19,15,Cloudy,Yes,711.79,Winter
2025-01-18,S004,P0162,Food,North,121,92,86,82,446.81,0,Cloudy,No,439.13,Winter
2025-01-17,S010,P0227,Medical,East,86,27,52,33,84.3,5,Sunny,No,93.37,Monsoon
2025-01-09,S011,P0371,Food,North,129,17,70,50,697.45,15,Sunny,No,705.8,Spring
2024-11-03,S004,P0284,Furniture,South,453,96,148,111,222.66,10,Cloudy,No,211.49,Monsoon
2025-10-04,S015,P0026,Furniture,South,363,76,120,95,551.47,0,Storm,No,538.9,Winter
2025-07-09,S012,P0222,Food,South,155,36,32,26,568.03,5,Rainy,Yes,520.58,Summer
2025-12-07,S013,P0149,Clothing,North,381,82,146,116,220.57,5,Rainy,Yes,191.6,Monsoon
2024-09-02,S009,P0085,Food,West,410,25,69,40,382.3,20,Rainy,Yes,397.57,Summer
2025-07-01,S001,P0295,Electronics,East,464,48,88,79,56.27,5,Sunny,Yes,74.87,Spring
2025-09-23,S010,P0254,Stationery,North,116,34,83,72,521.1,10,Rainy,Yes,484.93,Spring
2024-12-05,S013,P0030,Food,East,439,46,62,41,844.31,10,Storm,Yes,806.99,Summer
2025-07-18,S008,P0110,Stationery,South,133,20,11,11,719.45,15,Rainy,No,748.31,Summer
2024-05-11,S017,P0359,Electronics,West,272,62,110,81,226.16,0,Storm,No,217.58,Spring
2024-01-29,S013,P0409,Electronics,East,493,107,125,125,215.26,10,Cloudy,Yes,170.5,Monsoon
2024-05-18,S005,P0460,Food,East,342,41,38,36,643.91,10,Sunny,No,666.7,Spring
2025-01-10,S001,P0432,Food,South,279,26,72,43,426.05,10,Sunny,Yes,432.97,Summer
2025-12-24,S009,P0485,Food,North,227,29,73,51,637.95,15,Cloudy,No,676.25,Monsoon
2024-11-18,S019,P0358,Medical,West,324,67,135,98,216.78,20,Cloudy,Yes,259.31,Monsoon
2025-09-05,S011,P0008,Clothing,Central,487,95,144,117,44.04,20,Rainy,Yes,82.91,Spring
2025-03-22,S013,P0052,Furniture,North,171,32,38,30,747.85,20,Rainy,Yes,723.58,Winter
2024-12-03,S003,P0094,Stationery,West,335,41,87,66,235.7,0,Storm,Yes,186.11,Summer
2024-07-16,S006,P0175,Food,West,438,80,122,103,939.66,10,Storm,Yes,906.92,Summer
2024-05-11,S018,P0498,Clothing,North,124,62,119,85,652.44,0,Storm,Yes,635.42,Spring
2025-12-15,S015,P0383,Medical,Central,59,98,116,100,579.78,10,Cloudy,No,569.86,Winter
2025-11-26,S013,P0099,Stationery,Central,186,70,115,87,627.3,20,Rainy,Yes,654.8,Spring
2024-06-06,S005,P0214,Electronics,West,123,55,55,52,841.02,0,Storm,Yes,848.41,Winter
2024-04-11,S009,P0170,Food,Central,234,46,78,58,735.13,20,Storm,No,725.77,Monsoon
2025-01-02,S014,P0141,Electronics,North,474,68,86,80,991.29,5,Sunny,No,966.77,Spring
2024-12-11,S012,P0037,Food,West,286,105,154,121,857.28,10,Cloudy,No,875.61,Monsoon
2024-04-19,S016,P0478,Clothing,North,98,27,52,33,267.41,20,Rainy,Yes,276.28,Summer
2025-06-25,S016,P0445,Electronics,North,228,73,91,90,517.43,5,Storm,Yes,551.08,Summer
2025-02-22,S007,P0263,Stationery,West,119,10,58,39,811.79,10,Sunny,Yes,777.18,Winter
2025-12-11,S020,P0398,Clothing,North,190,98,125,91,615.35,20,Rainy,No,587.68,Winter
2025-08-20,S019,P0450,Food,South,414,60,94,90,825.44,15,Cloudy,No,835.08,Summer
2025-07-22,S010,P0163,Electronics,West,157,19,45,22,395.35,10,Rainy,No,398.01,Spring
2025-12-08,S008,P0294,Clothing,North,271,43,65,65,577.31,15,Cloudy,Yes,591.33,Summer
2025-11-04,S002,P0411,Furniture,North,241,5,44,5,258.46,5,Cloudy,Yes,273.53,Monsoon
2025-06-17,S008,P0050,Medical,West,163,83,103,74,199.3,10,Storm,No,164.66,Monsoon
2025-06-29,S003,P0263,Food,East,243,63,115,76,371.65,0,Rainy,Yes,387.28,Winter
2025-05-27,S017,P0448,Food,Central,287,101,145,137,840.71,10,Cloudy,Yes,869.38,Spring
2024-06-11,S012,P0370,Medical,West,145,87,140,126,176.63,15,Cloudy,Yes,129.74,Spring
2025-03-06,S001,P0197,Food,South,449,66,107,74,217.69,15,Rainy,Yes,186.94,Monsoon
2024-04-04,S005,P0454,Food,East,435,72,115,110,474.05,20,Cloudy,No,439.01,Spring
2025-09-29,S005,P0113,Stationery,West,300,80,97,71,928.57,5,Sunny,No,891.92,Winter
2024-06-04,S014,P0162,Clothing,Central,472,26,60,30,682.52,20,Storm,Yes,638.18,Monsoon
2025-04-22,S011,P0161,Furniture,Central,248,79,105,89,79.9,15,Sunny,Yes,71.97,Spring
2024-08-03,S002,P0286,Medical,East,256,70,86,64,587.35,10,Cloudy,No,586.76,Summer
2025-02-18,S007,P0269,Electronics,South,443,75,110,78,270.94,20,Sunny,No,265.27,Spring
2024-03-22,S020,P0015,Stationery,East,97,35,87,62,684.45,5,Sunny,Yes,645.9,Summer
2025-08-03,S005,P0418,Electronics,West,351,106,163,130,647.14,0,Sunny,No,648.21,Spring
2025-09-02,S005,P0302,Medical,South,38,116,116,113,460.13,5,Storm,Yes,432.07,Summer
2024-10-08,S002,P0125,Stationery,East,483,95,144,117,664.74,20,Sunny,No,704.95,Spring
2024-12-01,S007,P0174,Clothing,West,255,70,125,99,863.63,5,Sunny,No,913.28,Spring
2024-08-29,S011,P0175,Stationery,North,398,17,66,56,841.47,5,Cloudy,No,801.49,Winter
2025-01-01,S008,P0265,Clothing,East,85,87,115,82,483.66,20,Cloudy,Yes,501.21,Monsoon
2025-01-11,S016,P0487,Electronics,North,280,73,82,76,972.14,10,Rainy,Yes,928.53,Monsoon
2024-02-20,S018,P0309,Electronics,North,121,56,108,80,122.69,15,Storm,No,154.6,Spring
2025-07-04,S009,P0183,Food,Central,47,116,129,115,642.42,10,Cloudy,No,672.85,Spring
2025-04-29,S014,P0372,Food,East,314,108,117,116,915.83,5,Sunny,Yes,947.77,Spring
2024-08-11,S007,P0445,Electronics,East,500,22,71,51,484.97,15,Storm,No,485.57,Spring
2025-12-24,S013,P0493,Medical,South,489,25,62,53,665.92,5,Sunny,Yes,626.37,Winter
2024-12-05,S010,P0047,Food,East,306,52,106,87,646.11,5,Sunny,No,618.77,Monsoon
2025-07-04,S010,P0150,Food,West,146,79,120,96,33.73,15,Cloudy,No,74.77,Summer
2024-05-05,S016,P0138,Stationery,Central,196,100,166,130,363.17,10,Sunny,No,378.2,Winter
2025-03-28,S004,P0208,Medical,Central,21,48,48,38,898.58,0,Sunny,No,899.94,Winter
2024-08-21,S002,P0362,Medical,East,423,102,128,111,670.97,15,Rainy,No,690.88,Spring
2024-10-21,S010,P0341,Stationery,South,33,99,134,97,812.26,5,Rainy,Yes,815.86,Summer
2025-03-10,S006,P0060,Medical,South,456,86,99,98,579.39,20,Storm,No,567.84,Spring
2025-04-15,S003,P0001,Furniture,East,83,81,142,118,990.05,15,Storm,Yes,983.6,Monsoon
2024-06-27,S019,P0279,Electronics,North,435,9,15,7,142.3,5,Rainy,No,119.17,Spring
2025-07-21,S015,P0315,Electronics,East,133,119,166,135,364.5,0,Rainy,No,323.88,Monsoon
2025-02-17,S012,P0033,Food,East,81,40,49,48,620.61,5,Storm,No,595.14,Spring
2024-11-10,S005,P0195,Furniture,North,91,116,133,130,118.94,15,Cloudy,No,93.57,Monsoon
2024-12-30,S009,P0416,Electronics,East,318,102,142,102,190.88,15,Sunny,Yes,178.44,Summer
2025-07-14,S009,P0400,Clothing,East,185,5,27,6,349.84,5,Storm,No,383.01,Summer
2024-07-03,S008,P0034,Clothing,East,293,73,113,77,10.79,15,Cloudy,No,36.29,Winter
2025-01-17,S004,P0134,Stationery,Central,371,66,111,74,831.16,5,Storm,No,816.92,Monsoon
2024-08-06,S008,P0226,Food,West,52,22,56,56,296.62,20,Storm,Yes,278.84,Summer
2024-02-23,S018,P0246,Furniture,North,377,72,117,85,61.08,0,Cloudy,Yes,83.39,Winter
2024-11-28,S004,P0484,Electronics,West,67,13,33,19,438.8,20,Sunny,No,430.06,Winter
2024-02-16,S011,P0390,Food,North,334,90,145,105,529.26,15,Storm,Yes,509.38,Summer
2025-03-14,S009,P0092,Stationery,South,440,79,123,111,251.95,0,Sunny,No,239.18,Winter
2024-02-24,S011,P0466,Stationery,North,114,29,33,22,959.35,15,Cloudy,Yes,996.78,Summer
2024-10-22,S016,P0019,Electronics,East,399,17,31,13,790.38,0,Sunny,No,780.75,Monsoon
2025-08-25,S008,P0106,Stationery,Central,309,23,20,14,983.27,15,Rainy,Yes,975.71,Summer
2024-05-19,S006,P0025,Clothing,West,162,9,21,1,239.79,20,Rainy,Yes,202.84,Winter
2025-11-10,S009,P0274,Clothing,South,398,83,123,121,851.83,0,Rainy,Yes,877.65,Summer
2024-08-21,S006,P0125,Stationery,Central,348,27,51,40,521.85,0,Cloudy,No,551.51,Spring
2025-11-26,S010,P0313,Food,West,165,47,58,45,311.24,20,Sunny,Yes,301.21,Monsoon
2025-08-20,S019,P0487,Clothing,South,282,60,89,77,274.95,0,Storm,No,297.92,Spring
2025-10-02,S012,P0091,Medical,West,483,115,137,120,665.25,20,Rainy,No,678.95,Spring
2024-04-04,S011,P0289,Electronics,East,191,93,118,94,982.02,15,Storm,No,969.11,Summer
2025-01-13,S004,P0137,Food,East,423,36,98,66,69.97,15,Rainy,Yes,61.62,Spring
2025-08-18,S013,P0223,Stationery,East,377,52,70,52,879.38,10,Rainy,No,921.76,Summer
2025-07-28,S011,P0383,Furniture,South,317,94,154,128,136.01,20,Cloudy,Yes,141.15,Spring
2025-05-20,S015,P0443,Stationery,West,492,80,98,79,112.23,15,Rainy,Yes,70.41,Monsoon
2024-10-04,S008,P0343,Medical,North,128,89,123,97,553.04,20,Storm,Yes,577.95,Spring
2025-07-05,S018,P0404,Stationery,North,95,42,98,68,594.34,5,Storm,Yes,605.93,Monsoon
2024-08-17,S015,P0046,Electronics,South,364,69,70,64,399.71,20,Sunny,No,415.29,Summer
2025-04-30,S009,P0275,Medical,West,86,53,76,46,694.22,0,Storm,Yes,738.52,Summer
2025-01-30,S013,P0402,Furniture,Central,394,40,79,66,126.65,0,Cloudy,No,174.55,Spring
2024-07-07,S010,P0177,Food,South,185,87,103,94,751.18,5,Rainy,Yes,740.04,Spring
2024-05-22,S019,P0135,Medical,North,403,79,146,106,900.29,0,Sunny,Yes,871.81,Spring
2025-12-20,S015,P0345,Electronics,West,486,54,107,89,571.49,0,Rainy,Yes,583.53,Monsoon
2024-08-13,S019,P0015,Electronics,West,327,19,17,11,956.37,0,Rainy,No,923.35,Winter
2024-03-24,S014,P0427,Food,South,119,33,54,37,972.34,5,Cloudy,Yes,969.96,Monsoon
2024-02-16,S014,P0253,Medical,South,442,77,117,101,97.72,0,Sunny,Yes,143.22,Monsoon
2025-07-11,S019,P0340,Stationery,North,66,18,33,33,975.57,20,Sunny,Yes,991.02,Monsoon
2025-11-02,S004,P0207,Medical,North,480,25,26,17,534.34,15,Sunny,Yes,569.66,Summer
2024-10-25,S009,P0455,Furniture,North,93,20,71,59,265.24,10,Rainy,No,245.48,Summer
2024-03-17,S019,P0052,Furniture,Central,237,12,76,46,569.82,0,Storm,Yes,568.39,Winter
2024-11-27,S005,P0401,Stationery,North,423,66,67,62,792.81,0,Cloudy,Yes,763.14,Summer
2024-11-06,S003,P0149,Electronics,North,483,64,96,96,169.96,20,Rainy,No,175.52,Monsoon
2024-11-20,S014,P0244,Medical,East,89,67,105,101,774.88,20,Storm,No,746.19,Monsoon
2025-03-14,S016,P0155,Medical,North,116,82,91,76,558.57,0,Storm,Yes,512.32,Monsoon
2024-06-22,S008,P0043,Clothing,South,147,87,93,86,354.87,0,Cloudy,Yes,312.48,Spring
2025-09-03,S012,P0173,Furniture,East,359,60,103,92,394.65,15,Rainy,No,399.44,Monsoon
2024-03-17,S015,P0299,Medical,Central,21,22,75,52,290.17,0,Cloudy,No,333.59,Spring
2025-02-03,S002,P0016,Clothing,North,329,41,99,63,982.16,20,Cloudy,No,954.25,Spring
2024-12-22,S005,P0437,Furniture,West,500,89,117,104,371.96,20,Sunny,No,351.58,Summer
2025-02-03,S001,P0244,Electronics,North,226,22,83,60,411.04,0,Sunny,No,386.94,Monsoon
2024-04-23,S009,P0021,Stationery,Central,449,33,47,23,514.15,15,Storm,Yes,550.26,Winter
2024-01-04,S004,P0249,Furniture,Central,346,109,151,125,546.08,0,Rainy,Yes,563.31,Spring
2025-02-21,S005,P0283,Furniture,South,106,29,58,51,130.5,5,Rainy,Yes,94.5,Monsoon
2024-01-14,S020,P0303,Medical,East,294,40,80,60,867.66,20,Sunny,Yes,836.92,Monsoon
2024-04-04,S008,P0191,Electronics,North,39,97,170,135,275.3,20,Rainy,No,305.55,Winter
2024-11-17,S017,P0304,Furniture,North,119,45,112,84,928.37,5,Storm,No,954.98,Winter
2025-10-16,S015,P0269,Furniture,North,378,90,134,103,560.96,0,Rainy,Yes,570.84,Winter
2024-01-25,S003,P0314,Clothing,South,478,43,78,39,294.82,10,Sunny,No,269.08,Monsoon
2025-04-25,S006,P0044,Stationery,Central,304,57,94,76,735.44,5,Rainy,Yes,740.5,Spring
2024-08-15,S008,P0238,Medical,Central,407,49,105,70,646.05,0,Sunny,Yes,663.42,Winter
2024-08-15,S013,P0306,Medical,North,441,89,146,118,258.08,5,Cloudy,No,290.28,Monsoon
2024-12-18,S001,P0279,Clothing,South,488,68,131,108,596.43,10,Sunny,No,616.22,Spring
2025-08-03,S018,P0220,Electronics,West,346,11,64,45,365.69,5,Sunny,Yes,367.67,Spring
2024-12-05,S002,P0043,Food,East,235,63,82,68,457.82,10,Rainy,No,444.95,Spring
2024-04-05,S002,P0072,Clothing,South,494,33,84,49,78.42,20,Sunny,No,118.31,Summer
2025-05-05,S010,P0138,Clothing,West,390,56,124,85,169.12,20,Storm,Yes,204.01,Monsoon
2024-01-10,S006,P0109,Clothing,Central,292,41,85,74,247.98,5,Sunny,Yes,288.08,Monsoon
2024-03-22,S013,P0308,Electronics,East,252,95,112,93,119.5,10,Cloudy,No,103.7,Spring
2024-10-15,S013,P0008,Furniture,East,453,79,94,70,182.38,15,Rainy,No,188.69,Spring
2024-03-03,S020,P0150,Clothing,South,142,102,119,105,660.59,20,Rainy,Yes,690.07,Monsoon
2025-10-17,S005,P0310,Food,West,295,108,139,106,393.01,0,Rainy,Yes,370.96,Spring
2024-06-10,S003,P0209,Food,Central,70,67,85,75,604.24,5,Rainy,Yes,556.88,Monsoon
2025-12-01,S001,P0203,Furniture,South,143,80,106,81,388.63,5,Cloudy,Yes,386.11,Summer
2024-05-04,S012,P0004,Furniture,South,449,34,71,61,505.11,10,Sunny,No,508.27,Winter
2025-11-18,S020,P0116,Food,Central,319,11,43,7,246.97,5,Storm,Yes,218.13,Winter
2024-01-03,S013,P0075,Furniture,East,49,87,89,78,711.65,10,Storm,No,704.68,Spring
2024-03-06,S015,P0297,Medical,South,283,99,134,112,970.13,10,Rainy,Yes,920.38,Monsoon
2024-12-18,S015,P0239,Medical,North,392,107,118,110,745.47,0,Cloudy,No,791.71,Spring
2024-10-23,S012,P0101,Stationery,Central,245,98,121,106,449.5,0,Sunny,Yes,460.99,Spring
2025-05-25,S016,P0332,Food,North,239,58,120,93,346.58,10,Rainy,Yes,314.26,Summer
2025-07-21,S003,P0409,Stationery,Central,64,110,164,144,482.02,0,Sunny,Yes,472.7,Summer
2024-09-08,S015,P0013,Food,West,55,91,113,88,483.68,20,Storm,Yes,501.66,Monsoon
2024-09-08,S003,P0445,Furniture,West,89,24,57,26,131.87,10,Cloudy,No,140.45,Spring
2024-08-13,S007,P0012,Electronics,North,486,68,68,63,293.21,5,Rainy,No,303.84,Monsoon
2024-09-08,S003,P0107,Furniture,East,311,101,161,125,908.79,5,Storm,No,946.16,Spring
2025-01-24,S004,P0252,Stationery,Central,333,31,59,29,757.42,20,Rainy,No,778.78,Spring
2024-12-16,S004,P0399,Clothing,North,311,14,38,25,920.16,5,Storm,No,874.28,Summer
2025-12-18,S012,P0033,Furniture,West,239,55,74,63,436.77,5,Rainy,No,473.92,Monsoon
2024-12-19,S011,P0477,Food,Central,132,108,144,113,950.68,10,Storm,No,967.94,Monsoon
2025-06-25,S019,P0148,Stationery,East,245,70,115,78,431.6,5,Sunny,Yes,409.47,Monsoon
2025-02-20,S019,P0215,Clothing,West,340,22,32,32,958.99,20,Cloudy,Yes,921.95,Summer
2025-11-19,S006,P0306,Furniture,East,47,115,139,131,753.19,15,Sunny,No,774.29,Summer
2024-09-20,S014,P0445,Stationery,East,370,117,132,124,82.22,20,Sunny,Yes,43.24,Summer
2024-07-19,S012,P0498,Food,Central,169,119,169,140,554.6,0,Storm,Yes,533.29,Monsoon
2024-04-29,S020,P0272,Furniture,North,462,71,82,79,464.37,5,Cloudy,No,437.39,Summer
2024-09-05,S009,P0163,Electronics,West,118,61,101,92,696.48,20,Storm,No,716.35,Spring
2024-01-13,S017,P0219,Furniture,North,222,30,86,46,227.51,5,Sunny,Yes,262.38,Summer
2024-06-04,S009,P0396,Medical,South,33,110,136,103,299.26,10,Rainy,Yes,261.91,Spring
2025-04-07,S018,P0310,Food,West,365,78,93,92,947.53,20,Sunny,Yes,914.17,Spring
2024-01-09,S020,P0069,Electronics,Central,456,47,93,77,610.52,10,Cloudy,No,649.59,Monsoon
2025-08-04,S012,P0391,Electronics,Central,386,111,111,104,868.42,5,Rainy,No,844.58,Winter
2025-10-30,S004,P0244,Clothing,Central,475,116,110,106,117.2,10,Sunny,Yes,96.38,Summer
2025-06-20,S003,P0032,Clothing,North,395,70,136,96,759.76,0,Cloudy,Yes,738.34,Winter
2024-12-22,S007,P0268,Stationery,North,227,54,97,76,85.09,5,Cloudy,Yes,118.45,Spring
2024-11-13,S001,P0053,Food,Central,254,45,89,57,59.44,0,Cloudy,No,71.89,Monsoon
2025-04-03,S020,P0020,Furniture,West,76,67,120,85,269.64,0,Sunny,No,315.85,Summer
2025-05-10,S014,P0410,Medical,West,379,18,40,35,115.64,20,Sunny,Yes,158.42,Spring
2025-01-29,S003,P0244,Electronics,East,244,50,110,77,209.94,5,Sunny,No,175.92,Summer
2025-01-18,S015,P0362,Furniture,Central,117,37,83,49,76.3,10,Cloudy,Yes,68.5,Monsoon
2024-09-02,S006,P0199,Food,South,146,79,147,110,772.76,20,Sunny,No,739.07,Spring
2024-12-09,S014,P0281,Food,Central,306,10,25,4,544.03,10,Rainy,Yes,586.93,Summer
2024-01-07,S013,P0221,Medical,Central,97,105,148,127,212.46,15,Rainy,No,180.34,Monsoon
2024-03-12,S012,P0484,Clothing,West,346,52,92,89,172.96,5,Sunny,Yes,210.44,Winter
2025-07-11,S005,P0454,Stationery,North,259,109,111,111,539.82,20,Storm,Yes,582.21,Summer
2025-05-10,S017,P0150,Furniture,East,426,65,114,85,920.66,0,Rainy,No,882.75,Spring
2024-07-22,S002,P0424,Furniture,East,20,104,135,132,18.53,0,Rainy,Yes,-16.83,Monsoon
2025-11-22,S015,P0241,Electronics,Central,168,67,73,70,355.31,15,Storm,Yes,390.19,Spring
2024-04-20,S015,P0209,Clothing,North,212,51,125,86,440.16,15,Storm,Yes,430.42,Summer
2024-10-21,S010,P0484,Furniture,West,418,39,31,30,618.84,10,Cloudy,Yes,584.07,Spring
2025-10-01,S009,P0125,Medical,North,122,93,102,94,839.41,20,Storm,Yes,797.0,Monsoon
2025-12-10,S019,P0059,Electronics,East,165,66,113,98,427.12,0,Sunny,Yes,410.58,Winter
2024-03-11,S013,P0179,Medical,Central,223,95,120,94,18.82,20,Rainy,No,-27.91,Spring
2024-12-10,S007,P0184,Food,North,326,63,101,88,228.45,10,Rainy,Yes,229.21,Monsoon
2025-08-07,S017,P0474,Food,West,226,65,96,91,820.02,15,Cloudy,Yes,794.27,Summer
2024-01-24,S005,P0399,Medical,South,468,31,57,26,695.75,15,Cloudy,No,688.08,Monsoon
2024-09-27,S010,P0002,Electronics,North,459,118,155,145,988.62,15,Rainy,Yes,1005.6,Spring
2025-11-11,S001,P0287,Clothing,East,45,16,49,25,792.01,10,Rainy,Yes,750.61,Spring
2024-04-27,S011,P0461,Food,South,225,88,93,90,880.32,5,Storm,Yes,929.16,Winter
2024-04-01,S019,P0121,Electronics,Central,484,12,7,5,593.44,20,Storm,Yes,625.52,Winter
2024-11-13,S009,P0034,Clothing,Central,457,110,136,134,181.76,5,Rainy,Yes,165.35,Summer
2024-02-20,S008,P0395,Food,West,492,38,87,73,637.02,15,Rainy,Yes,629.49,Winter
2024-05-23,S019,P0156,Food,East,90,91,148,121,524.71,10,Storm,Yes,560.01,Monsoon
2024-08-13,S008,P0005,Medical,West,57,111,108,106,979.68,20,Storm,Yes,1024.37,Spring
2025-09-25,S005,P0342,Food,Central,277,42,46,40,562.12,0,Rainy,No,586.82,Spring
2024-12-30,S004,P0261,Food,West,351,8,52,46,411.48,15,Storm,Yes,404.19,Summer
2025-02-22,S013,P0451,Stationery,South,494,35,86,52,530.7,10,Storm,No,483.16,Summer
2025-08-29,S017,P0006,Medical,South,101,28,72,45,440.63,20,Storm,No,473.71,Winter
2025-02-08,S018,P0496,Medical,North,438,46,57,46,554.79,20,Storm,No,572.39,Summer
2024-11-21,S015,P0078,Food,East,309,73,77,69,330.22,20,Storm,No,327.88,Monsoon
2024-01-26,S001,P0474,Electronics,East,301,112,149,114,375.66,20,Sunny,No,328.12,Winter
2025-01-31,S005,P0303,Clothing,West,188,66,128,91,196.59,0,Cloudy,Yes,241.93,Spring
2024-03-23,S012,P0397,Electronics,North,351,19,61,28,434.25,0,Rainy,No,471.55,Monsoon
2025-08-31,S016,P0179,Stationery,West,380,86,120,87,948.42,20,Sunny,Yes,981.95,Winter
2024-05-24,S001,P0033,Stationery,Central,321,30,28,21,110.66,5,Storm,Yes,94.65,Spring
2024-10-08,S006,P0083,Furniture,South,107,78,117,116,407.49,20,Storm,Yes,391.95,Winter
2025-10-11,S016,P0328,Furniture,North,307,7,31,21,887.57,0,Rainy,No,915.82,Summer
2025-01-29,S008,P0241,Stationery,East,353,95,120,112,266.97,20,Sunny,No,262.09,Spring
2025-12-07,S014,P0348,Food,East,67,108,156,139,312.02,20,Sunny,No,298.77,Spring
2024-08-01,S003,P0144,Food,West,205,87,112,96,940.35,5,Storm,No,915.79,Summer
2025-11-13,S008,P0339,Clothing,Central,402,116,155,123,206.32,10,Storm,Yes,212.48,Spring
2025-05-21,S015,P0243,Clothing,Central,130,60,94,75,522.41,5,Storm,Yes,487.84,Monsoon
2024-09-06,S009,P0154,Furniture,West,101,103,160,134,773.74,20,Cloudy,Yes,779.83,Monsoon
2024-01-25,S002,P0306,Furniture,Central,410,97,156,137,325.94,0,Cloudy,No,312.06,Spring
2024-06-18,S020,P0389,Furniture,Central,395,110,103,100,463.31,10,Sunny,No,430.53,Spring
2024-08-20,S012,P0342,Stationery,North,488,99,129,120,846.09,20,Rainy,Yes,827.56,Winter
2025-03-07,S001,P0154,Clothing,North,90,47,94,72,118.84,0,Rainy,Yes,136.5,Monsoon
2024-08-02,S008,P0423,Furniture,West,195,34,36,28,909.77,20,Cloudy,Yes,886.25,Winter
2024-04-12,S006,P0206,Clothing,South,77,23,50,28,580.34,10,Storm,No,629.72,Summer
2025-07-18,S002,P0269,Clothing,West,242,112,169,145,907.05,10,Rainy,Yes,868.15,Monsoon
2024-12-22,S020,P0422,Stationery,North,169,48,59,43,635.6,15,Rainy,No,683.28,Winter
2024-03-21,S008,P0353,Food,North,264,90,121,99,830.51,10,Storm,Yes,856.09,Spring
2024-07-09,S013,P0049,Furniture,North,298,113,135,109,461.07,5,Cloudy,No,455.3,Monsoon
2025-03-09,S006,P0386,Food,North,388,97,145,135,763.44,10,Cloudy,Yes,801.74,Spring
2025-02-05,S003,P0309,Food,South,101,6,72,33,933.58,15,Sunny,Yes,940.68,Monsoon
2024-03-16,S020,P0421,Medical,Central,243,100,124,121,317.66,0,Rainy,Yes,338.89,Spring
2025-03-27,S008,P0424,Medical,Central,136,91,98,87,952.75,5,Sunny,No,930.79,Monsoon
2024-04-02,S008,P0206,Clothing,East,356,42,82,73,66.61,10,Sunny,Yes,77.39,Summer
2024-08-31,S015,P0095,Medical,Central,74,36,50,42,476.67,10,Sunny,Yes,470.83,Monsoon
2024-10-26,S017,P0436,Stationery,South,322,8,63,45,632.42,5,Cloudy,Yes,671.95,Spring
2025-09-21,S019,P0248,Food,North,210,33,78,73,887.73,5,Sunny,No,904.18,Winter
2025-02-21,S013,P0463,Clothing,North,95,92,126,119,949.24,15,Storm,Yes,959.74,Summer
2025-06-05,S017,P0251,Furniture,Central,77,112,138,129,688.46,0,Rainy,Yes,712.82,Winter
2025-08-30,S015,P0223,Food,North,301,36,87,51,900.89,10,Sunny,No,895.16,Summer
2025-08-01,S020,P0380,Medical,North,283,92,141,110,10.97,10,Cloudy,Yes,-4.4,Winter
2024-09-17,S013,P0381,Medical,South,160,45,38,38,810.78,5,Storm,Yes,761.37,Summer
2024-11-13,S013,P0025,Furniture,North,346,49,52,42,598.5,20,Cloudy,Yes,588.48,Summer
2024-10-06,S018,P0365,Stationery,South,228,92,155,126,682.63,10,Rainy,No,695.17,Winter
2024-02-15,S002,P0447,Clothing,North,58,118,158,123,668.38,15,Rainy,Yes,635.63,Monsoon
2025-01-19,S018,P0337,Medical,South,50,17,60,41,168.09,0,Cloudy,Yes,127.94,Summer
2024-02-02,S013,P0268,Electronics,West,414,75,124,112,688.29,0,Rainy,No,726.44,Winter
2024-08-31,S013,P0308,Electronics,West,295,77,115,110,652.03,15,Cloudy,No,701.07,Spring
2025-05-08,S004,P0400,Electronics,West,114,10,3,2,360.05,0,Sunny,No,335.75,Winter
2025-03-20,S018,P0430,Medical,East,143,39,87,64,872.65,0,Sunny,Yes,902.1,Summer
2025-04-14,S020,P0136,Stationery,East,23,72,90,85,767.1,20,Cloudy,No,792.45,Monsoon
2025-03-06,S004,P0308,Furniture,West,330,65,103,64,401.47,10,Storm,No,390.42,Winter
2024-08-29,S005,P0434,Food,South,244,62,105,98,691.22,20,Cloudy,No,691.27,Winter
2024-05-17,S001,P0191,Clothing,West,399,56,118,94,924.43,15,Rainy,No,928.82,Winter
2024-07-19,S005,P0112,Stationery,East,298,113,166,136,749.97,0,Storm,Yes,716.56,Monsoon
2024-10-31,S001,P0152,Stationery,North,423,55,80,69,499.3,5,Sunny,No,522.05,Spring
2024-04-09,S017,P0117,Electronics,Central,370,43,84,44,674.23,10,Storm,No,642.79,Summer
2025-03-01,S019,P0199,Medical,Central,154,66,73,57,394.42,15,Storm,Yes,398.28,Summer
2025-01-21,S016,P0350,Medical,South,302,76,129,115,12.96,10,Storm,Yes,17.09,Winter
2024-12-18,S006,P0248,Electronics,West,315,28,74,65,781.67,20,Cloudy,Yes,743.03,Monsoon
2024-03-06,S003,P0279,Food,South,42,38,55,31,745.4,5,Rainy,Yes,753.3,Monsoon
2025-05-06,S019,P0396,Food,North,83,71,74,73,96.63,0,Storm,No,91.27,Spring
2025-06-22,S010,P0298,Medical,West,333,98,171,138,659.61,20,Sunny,No,657.32,Summer
2024-05-18,S014,P0183,Medical,North,74,67,71,64,286.37,15,Sunny,Yes,315.42,Spring
2024-03-19,S014,P0103,Electronics,South,272,32,82,62,412.32,5,Storm,No,371.79,Monsoon
2025-04-04,S014,P0112,Food,Central,438,27,90,64,112.32,20,Sunny,Yes,92.83,Summer
2025-06-22,S017,P0486,Furniture,North,456,93,165,128,651.79,20,Sunny,Yes,607.15,Winter
2025-05-26,S008,P0411,Stationery,South,59,59,102,80,196.64,5,Storm,Yes,158.13,Summer
2024-03-19,S002,P0159,Stationery,Central,260,83,127,106,275.08,0,Sunny,Yes,300.51,Spring
2025-11-19,S011,P0356,Food,South,103,81,111,93,377.86,10,Sunny,Yes,378.21,Spring
2024-10-12,S011,P0055,Food,East,395,32,100,60,162.59,10,Sunny,Yes,190.31,Monsoon
2025-07-25,S014,P0460,Furniture,North,470,117,151,111,741.66,10,Rainy,Yes,774.87,Spring
2024-02-08,S009,P0051,Furniture,Central,82,94,143,118,240.94,20,Cloudy,No,217.05,Summer
2024-04-06,S016,P0307,Food,Central,180,54,60,57,607.08,0,Cloudy,Yes,646.56,Spring
2025-12-13,S002,P0288,Stationery,Central,358,44,94,57,543.0,5,Rainy,Yes,555.96,Spring
2025-05-10,S017,P0033,Electronics,South,345,104,127,106,654.34,0,Rainy,No,646.19,Summer
2025-03-15,S001,P0362,Furniture,East,251,8,36,28,129.81,5,Rainy,Yes,150.47,Summer
2024-10-03,S002,P0211,Stationery,South,68,93,155,122,880.76,5,Rainy,Yes,911.84,Spring
2024-11-16,S010,P0149,Clothing,South,177,120,116,110,892.64,0,Cloudy,No,907.52,Summer
2025-11-16,S020,P0158,Food,West,362,8,25,8,252.2,10,Cloudy,Yes,202.93,Winter
2025-11-15,S001,P0314,Medical,East,396,70,91,87,980.08,15,Sunny,No,1029.05,Spring
2024-12-25,S011,P0160,Stationery,South,118,84,147,108,709.61,5,Cloudy,No,706.36,Winter
2025-12-01,S003,P0342,Electronics,North,344,84,109,77,910.21,5,Rainy,No,898.76,Spring
2024-11-23,S006,P0124,Food,West,335,39,76,40,597.7,5,Storm,No,551.22,Spring
2025-09-06,S003,P0292,Clothing,North,108,104,140,104,353.5,5,Sunny,Yes,357.23,Winter
2025-09-28,S013,P0218,Stationery,South,426,34,93,74,135.55,5,Rainy,No,114.96,Spring
2024-07-14,S009,P0107,Food,East,123,108,150,117,543.41,5,Sunny,No,588.64,Spring
2025-09-18,S006,P0146,Furniture,Central,150,98,122,90,440.31,10,Rainy,No,471.5,Summer
2025-07-21,S001,P0296,Clothing,South,188,48,67,39,276.3,10,Cloudy,No,308.42,Spring
2025-10-08,S014,P0146,Clothing,South,463,6,47,11,432.65,20,Cloudy,Yes,470.01,Spring
2025-02-18,S001,P0020,Medical,Central,188,10,45,16,133.35,20,Cloudy,No,135.65,Summer
2025-07-17,S013,P0265,Food,West,280,63,83,66,986.1,20,Storm,No,1000.61,Spring
2024-01-17,S014,P0300,Electronics,North,229,94,119,90,703.28,0,Cloudy,No,740.5,Winter
2024-03-23,S013,P0246,Clothing,West,33,102,138,105,268.1,15,Storm,No,228.36,Winter
2025-10-30,S013,P0252,Stationery,East,193,14,70,38,428.15,0,Cloudy,Yes,446.77,Summer
2024-10-17,S011,P0010,Clothing,East,375,31,83,44,888.72,15,Sunny,No,896.27,Spring
2025-02-22,S009,P0462,Furniture,Central,458,95,135,121,489.63,10,Storm,Yes,444.19,Spring
2025-12-20,S002,P0433,Furniture,East,294,80,101,80,803.52,0,Sunny,Yes,783.59,Monsoon
2025-12-23,S003,P0323,Food,South,271,59,107,96,758.01,10,Cloudy,Yes,759.43,Spring
2025-07-26,S001,P0369,Electronics,North,464,11,67,43,203.9,20,Sunny,Yes,188.98,Spring
2025-07-16,S001,P0389,Clothing,Central,315,53,102,81,93.22,20,Cloudy,Yes,108.07,Spring
2025-04-15,S014,P0076,Electronics,South,199,72,116,86,58.28,5,Storm,Yes,47.01,Monsoon
2024-11-07,S020,P0194,Stationery,South,368,41,84,44,599.18,15,Rainy,Yes,600.05,Winter
2025-11-21,S002,P0230,Furniture,North,97,30,57,34,445.35,15,Storm,No,404.23,Monsoon
2024-12-31,S013,P0228,Medical,East,256,64,92,81,678.45,5,Sunny,No,667.26,Spring
2024-09-28,S010,P0430,Medical,East,421,68,130,107,617.14,10,Rainy,No,632.15,Summer
2025-04-01,S008,P0244,Food,West,403,63,119,103,879.4,0,Storm,No,925.63,Monsoon
2024-01-26,S012,P0042,Clothing,Central,155,116,116,115,958.71,15,Storm,No,950.84,Summer
2024-11-01,S019,P0030,Electronics,North,65,14,54,24,768.87,5,Cloudy,Yes,724.81,Spring
2025-01-16,S011,P0126,Medical,East,223,50,118,86,158.51,10,Storm,No,180.75,Summer
2024-12-16,S001,P0442,Electronics,East,112,30,71,63,942.07,15,Storm,Yes,990.46,Winter
2024-03-12,S003,P0041,Medical,Central,50,99,123,104,589.07,10,Storm,No,621.52,Winter
2024-03-29,S009,P0206,Food,North,300,18,71,51,507.36,15,Cloudy,No,536.12,Spring
2025-04-04,S015,P0376,Medical,West,237,16,64,38,516.01,0,Storm,No,494.08,Summer
2025-12-26,S020,P0301,Clothing,North,334,7,67,44,714.89,10,Sunny,No,705.3,Summer
2025-12-19,S016,P0217,Clothing,North,139,93,97,97,732.7,20,Cloudy,No,753.14,Spring
2025-11-27,S002,P0182,Electronics,South,143,84,135,108,182.99,5,Sunny,No,139.7,Spring
2024-02-03,S003,P0130,Food,Central,177,67,104,76,868.94,5,Cloudy,Yes,874.12,Monsoon
2025-04-11,S010,P0053,Electronics,South,173,115,132,124,12.64,10,Rainy,No,23.21,Summer
2024-12-31,S004,P0105,Electronics,South,62,73,136,110,419.48,15,Cloudy,Yes,417.39,Summer
2024-01-09,S018,P0418,Electronics,East,92,50,95,72,203.64,15,Rainy,No,230.88,Summer
2025-12-11,S002,P0415,Medical,Central,80,67,130,92,334.59,20,Cloudy,Yes,365.26,Summer
2025-07-21,S012,P0389,Medical,South,212,47,93,60,841.11,0,Rainy,Yes,828.79,Winter
2025-08-24,S007,P0492,Medical,North,132,44,104,68,100.78,0,Cloudy,No,124.01,Summer
2024-09-22,S020,P0449,Clothing,Central,85,95,134,123,318.64,5,Storm,Yes,278.92,Winter
2025-08-24,S007,P0152,Electronics,North,396,18,23,19,519.86,5,Cloudy,No,517.08,Winter
2024-07-20,S011,P0115,Electronics,South,147,15,48,26,368.82,0,Sunny,No,414.05,Monsoon
2024-01-11,S020,P0455,Stationery,West,250,61,90,85,675.0,0,Cloudy,No,714.37,Monsoon
2024-11-23,S010,P0062,Medical,South,253,57,121,94,245.01,10,Sunny,Yes,227.56,Spring
2025-09-20,S003,P0479,Medical,North,459,120,165,148,347.83,0,Sunny,No,339.53,Winter
2025-12-12,S017,P0326,Furniture,South,403,53,108,84,693.12,0,Cloudy,Yes,644.85,Winter
2025-02-18,S016,P0183,Stationery,West,294,23,71,39,925.8,5,Rainy,No,944.5,Spring
2024-05-29,S003,P0382,Electronics,North,35,72,114,74,278.28,20,Cloudy,Yes,308.24,Summer
2025-11-08,S018,P0322,Food,North,429,86,156,116,358.18,5,Rainy,Yes,384.19,Summer
2024-02-01,S020,P0253,Stationery,South,43,87,148,119,913.74,10,Cloudy,Yes,919.63,Spring
2024-05-05,S002,P0170,Stationery,Central,94,83,100,95,302.29,5,Sunny,Yes,342.39,Spring
2024-01-17,S006,P0135,Electronics,West,432,53,63,45,556.89,5,Cloudy,No,586.02,Spring
2024-09-26,S001,P0132,Electronics,Central,250,107,160,122,966.38,0,Cloudy,No,988.18,Spring
2025-12-05,S012,P0221,Furniture,South,152,31,29,23,901.57,10,Storm,No,914.27,Spring
2024-12-21,S002,P0214,Stationery,South,237,94,162,123,831.29,0,Rainy,Yes,801.89,Winter
2024-04-10,S019,P0142,Stationery,West,429,98,135,100,388.37,10,Sunny,Yes,386.57,Summer
2025-06-05,S017,P0301,Clothing,South,28,31,49,42,762.33,10,Rainy,No,798.01,Monsoon
2024-03-16,S012,P0120,Clothing,West,321,96,141,134,267.02,20,Rainy,Yes,290.13,Monsoon
2024-04-05,S008,P0065,Stationery,West,396,57,90,77,643.21,20,Storm,Yes,626.35,Monsoon
2025-06-06,S011,P0195,Stationery,South,408,71,126,86,533.43,15,Rainy,No,566.9,Summer
2024-06-11,S005,P0126,Clothing,South,289,120,154,120,902.06,0,Sunny,No,904.75,Monsoon
2025-03-13,S017,P0010,Medical,West,294,98,134,107,490.11,15,Cloudy,No,504.02,Summer
2025-05-06,S005,P0041,Furniture,East,157,98,141,105,332.2,20,Rainy,Yes,329.69,Spring
2024-11-26,S020,P0251,Clothing,Central,479,49,103,82,603.7,5,Storm,No,646.08,Winter
2025-12-03,S006,P0220,Food,East,52,95,143,125,971.03,15,Sunny,Yes,989.42,Spring
2025-03-10,S003,P0393,Clothing,West,151,47,68,51,617.0,10,Cloudy,Yes,645.71,Spring
2025-03-27,S002,P0290,Furniture,East,291,81,113,98,936.01,0,Rainy,Yes,977.36,Winter
2025-02-09,S005,P0089,Clothing,South,421,29,26,21,761.01,10,Rainy,No,768.57,Summer
2024-11-08,S019,P0322,Medical,East,415,89,127,117,484.8,15,Storm,Yes,490.13,Winter
2025-10-10,S010,P0284,Electronics,North,467,69,78,61,18.03,5,Cloudy,Yes,-12.32,Spring
2024-09-04,S012,P0168,Clothing,East,211,106,154,129,406.24,15,Storm,Yes,366.67,Monsoon
2024-09-07,S009,P0477,Stationery,West,319,24,41,39,618.9,15,Rainy,No,617.36,Summer
2024-02-19,S003,P0055,Medical,South,342,47,97,84,401.14,10,Cloudy,No,413.55,Spring
2025-10-03,S003,P0451,Clothing,East,493,92,123,91,370.79,0,Rainy,Yes,337.86,Winter
2025-11-20,S013,P0094,Food,East,274,63,94,74,553.53,0,Rainy,No,594.95,Spring
2025-05-04,S020,P0398,Electronics,West,348,70,95,77,750.9,0,Cloudy,Yes,745.48,Winter
2025-09-13,S009,P0154,Electronics,East,278,13,62,32,380.9,0,Rainy,No,346.22,Summer
2025-11-19,S008,P0265,Stationery,East,71,59,105,66,546.08,20,Storm,No,572.01,Spring
2025-03-31,S012,P0167,Clothing,Central,242,49,83,63,586.53,0,Cloudy,Yes,584.67,Monsoon
2024-08-15,S014,P0410,Medical,South,412,60,114,84,660.67,0,Rainy,Yes,644.3,Monsoon
2025-09-19,S004,P0178,Furniture,East,459,119,143,112,410.87,5,Storm,No,390.72,Winter
2024-02-22,S008,P0393,Clothing,Central,359,11,15,8,950.25,10,Cloudy,Yes,946.48,Winter
2025-11-06,S015,P0493,Medical,East,154,93,147,117,142.16,10,Storm,No,186.42,Winter
2024-08-16,S011,P0449,Stationery,East,195,39,110,70,492.92,0,Storm,Yes,482.27,Monsoon
2024-06-04,S001,P0428,Stationery,Central,141,115,148,114,373.05,10,Cloudy,No,358.0,Monsoon
2025-05-14,S017,P0396,Clothing,North,205,69,91,65,408.43,5,Rainy,No,437.17,Summer
2024-09-01,S015,P0053,Clothing,West,129,99,176,136,308.93,0,Storm,Yes,288.99,Monsoon
2025-05-19,S011,P0293,Clothing,North,362,80,116,101,974.45,0,Rainy,No,980.05,Monsoon
2025-01-16,S013,P0052,Electronics,North,385,103,120,118,131.43,0,Storm,No,100.53,Winter
2025-11-05,S015,P0294,Stationery,East,453,10,54,48,443.95,0,Sunny,No,487.96,Spring
2025-12-18,S005,P0057,Stationery,East,325,27,70,50,320.68,0,Rainy,No,310.47,Spring
2025-02-15,S012,P0451,Stationery,East,366,36,60,48,792.68,15,Storm,Yes,842.67,Spring
2024-02-29,S007,P0119,Clothing,North,252,21,53,19,542.95,10,Rainy,Yes,570.86,Winter
2024-10-05,S010,P0500,Medical,South,117,11,68,39,911.67,10,Storm,No,878.17,Summer
2024-11-17,S009,P0267,Electronics,South,265,96,171,135,419.91,0,Sunny,Yes,464.98,Spring
2025-11-20,S005,P0200,Electronics,Central,389,34,87,47,442.58,10,Rainy,No,448.65,Summer
2025-11-16,S003,P0073,Medical,Central,232,35,101,71,811.68,10,Storm,No,832.43,Winter
2024-03-31,S006,P0166,Furniture,West,434,21,62,54,957.34,5,Sunny,Yes,914.9,Spring
2025-10-19,S011,P0232,Clothing,East,299,77,97,76,811.91,10,Storm,No,801.34,Summer
2024-07-04,S004,P0409,Stationery,Central,211,92,119,102,293.55,0,Cloudy,Yes,254.49,Summer
2025-01-26,S007,P0283,Stationery,Central,491,62,96,64,966.71,10,Sunny,Yes,931.15,Spring
2025-03-15,S003,P0134,Food,South,282,43,88,82,541.69,10,Rainy,Yes,577.89,Winter
2024-09-24,S004,P0057,Furniture,West,358,71,88,76,250.5,10,Rainy,Yes,297.98,Spring
2024-01-12,S015,P0465,Food,North,120,5,57,27,879.67,15,Sunny,No,921.68,Spring
2025-03-21,S016,P0216,Stationery,West,75,74,108,79,383.44,20,Sunny,No,370.76,Summer
2024-04-06,S002,P0337,Clothing,North,275,23,33,15,550.14,20,Storm,Yes,539.62,Winter
2024-08-19,S013,P0132,Medical,West,473,110,152,142,393.25,10,Storm,No,408.68,Winter
2025-08-25,S001,P0199,Clothing,Central,333,15,32,30,329.67,5,Sunny,No,340.59,Winter
2024-08-22,S002,P0064,Medical,North,172,21,39,32,708.12,20,Cloudy,Yes,703.18,Summer
2025-02-10,S006,P0061,Clothing,South,298,23,75,50,469.9,0,Sunny,Yes,466.14,Spring
2024-05-21,S004,P0217,Medical,North,419,116,137,127,407.51,0,Storm,No,371.57,Monsoon
2025-06-10,S017,P0424,Clothing,South,25,23,65,51,207.0,10,Sunny,Yes,211.52,Spring
2025-01-05,S013,P0294,Furniture,East,249,35,50,45,485.22,10,Sunny,Yes,527.05,Summer
2024-03-24,S003,P0293,Clothing,East,175,11,54,49,159.04,20,Storm,Yes,133.49,Summer
2024-12-13,S016,P0359,Electronics,South,433,102,159,130,108.97,15,Sunny,No,67.11,Spring
2025-05-27,S013,P0003,Clothing,North,251,12,57,38,82.98,10,Storm,No,123.99,Summer
2025-10-11,S009,P0060,Medical,West,343,76,123,103,216.75,15,Storm,No,205.27,Spring
2025-11-14,S019,P0410,Stationery,West,243,114,107,107,393.9,5,Rainy,Yes,374.92,Spring
2024-08-30,S015,P0171,Food,East,42,34,49,38,271.55,15,Cloudy,Yes,296.39,Winter
2024-11-05,S007,P0432,Electronics,Central,297,40,66,64,590.78,15,Sunny,No,613.32,Spring
2024-01-21,S019,P0457,Clothing,Central,458,48,66,56,488.81,15,Cloudy,No,498.25,Spring
2024-04-30,S010,P0452,Food,East,73,18,41,11,953.83,20,Cloudy,No,951.1,Spring
2024-12-15,S019,P0108,Clothing,Central,256,24,82,46,792.35,5,Cloudy,No,758.99,Winter
2024-07-27,S012,P0380,Food,North,316,6,66,34,265.24,15,Storm,No,268.08,Summer
2025-10-27,S018,P0244,Electronics,Central,387,115,135,131,226.3,5,Storm,No,269.45,Spring
2025-03-25,S014,P0074,Food,South,325,52,73,71,759.3,5,Storm,No,766.25,Summer
2025-03-30,S012,P0064,Furniture,Central,55,90,135,130,64.62,15,Storm,Yes,90.55,Summer
2025-11-07,S006,P0119,Furniture,South,426,9,59,25,967.17,5,Sunny,Yes,945.91,Summer
2025-09-23,S001,P0428,Food,Central,321,34,57,40,385.29,15,Cloudy,Yes,416.73,Winter
2025-02-12,S013,P0166,Furniture,Central,333,49,88,80,198.82,15,Cloudy,Yes,202.59,Summer
2025-06-01,S009,P0130,Medical,Central,195,36,59,56,42.68,15,Cloudy,No,78.83,Spring
2024-12-14,S009,P0086,Clothing,East,145,18,52,15,635.43,20,Cloudy,Yes,663.76,Winter
2024-11-27,S001,P0246,Medical,West,146,61,96,77,970.92,10,Storm,No,954.22,Winter
2025-11-26,S003,P0470,Food,North,112,10,51,14,951.45,5,Sunny,No,913.68,Spring
2025-02-28,S019,P0269,Food,South,492,31,94,58,665.21,20,Storm,Yes,696.32,Winter
2024-09-14,S004,P0243,Stationery,Central,430,25,70,34,368.67,15,Storm,No,336.04,Monsoon
2024-04-27,S001,P0242,Electronics,North,238,6,23,11,762.64,20,Cloudy,Yes,768.31,Winter
2024-07-02,S005,P0349,Furniture,North,289,67,97,76,687.93,5,Sunny,No,731.83,Monsoon
2024-10-31,S003,P0029,Clothing,West,207,39,58,33,282.67,15,Storm,Yes,294.62,Spring
2024-11-23,S019,P0230,Clothing,East,352,99,96,90,361.96,15,Rainy,Yes,380.05,Summer
2025-02-11,S007,P0104,Electronics,Central,48,66,111,90,299.43,20,Cloudy,No,342.63,Summer
2024-08-31,S003,P0443,Clothing,East,372,76,104,79,539.56,0,Storm,Yes,532.18,Summer
2024-05-17,S004,P0318,Stationery,West,225,67,78,61,744.11,20,Sunny,Yes,728.33,Monsoon
2024-02-15,S001,P0317,Furniture,East,389,18,71,44,501.39,15,Sunny,Yes,518.32,Winter
2024-05-02,S008,P0361,Furniture,Central,454,76,110,75,726.58,10,Storm,Yes,689.21,Monsoon
2025-08-12,S004,P0176,Medical,East,351,113,145,115,589.64,20,Cloudy,Yes,555.79,Winter
2025-03-15,S001,P0463,Food,East,451,32,88,60,92.45,20,Storm,No,58.94,Winter
2024-11-13,S006,P0198,Furniture,East,488,28,72,37,812.6,5,Sunny,Yes,820.88,Winter
2024-07-01,S014,P0363,Food,West,173,88,144,114,730.34,5,Rainy,No,756.31,Monsoon
2024-07-14,S015,P0266,Food,South,345,44,86,46,884.51,10,Storm,No,896.77,Spring
2024-04-22,S002,P0428,Furniture,Central,192,120,154,135,230.57,20,Sunny,Yes,267.22,Monsoon
2025-06-30,S014,P0493,Electronics,North,351,7,56,38,134.11,15,Sunny,No,142.23,Winter
2025-09-07,S010,P0451,Furniture,West,53,58,114,92,488.1,15,Storm,Yes,479.62,Summer
2025-01-09,S020,P0390,Electronics,East,153,81,82,80,228.62,20,Sunny,Yes,201.71,Monsoon
2024-05-31,S013,P0160,Electronics,East,258,35,38,31,754.62,5,Storm,No,786.58,Spring
2025-08-08,S020,P0409,Furniture,South,423,6,41,1,75.12,10,Cloudy,No,37.71,Spring
2024-11-09,S014,P0467,Stationery,West,103,25,85,51,641.0,10,Storm,Yes,652.65,Monsoon
2024-09-12,S015,P0374,Furniture,West,461,81,82,72,174.5,5,Cloudy,Yes,198.68,Winter
2024-07-26,S015,P0209,Electronics,East,93,82,109,108,578.9,0,Cloudy,Yes,572.13,Spring
2025-05-30,S010,P0091,Stationery,South,270,36,93,73,324.92,0,Sunny,No,346.36,Spring
2025-09-05,S009,P0485,Medical,South,93,97,135,132,737.36,15,Rainy,No,782.4,Summer
2025-12-01,S019,P0443,Furniture,East,314,56,84,83,284.4,5,Rainy,No,308.33,Summer
2024-12-08,S016,P0120,Clothing,East,253,30,67,35,107.62,5,Rainy,Yes,82.25,Winter
2024-07-04,S016,P0478,Clothing,North,137,59,74,68,846.68,5,Cloudy,Yes,825.99,Spring
2024-06-10,S005,P0128,Furniture,East,48,35,61,39,54.37,0,Sunny,Yes,44.35,Spring
2025-12-26,S019,P0490,Clothing,North,65,51,83,63,538.98,15,Cloudy,Yes,494.39,Summer
2025-10-25,S003,P0304,Medical,South,438,92,144,125,946.84,15,Cloudy,No,927.39,Winter
2024-05-14,S003,P0433,Furniture,East,184,34,58,56,941.97,20,Sunny,No,899.51,Summer
2025-12-06,S016,P0440,Clothing,East,178,83,93,89,620.31,15,Storm,Yes,581.32,Spring
2025-03-18,S014,P0126,Electronics,West,428,34,67,35,635.49,5,Sunny,No,683.56,Summer
2024-03-17,S005,P0005,Electronics,West,363,90,137,114,892.86,15,Storm,Yes,866.6,Monsoon
2024-02-12,S012,P0342,Stationery,West,168,24,37,17,611.04,15,Storm,No,611.14,Winter
2024-11-09,S019,P0020,Electronics,North,117,92,122,95,33.74,20,Sunny,No,-12.06,Spring
2024-04-08,S017,P0257,Medical,North,454,11,60,47,603.9,15,Rainy,Yes,637.01,Monsoon
2025-02-04,S017,P0243,Stationery,Central,356,19,48,33,559.31,0,Cloudy,Yes,550.07,Monsoon
2025-03-06,S013,P0389,Medical,Central,496,81,95,73,631.43,20,Rainy,No,619.61,Spring
2024-06-29,S001,P0371,Stationery,Central,288,9,31,1,949.75,15,Sunny,No,915.41,Spring
2024-06-07,S017,P0115,Stationery,North,343,29,61,48,358.19,10,Rainy,Yes,309.96,Spring
2025-09-10,S009,P0178,Clothing,Central,247,118,179,141,588.15,20,Rainy,No,575.27,Spring
2024-03-22,S017,P0371,Food,West,153,54,90,74,568.66,15,Cloudy,Yes,556.55,Monsoon
2025-05-18,S020,P0408,Clothing,West,477,17,39,12,311.28,15,Rainy,No,265.82,Summer
2024-04-01,S002,P0069,Clothing,Central,277,11,69,41,217.41,5,Cloudy,No,169.04,Monsoon
2024-08-07,S007,P0051,Food,West,142,103,153,123,487.29,5,Storm,Yes,439.13,Summer
2025-03-01,S004,P0074,Clothing,North,75,52,95,60,485.68,5,Rainy,No,436.94,Monsoon
2024-12-11,S002,P0260,Stationery,North,184,8,43,40,996.82,10,Rainy,No,1005.81,Spring
2025-10-08,S013,P0110,Electronics,South,254,35,90,58,483.53,10,Cloudy,Yes,471.28,Summer
2025-11-18,S020,P0158,Medical,South,50,8,38,1,88.67,5,Sunny,No,69.96,Monsoon
2024-04-18,S013,P0079,Medical,Central,244,77,129,103,320.95,10,Storm,Yes,312.28,Monsoon
2024-04-12,S011,P0324,Food,North,287,82,106,96,153.82,5,Sunny,Yes,149.05,Summer
2024-09-12,S015,P0437,Electronics,South,39,21,43,25,48.56,15,Cloudy,Yes,72.92,Monsoon
2025-06-15,S006,P0396,Medical,North,308,99,107,91,111.27,20,Cloudy,Yes,146.35,Spring
2025-02-16,S005,P0250,Medical,Central,240,10,79,45,803.03,5,Cloudy,No,774.78,Spring
2025-10-12,S011,P0072,Food,West,334,9,71,36,387.8,5,Cloudy,No,379.43,Monsoon
2024-11-06,S005,P0129,Medical,Central,99,6,15,5,801.25,10,Storm,Yes,820.66,Winter
2024-09-07,S003,P0429,Electronics,Central,464,64,98,69,86.04,10,Sunny,Yes,40.2,Spring
2025-11-26,S008,P0343,Medical,West,214,85,119,112,920.89,0,Sunny,No,931.32,Winter
2024-01-26,S004,P0426,Electronics,Central,155,63,108,103,874.62,20,Rainy,No,907.95,Spring
2025-11-04,S007,P0149,Electronics,North,366,81,99,80,729.02,15,Rainy,No,735.04,Winter
2024-10-14,S018,P0325,Electronics,East,67,30,72,68,520.51,0,Sunny,No,564.9,Winter
2025-12-15,S001,P0159,Clothing,West,380,34,54,34,639.82,15,Sunny,No,677.21,Spring
2024-01-02,S010,P0339,Medical,West,313,100,110,107,808.61,15,Rainy,Yes,803.93,Winter
2024-07-21,S005,P0235,Clothing,West,73,38,74,50,279.05,15,Cloudy,Yes,241.56,Spring
2024-10-01,S020,P0472,Medical,West,33,33,64,36,272.87,20,Sunny,Yes,285.61,Summer
2025-09-15,S006,P0418,Stationery,West,74,95,124,99,750.32,20,Cloudy,Yes,729.21,Winter
2025-01-29,S003,P0360,Stationery,Central,28,33,60,33,761.49,15,Sunny,No,746.55,Spring
2025-02-10,S011,P0152,Food,North,143,16,51,49,90.4,20,Rainy,No,100.66,Summer
2025-02-09,S017,P0205,Food,Central,39,54,63,62,70.82,15,Cloudy,No,49.88,Monsoon
2025-06-04,S004,P0013,Electronics,West,149,71,94,65,22.0,5,Storm,Yes,12.53,Winter
2025-03-31,S007,P0418,Electronics,West,268,102,136,106,320.07,10,Sunny,Yes,329.62,Winter
2025-03-28,S001,P0088,Electronics,East,74,78,140,113,833.83,0,Cloudy,No,811.63,Winter
2024-12-31,S017,P0156,Stationery,Central,191,113,167,140,453.26,5,Storm,No,426.5,Monsoon
2024-06-14,S008,P0185,Furniture,North,137,77,103,73,778.39,0,Sunny,No,810.24,Summer
2025-01-28,S020,P0245,Stationery,West,340,56,81,68,722.15,0,Rainy,Yes,767.87,Spring
2024-08-09,S016,P0368,Stationery,South,310,116,152,125,697.53,5,Rainy,No,674.83,Spring
2024-12-03,S003,P0134,Stationery,North,358,36,74,65,867.1,15,Rainy,No,872.44,Summer
2024-05-07,S012,P0187,Medical,North,478,102,160,122,396.61,0,Storm,Yes,389.65,Monsoon
2025-04-18,S019,P0286,Medical,South,331,21,25,18,394.7,10,Cloudy,No,347.15,Spring
2024-11-05,S010,P0340,Stationery,East,225,31,92,58,697.02,15,Cloudy,No,648.58,Winter
2024-08-24,S004,P0371,Medical,West,326,96,117,101,664.8,15,Storm,Yes,684.36,Monsoon
2024-11-25,S013,P0028,Electronics,North,84,82,116,113,335.97,20,Sunny,Yes,378.36,Winter
2024-03-26,S018,P0133,Clothing,Central,438,46,67,63,421.13,20,Sunny,Yes,417.1,Winter
2024-08-24,S010,P0341,Food,Central,20,11,79,44,516.87,5,Sunny,No,519.96,Spring
2024-05-10,S016,P0347,Food,South,120,91,98,94,70.75,10,Storm,No,73.67,Monsoon
2025-03-05,S005,P0011,Food,South,55,82,88,80,987.95,20,Sunny,No,992.65,Monsoon
2024-05-04,S005,P0098,Food,East,266,54,88,48,633.4,5,Sunny,No,666.25,Summer
2025-03-09,S015,P0223,Clothing,North,279,29,79,39,613.39,0,Rainy,Yes,604.77,Summer
2025-08-14,S005,P0404,Medical,South,361,13,84,48,736.83,5,Storm,No,784.58,Winter
2024-06-28,S020,P0291,Clothing,South,214,118,161,146,466.48,10,Rainy,No,476.98,Summer
2025-09-21,S008,P0411,Stationery,West,232,102,124,108,308.27,20,Storm,Yes,286.11,Winter
2024-03-17,S017,P0013,Clothing,Central,178,105,123,109,55.87,10,Storm,No,8.3,Winter
2024-12-07,S013,P0358,Furniture,West,182,94,144,106,678.07,0,Storm,Yes,705.16,Summer
2024-12-30,S008,P0240,Furniture,North,315,17,60,51,25.65,10,Storm,Yes,71.1,Spring
2025-02-08,S018,P0408,Electronics,South,391,7,19,10,198.36,20,Cloudy,No,178.06,Spring
2025-04-24,S012,P0251,Medical,East,414,34,99,70,970.47,20,Cloudy,Yes,940.03,Summer
2024-09-17,S013,P0494,Food,North,388,62,74,69,82.76,15,Rainy,No,100.3,Summer
2024-12-29,S018,P0150,Stationery,South,221,88,134,107,113.03,5,Rainy,Yes,99.51,Winter
2024-01-15,S017,P0359,Furniture,Central,298,10,48,23,956.68,0,Rainy,No,980.99,Summer
2025-06-07,S017,P0269,Furniture,North,258,33,40,33,48.92,15,Rainy,No,67.22,Summer
2025-03-13,S005,P0004,Electronics,Central,200,102,144,110,355.45,5,Storm,Yes,305.72,Monsoon
2024-05-21,S014,P0391,Furniture,West,298,65,75,71,442.48,5,Cloudy,Yes,441.49,Summer
2025-10-01,S012,P0454,Electronics,North,394,98,130,108,338.7,0,Sunny,No,290.53,Monsoon
2025-12-28,S014,P0006,Food,South,85,21,49,38,215.91,0,Rainy,Yes,167.2,Monsoon
2024-02-09,S005,P0450,Stationery,East,98,100,164,131,238.6,5,Rainy,No,255.57,Monsoon
2024-07-28,S020,P0058,Food,West,314,19,72,36,150.13,20,Rainy,Yes,103.14,Spring
2025-03-12,S007,P0440,Electronics,East,333,54,109,79,729.61,10,Cloudy,No,680.53,Monsoon
2024-03-06,S001,P0352,Medical,East,29,54,77,50,397.05,20,Cloudy,No,393.48,Winter
2024-04-12,S014,P0426,Stationery,South,188,98,135,129,494.9,10,Sunny,Yes,459.17,Monsoon
2024-04-08,S014,P0316,Medical,West,80,50,60,40,819.94,20,Sunny,Yes,866.37,Winter
2024-12-03,S005,P0339,Medical,North,448,25,81,60,378.75,5,Cloudy,Yes,398.38,Spring
2025-10-25,S010,P0255,Food,South,247,86,110,95,356.34,10,Cloudy,Yes,380.36,Monsoon
2024-02-17,S011,P0260,Stationery,West,415,18,20,13,915.49,5,Rainy,No,947.2,Spring
2025-12-22,S015,P0142,Medical,Central,298,75,110,99,407.85,5,Sunny,Yes,366.1,Winter
2024-09-17,S018,P0222,Electronics,East,485,50,106,74,16.92,20,Rainy,Yes,14.01,Summer
2025-01-11,S006,P0024,Clothing,East,379,47,99,81,664.14,10,Storm,No,673.77,Monsoon
2025-03-31,S019,P0409,Medical,South,273,81,114,109,115.91,5,Sunny,No,144.44,Monsoon
2025-04-23,S013,P0001,Medical,Central,230,23,57,41,331.89,0,Cloudy,No,290.67,Winter
2024-04-21,S017,P0305,Food,North,469,49,91,81,189.72,5,Sunny,Yes,159.86,Monsoon
2025-04-14,S017,P0301,Medical,South,241,92,133,129,138.61,20,Sunny,No,152.17,Monsoon
2025-02-03,S016,P0296,Medical,South,482,18,62,55,750.22,20,Storm,Yes,760.65,Monsoon
2025-12-13,S017,P0347,Clothing,South,221,11,65,51,219.13,15,Cloudy,No,243.95,Winter
2025-07-13,S008,P0027,Stationery,Central,415,103,124,109,969.46,15,Sunny,Yes,959.05,Spring
2024-08-30,S010,P0401,Clothing,East,274,80,127,88,586.57,20,Storm,No,621.54,Monsoon
2024-10-10,S005,P0198,Stationery,East,76,113,133,105,408.96,5,Cloudy,Yes,433.34,Monsoon
2025-04-07,S009,P0128,Clothing,Central,445,50,82,76,692.48,0,Rainy,No,736.15,Winter
2025-04-18,S011,P0231,Medical,South,435,82,153,117,966.47,10,Storm,No,967.1,Spring
2025-11-12,S007,P0157,Stationery,North,428,75,93,69,482.18,10,Storm,Yes,531.78,Winter
2025-03-29,S007,P0162,Stationery,North,353,90,115,86,471.03,15,Sunny,No,430.42,Summer
2025-02-01,S001,P0121,Furniture,West,318,25,36,24,205.4,20,Cloudy,Yes,187.55,Monsoon
2025-11-29,S013,P0162,Furniture,South,412,10,57,46,231.97,5,Storm,Yes,274.94,Monsoon
2025-12-12,S020,P0354,Electronics,South,363,95,113,106,291.9,15,Rainy,Yes,257.49,Summer
2024-10-01,S002,P0300,Furniture,East,266,67,79,61,429.64,20,Cloudy,No,412.61,Monsoon
2025-12-12,S003,P0100,Food,East,251,10,11,9,50.54,0,Cloudy,No,47.57,Monsoon
2025-04-26,S020,P0048,Stationery,South,429,55,62,52,116.7,20,Storm,Yes,91.63,Spring
2024-11-28,S005,P0465,Medical,South,35,61,123,98,112.33,5,Sunny,No,79.22,Spring
2024-10-30,S012,P0190,Clothing,East,165,58,105,83,255.85,0,Cloudy,Yes,299.53,Summer
2025-02-21,S018,P0311,Stationery,East,128,95,133,106,16.55,15,Rainy,Yes,15.28,Summer
2025-05-14,S014,P0019,Electronics,Central,229,114,152,116,725.94,0,Rainy,Yes,702.23,Spring
2025-08-02,S019,P0009,Furniture,South,213,97,138,129,948.56,15,Rainy,Yes,987.54,Spring
2025-01-18,S015,P0013,Stationery,North,192,91,107,82,113.14,20,Cloudy,Yes,66.85,Summer
2024-02-09,S014,P0307,Food,South,48,31,71,58,260.32,20,Sunny,No,213.64,Summer
2024-03-16,S003,P0380,Medical,South,302,88,105,90,757.36,5,Storm,Yes,766.18,Winter
2024-01-03,S014,P0022,Electronics,Central,455,48,53,52,485.58,5,Rainy,Yes,452.91,Summer
2025-10-30,S020,P0287,Clothing,West,257,61,115,98,190.01,0,Storm,Yes,171.57,Summer
2024-03-04,S001,P0492,Electronics,South,224,29,38,28,696.04,20,Storm,Yes,729.1,Monsoon
2024-09-21,S009,P0252,Food,North,232,95,134,111,508.24,10,Storm,Yes,471.98,Spring
2024-09-28,S015,P0112,Food,Central,245,24,98,58,264.5,10,Storm,No,232.19,Spring
2025-05-21,S020,P0140,Food,East,300,120,160,144,23.95,0,Storm,No,55.0,Spring
2024-02-24,S005,P0280,Clothing,South,242,16,54,15,518.81,20,Storm,Yes,514.19,Summer
2025-06-08,S015,P0014,Electronics,East,427,23,42,38,710.37,15,Rainy,No,686.09,Winter
2025-10-22,S001,P0407,Furniture,North,284,59,72,51,393.32,15,Storm,No,397.59,Monsoon
2025-04-28,S007,P0460,Electronics,South,465,78,131,91,73.46,15,Cloudy,Yes,81.72,Monsoon
2024-08-31,S003,P0296,Medical,North,211,91,141,124,92.37,15,Cloudy,Yes,121.55,Spring
2024-01-03,S013,P0249,Electronics,East,496,94,121,91,11.16,20,Rainy,Yes,39.1,Spring
2025-04-23,S008,P0116,Food,Central,352,18,57,54,476.58,10,Cloudy,No,432.4,Spring
2025-04-08,S003,P0047,Electronics,Central,378,24,73,55,418.16,0,Sunny,Yes,400.91,Spring
2024-02-22,S001,P0191,Electronics,South,437,18,74,39,739.54,0,Cloudy,No,762.19,Spring
2024-06-16,S003,P0007,Stationery,South,371,102,146,132,706.3,20,Storm,No,673.86,Spring
2024-10-02,S020,P0444,Stationery,West,351,63,117,96,643.6,20,Cloudy,No,635.83,Summer
2024-12-20,S006,P0029,Clothing,North,97,54,125,86,765.92,10,Storm,No,782.81,Winter
2024-12-23,S007,P0123,Food,Central,418,97,128,100,298.8,10,Rainy,No,258.09,Spring
2025-02-08,S013,P0393,Electronics,Central,399,78,155,117,452.82,20,Cloudy,No,414.34,Spring
2024-03-31,S017,P0153,Medical,West,433,106,144,125,602.72,0,Sunny,No,632.71,Monsoon
2025-08-25,S006,P0146,Stationery,North,333,9,34,31,219.32,10,Cloudy,No,219.65,Monsoon
2024-09-28,S009,P0192,Furniture,East,189,8,73,34,581.78,15,Rainy,No,552.69,Winter
2024-04-09,S003,P0493,Medical,East,481,19,17,14,911.93,20,Storm,No,899.12,Monsoon
2025-09-02,S017,P0341,Furniture,North,133,109,113,109,250.34,20,Storm,Yes,241.54,Monsoon
2025-12-10,S005,P0337,Food,East,499,113,137,137,878.81,0,Rainy,No,917.28,Spring
2025-11-09,S006,P0422,Medical,Central,497,22,33,12,853.05,10,Storm,Yes,857.71,Summer
2024-03-06,S018,P0144,Food,East,457,102,140,110,972.03,10,Storm,Yes,982.92,Monsoon
2024-06-27,S016,P0407,Furniture,North,318,36,61,55,486.96,20,Cloudy,No,528.85,Winter
2025-04-14,S005,P0319,Furniture,West,113,68,113,79,56.95,10,Storm,No,41.36,Spring
2025-08-26,S009,P0453,Food,East,297,72,121,91,337.34,10,Sunny,Yes,320.28,Monsoon
2024-01-05,S001,P0354,Clothing,Central,79,83,118,81,991.21,5,Storm,Yes,982.8,Spring
2024-12-06,S017,P0309,Electronics,North,359,13,84,47,216.71,15,Rainy,No,256.29,Monsoon
2024-10-28,S003,P0185,Food,Central,265,82,114,87,721.58,10,Storm,Yes,712.29,Summer
2025-12-19,S009,P0266,Electronics,East,491,35,57,28,37.94,15,Rainy,Yes,21.47,Spring
2024-02-05,S002,P0110,Food,South,87,95,121,93,639.31,10,Storm,Yes,613.44,Spring
2025-10-12,S003,P0410,Electronics,South,352,25,52,33,462.0,10,Sunny,Yes,453.84,Winter
2025-05-18,S002,P0464,Food,West,298,113,149,114,905.04,20,Sunny,No,930.87,Monsoon
2024-12-21,S014,P0167,Stationery,East,338,115,158,137,518.46,15,Sunny,Yes,491.62,Summer
2025-10-05,S006,P0469,Stationery,Central,457,75,141,108,184.26,5,Storm,No,141.86,Winter
2024-11-19,S010,P0090,Medical,Central,447,83,114,90,593.44,20,Rainy,No,596.04,Spring
2024-02-06,S006,P0418,Medical,Central,188,24,31,16,88.45,5,Storm,Yes,122.42,Summer
2024-08-02,S010,P0065,Food,West,401,25,29,16,868.79,15,Storm,Yes,871.09,Spring
2025-07-08,S013,P0015,Stationery,South,379,89,149,128,194.29,5,Rainy,Yes,197.21,Spring
2025-04-04,S018,P0117,Furniture,East,307,33,68,40,970.25,0,Cloudy,No,960.92,Spring
2024-09-05,S015,P0256,Stationery,North,195,119,147,136,200.95,5,Sunny,No,236.83,Monsoon
2024-08-06,S015,P0113,Stationery,South,193,72,121,84,475.12,0,Rainy,No,519.27,Spring
2024-01-24,S011,P0149,Food,Central,179,95,111,95,51.34,5,Rainy,No,34.45,Spring
2025-10-26,S003,P0185,Medical,West,39,42,44,38,421.41,20,Cloudy,No,425.15,Spring
2024-08-26,S009,P0264,Stationery,East,290,55,116,95,386.31,0,Storm,No,366.01,Summer
2024-07-31,S020,P0170,Clothing,Central,115,96,136,97,849.66,5,Storm,No,828.0,Winter
2024-01-11,S011,P0299,Medical,East,357,113,140,130,246.76,20,Rainy,No,222.94,Monsoon
2024-02-02,S003,P0066,Stationery,North,269,57,88,48,559.61,10,Rainy,Yes,530.24,Winter
2025-12-11,S008,P0127,Clothing,West,80,35,103,71,503.81,15,Sunny,No,468.19,Winter
2024-02-09,S009,P0429,Furniture,East,296,91,89,82,372.32,5,Storm,No,342.99,Winter
2024-05-12,S011,P0475,Food,East,345,88,137,106,174.04,15,Storm,No,131.13,Spring
2025-12-14,S011,P0314,Medical,East,489,79,129,111,359.92,15,Cloudy,Yes,343.98,Monsoon
2024-11-27,S003,P0227,Electronics,East,479,88,133,93,392.86,20,Cloudy,No,413.87,Winter
2025-07-26,S012,P0074,Electronics,West,134,84,106,96,692.78,5,Rainy,Yes,716.69,Spring
2025-10-27,S012,P0252,Clothing,East,180,17,50,11,632.86,5,Cloudy,Yes,592.11,Winter
2024-07-28,S009,P0238,Furniture,North,40,106,146,138,478.85,15,Rainy,No,505.35,Winter
2024-07-12,S010,P0450,Clothing,North,441,98,126,111,180.58,0,Rainy,Yes,209.16,Spring
2024-08-27,S003,P0422,Medical,North,168,87,128,127,580.12,0,Cloudy,Yes,547.72,Monsoon
2025-05-04,S016,P0312,Clothing,North,312,45,108,72,70.52,0,Rainy,Yes,48.75,Summer
2024-11-28,S004,P0105,Clothing,South,174,57,52,47,558.15,20,Cloudy,No,516.85,Spring
2024-03-11,S014,P0280,Food,North,123,32,99,60,438.08,5,Rainy,No,477.33,Summer
2024-10-24,S007,P0258,Electronics,South,439,21,25,18,159.23,5,Sunny,Yes,171.15,Monsoon
2025-08-29,S002,P0285,Medical,Central,459,44,71,69,171.13,20,Sunny,No,216.21,Spring
2024-11-05,S019,P0445,Medical,North,434,51,63,51,125.85,20,Rainy,Yes,86.62,Summer
2024-07-15,S014,P0452,Stationery,West,184,55,93,80,103.16,5,Storm,Yes,76.51,Monsoon
2025-12-29,S019,P0048,Medical,North,470,94,118,88,94.23,5,Storm,No,113.31,Winter
2024-11-24,S001,P0391,Furniture,East,436,115,113,106,246.79,5,Cloudy,No,274.96,Spring
2024-01-29,S016,P0233,Clothing,South,272,14,53,20,480.0,15,Cloudy,No,464.49,Summer
2024-08-19,S016,P0492,Stationery,Central,58,110,137,124,126.5,0,Sunny,Yes,160.02,Winter
2024-11-19,S019,P0314,Food,South,414,118,180,152,976.79,0,Sunny,No,1022.2,Spring
2025-04-17,S013,P0204,Stationery,Central,31,6,56,18,611.46,15,Rainy,Yes,652.86,Summer
2024-08-11,S001,P0401,Electronics,Central,373,64,58,57,498.22,10,Storm,Yes,500.51,Monsoon
2025-11-02,S001,P0410,Food,East,44,76,104,92,257.15,5,Storm,No,236.97,Monsoon
2025-12-13,S011,P0308,Stationery,North,297,93,151,116,200.77,5,Storm,Yes,175.11,Summer
2025-06-21,S018,P0485,Clothing,East,455,118,162,128,840.08,5,Cloudy,No,858.67,Winter
2024-08-04,S010,P0266,Furniture,South,337,103,136,100,955.27,0,Storm,No,1001.66,Summer
2025-07-14,S008,P0273,Electronics,North,383,67,94,69,879.25,5,Cloudy,Yes,843.79,Spring
2024-09-18,S016,P0484,Stationery,East,244,51,93,74,419.16,10,Sunny,No,420.89,Summer
2025-05-17,S012,P0456,Furniture,Central,412,16,16,14,406.32,0,Storm,No,402.06,Spring
2024-02-08,S009,P0130,Electronics,East,82,38,82,50,308.89,20,Storm,Yes,269.23,Winter
2025-12-24,S013,P0061,Electronics,East,179,96,123,99,892.72,0,Storm,Yes,884.13,Summer
2025-01-19,S011,P0174,Stationery,East,58,16,77,39,174.72,0,Storm,No,202.99,Monsoon
2024-06-28,S008,P0256,Food,North,399,55,92,77,385.98,10,Cloudy,Yes,428.47,Summer
2024-10-24,S011,P0434,Medical,East,469,107,157,140,635.56,10,Storm,No,613.64,Winter
2024-01-10,S005,P0078,Food,South,138,5,6,1,604.96,15,Rainy,No,619.31,Spring
2024-09-30,S007,P0200,Medical,South,371,21,61,55,655.12,15,Cloudy,Yes,679.49,Monsoon
2025-11-26,S020,P0294,Electronics,West,343,62,90,53,201.74,0,Cloudy,Yes,229.83,Winter
2024-03-12,S017,P0322,Clothing,Central,116,57,107,91,857.57,0,Cloudy,Yes,831.62,Spring
2025-04-19,S011,P0365,Stationery,Central,37,6,66,40,180.99,15,Cloudy,Yes,223.79,Monsoon
2024-07-04,S011,P0151,Furniture,North,324,50,74,56,616.93,15,Storm,No,609.7,Spring
2024-05-13,S003,P0332,Food,South,263,48,80,48,17.67,0,Cloudy,No,-21.11,Spring
2025-08-16,S004,P0418,Food,South,359,105,133,113,589.22,5,Rainy,Yes,570.52,Spring
2024-10-12,S002,P0028,Electronics,West,485,98,158,120,491.55,0,Sunny,No,510.24,Winter
2024-05-08,S003,P0378,Stationery,South,369,96,143,125,639.9,10,Sunny,No,634.75,Monsoon
2025-07-26,S012,P0397,Furniture,Central,164,16,68,50,181.99,5,Rainy,Yes,163.33,Spring
2024-06-22,S018,P0064,Stationery,South,365,73,115,93,860.85,15,Sunny,Yes,868.23,Spring
2024-11-29,S003,P0175,Medical,Central,213,40,99,70,951.08,15,Rainy,Yes,910.67,Spring
2024-02-08,S019,P0062,Electronics,West,365,118,179,141,284.82,0,Sunny,Yes,283.58,Monsoon
2025-02-14,S008,P0031,Medical,West,151,37,56,51,968.16,20,Cloudy,No,1003.79,Summer
2024-11-05,S006,P0124,Food,West,467,67,103,70,918.07,10,Cloudy,No,965.08,Spring
2024-01-05,S006,P0172,Electronics,South,48,65,125,90,888.48,5,Sunny,Yes,872.54,Summer
2024-06-18,S014,P0373,Electronics,South,227,66,129,92,69.8,15,Storm,No,86.38,Summer
2025-07-16,S017,P0069,Electronics,North,130,111,160,137,464.78,15,Sunny,Yes,445.52,Spring
2024-01-10,S008,P0250,Medical,North,445,101,175,138,844.35,0,Storm,No,839.05,Summer
2024-06-17,S017,P0139,Medical,South,38,68,110,108,574.93,20,Storm,No,548.39,Monsoon
2025-07-07,S016,P0409,Clothing,East,245,115,142,131,619.53,10,Cloudy,No,575.46,Monsoon
2025-03-28,S020,P0262,Furniture,Central,88,59,104,79,366.85,10,Sunny,No,325.83,Monsoon
2025-05-25,S011,P0392,Furniture,South,264,78,90,90,860.51,0,Sunny,Yes,829.89,Spring
2024-07-02,S009,P0177,Furniture,East,223,83,90,87,224.54,15,Storm,Yes,240.87,Summer
2024-01-11,S009,P0398,Electronics,West,333,96,136,134,999.1,15,Rainy,No,1024.45,Winter
2025-03-19,S012,P0063,Furniture,East,283,48,56,47,279.05,15,Rainy,No,303.51,Winter
2024-03-04,S007,P0100,Furniture,West,388,107,132,119,405.45,15,Storm,Yes,415.5,Summer
2024-09-21,S017,P0119,Food,South,86,24,70,48,700.18,5,Rainy,No,727.51,Summer
2024-07-09,S016,P0423,Stationery,North,192,101,141,128,110.99,5,Sunny,No,141.98,Summer
2025-11-01,S007,P0120,Furniture,North,126,37,42,29,745.63,0,Rainy,No,722.34,Monsoon
2025-02-12,S001,P0138,Food,South,344,103,106,98,366.45,15,Storm,Yes,405.54,Monsoon
2025-12-04,S013,P0152,Clothing,East,366,19,65,39,575.65,15,Cloudy,No,579.69,Summer
2024-04-08,S006,P0223,Clothing,North,208,67,133,99,793.63,15,Cloudy,Yes,805.7,Summer
2025-10-06,S007,P0135,Stationery,South,441,62,102,64,434.39,20,Rainy,Yes,420.66,Summer
2025-09-09,S007,P0042,Stationery,East,253,83,140,111,914.57,20,Sunny,Yes,950.82,Summer
2024-04-06,S012,P0400,Electronics,North,324,70,120,83,826.03,15,Rainy,No,872.43,Winter
2025-02-09,S015,P0115,Clothing,West,243,60,130,97,410.74,0,Storm,No,401.07,Winter
2024-10-31,S012,P0371,Medical,North,444,77,137,103,434.28,5,Sunny,Yes,440.23,Monsoon
2024-07-08,S019,P0389,Food,South,178,23,67,43,177.21,0,Storm,No,159.74,Summer
2025-08-09,S020,P0148,Electronics,South,366,58,100,62,607.68,20,Cloudy,No,591.36,Monsoon
2025-02-28,S016,P0112,Electronics,North,205,60,122,99,206.4,15,Rainy,Yes,162.22,Winter
2025-11-09,S006,P0180,Stationery,West,94,99,131,118,386.37,15,Storm,Yes,358.51,Summer
2024-06-23,S003,P0219,Stationery,West,393,31,71,39,457.5,20,Sunny,Yes,428.88,Winter
2024-02-04,S001,P0383,Food,South,328,6,50,15,524.2,15,Rainy,No,546.2,Monsoon
2024-11-07,S017,P0183,Medical,East,493,101,154,119,887.7,5,Cloudy,Yes,904.15,Spring
2025-03-17,S004,P0471,Food,East,427,12,91,52,674.19,20,Cloudy,Yes,643.97,Winter
2024-10-19,S019,P0428,Clothing,East,199,101,137,122,718.61,15,Storm,Yes,712.14,Summer
2025-07-06,S019,P0016,Stationery,East,245,103,131,128,746.76,10,Storm,No,709.84,Monsoon
2024-03-30,S015,P0047,Medical,Central,303,29,81,47,800.86,10,Rainy,No,824.88,Monsoon
2024-09-08,S020,P0110,Medical,North,437,38,52,50,610.17,15,Storm,Yes,610.98,Monsoon
2024-02-29,S013,P0144,Food,Central,96,35,59,27,861.97,20,Rainy,No,894.84,Summer
2024-11-01,S006,P0058,Furniture,North,416,116,142,120,258.62,15,Cloudy,No,268.11,Winter
2024-08-28,S010,P0215,Medical,East,278,62,56,56,525.9,0,Storm,No,496.86,Winter
2024-11-02,S015,P0221,Stationery,Central,320,107,113,100,482.17,10,Sunny,Yes,476.3,Spring
2024-03-24,S013,P0358,Clothing,East,115,27,45,24,53.84,5,Storm,Yes,76.54,Winter
2024-02-13,S007,P0191,Furniture,Central,423,111,127,120,320.72,20,Storm,No,292.88,Winter
2024-04-12,S001,P0086,Medical,East,437,33,75,55,322.5,0,Storm,Yes,349.14,Winter
2024-04-18,S015,P0049,Medical,North,468,118,113,109,192.52,10,Cloudy,Yes,223.58,Spring
2025-10-31,S013,P0321,Stationery,East,433,16,62,44,611.51,20,Sunny,No,573.1,Monsoon
2024-05-03,S015,P0042,Medical,West,314,17,86,49,230.39,20,Storm,Yes,221.57,Spring
2024-01-08,S007,P0363,Furniture,Central,294,6,56,37,614.22,5,Cloudy,Yes,623.96,Spring
2025-12-19,S005,P0039,Furniture,East,71,81,103,98,162.16,20,Cloudy,Yes,134.16,Summer
2024-02-13,S007,P0245,Stationery,North,308,116,171,155,50.94,0,Storm,No,95.31,Monsoon
2025-06-18,S013,P0205,Electronics,North,304,49,72,63,719.18,10,Rainy,No,723.27,Summer
2024-02-03,S014,P0163,Food,North,352,34,51,27,595.99,10,Rainy,Yes,640.31,Winter
2025-07-21,S005,P0443,Stationery,South,240,11,46,42,546.62,0,Rainy,Yes,563.34,Winter
2024-07-05,S005,P0031,Food,South,186,50,109,77,771.3,20,Rainy,Yes,793.36,Monsoon
2025-11-09,S004,P0434,Electronics,Central,194,81,133,98,661.52,20,Storm,Yes,681.63,Spring
2025-07-14,S002,P0432,Furniture,West,44,41,54,53,350.34,0,Sunny,Yes,306.85,Spring
2024-10-07,S014,P0430,Electronics,Central,417,18,87,52,770.99,10,Sunny,No,746.5,Winter
2024-09-19,S011,P0135,Clothing,Central,39,107,181,146,842.37,10,Cloudy,Yes,834.86,Spring
2024-01-12,S005,P0355,Food,East,322,92,150,129,830.35,20,Cloudy,No,783.82,Spring
2025-08-31,S002,P0250,Clothing,South,305,33,105,66,641.3,10,Cloudy,Yes,648.45,Monsoon
2024-05-26,S015,P0465,Food,South,360,84,117,116,297.45,10,Cloudy,Yes,292.88,Monsoon
2025-04-10,S007,P0023,Electronics,West,227,101,153,115,94.72,20,Cloudy,No,125.36,Summer
2025-06-21,S011,P0299,Electronics,South,342,56,83,53,989.34,15,Storm,Yes,1028.35,Spring
2025-02-01,S001,P0394,Furniture,East,63,20,82,58,393.08,20,Rainy,No,382.98,Spring
2025-07-15,S012,P0194,Furniture,West,324,85,151,125,488.29,0,Storm,No,450.78,Winter
2024-06-10,S005,P0166,Furniture,East,52,119,163,132,952.33,5,Rainy,Yes,911.0,Monsoon
2024-06-04,S017,P0429,Medical,East,194,110,171,147,832.83,0,Storm,Yes,834.93,Spring
2024-07-03,S008,P0170,Furniture,North,75,51,65,44,774.99,0,Rainy,Yes,787.58,Monsoon
2025-01-15,S005,P0125,Furniture,South,490,57,69,48,616.49,20,Sunny,Yes,589.48,Winter
2024-05-30,S009,P0466,Stationery,North,491,117,161,144,917.25,5,Cloudy,Yes,939.8,Spring
2025-06-08,S016,P0303,Medical,South,133,38,84,72,684.1,15,Cloudy,Yes,721.7,Summer
2024-04-08,S020,P0482,Medical,Central,495,19,69,36,155.8,0,Sunny,Yes,127.5,Winter
2024-02-13,S014,P0177,Food,Central,431,92,142,118,159.1,10,Storm,Yes,125.36,Monsoon
2025-01-05,S014,P0110,Stationery,East,278,65,101,83,778.54,10,Rainy,Yes,815.22,Spring
2025-10-03,S007,P0168,Electronics,North,96,45,72,54,750.37,5,Storm,Yes,764.31,Winter
2024-12-05,S006,P0262,Food,South,43,36,63,42,371.87,20,Sunny,No,395.49,Spring
2025-02-10,S018,P0497,Food,East,262,60,98,74,711.51,20,Cloudy,No,674.36,Winter
2025-11-12,S007,P0367,Food,Central,86,12,72,42,320.27,0,Cloudy,Yes,338.67,Winter
2025-01-15,S002,P0247,Clothing,North,417,101,144,136,402.17,0,Cloudy,No,417.84,Summer
2024-01-04,S010,P0183,Furniture,Central,345,109,106,106,807.22,0,Storm,No,784.96,Monsoon
2025-12-25,S016,P0050,Electronics,East,256,44,64,51,221.4,20,Rainy,Yes,250.97,Summer
2024-10-10,S003,P0013,Electronics,South,422,79,107,97,626.0,20,Cloudy,Yes,622.74,Monsoon
2024-11-04,S018,P0368,Food,North,327,81,125,102,741.5,20,Sunny,No,761.6,Spring
2024-02-24,S020,P0131,Furniture,West,383,108,113,106,372.69,20,Storm,Yes,338.03,Summer
2025-05-17,S006,P0086,Furniture,South,482,41,70,68,953.05,5,Cloudy,No,924.49,Winter
2025-03-25,S017,P0112,Food,Central,27,42,73,60,688.9,10,Storm,No,712.08,Spring
2025-04-27,S013,P0211,Clothing,West,390,114,151,135,16.31,0,Sunny,Yes,-11.57,Spring
2025-01-21,S006,P0404,Stationery,Central,387,22,57,22,853.97,0,Rainy,Yes,890.52,Summer
2025-05-30,S005,P0219,Clothing,South,232,115,149,139,485.95,10,Rainy,Yes,512.21,Winter
2024-11-02,S002,P0461,Food,West,389,104,154,117,998.32,15,Storm,Yes,1005.31,Monsoon
2025-07-10,S011,P0267,Stationery,East,200,34,41,30,210.36,10,Sunny,Yes,180.92,Monsoon
2025-03-19,S008,P0240,Medical,North,199,17,32,16,189.5,0,Storm,Yes,226.79,Monsoon
2025-07-26,S014,P0373,Clothing,Central,383,97,125,101,259.9,20,Cloudy,No,219.38,Monsoon
2025-08-09,S007,P0472,Electronics,South,497,38,42,38,626.44,15,Storm,Yes,633.82,Spring
2024-12-10,S016,P0250,Clothing,Central,315,68,100,69,405.75,15,Rainy,No,407.72,Spring
2024-03-14,S003,P0300,Clothing,South,126,111,169,150,98.41,10,Sunny,No,148.25,Summer
2025-03-18,S016,P0435,Food,North,422,67,77,65,208.48,20,Cloudy,Yes,159.78,Winter
2024-04-06,S001,P0158,Clothing,South,58,15,58,19,115.2,10,Rainy,No,117.77,Monsoon
2025-05-26,S003,P0002,Stationery,Central,336,25,67,63,268.93,20,Storm,Yes,279.3,Spring
2024-09-13,S003,P0176,Food,South,442,63,136,98,28.36,20,Sunny,No,35.43,Spring
2025-09-19,S002,P0300,Stationery,West,500,78,121,92,669.64,15,Sunny,Yes,664.85,Summer
2024-07-17,S017,P0409,Food,Central,254,28,64,45,231.48,5,Storm,Yes,187.19,Monsoon
2025-01-06,S006,P0394,Food,West,337,65,84,61,368.29,15,Sunny,Yes,380.1,Winter
2025-11-28,S007,P0321,Furniture,West,191,44,116,77,104.92,15,Sunny,No,122.51,Monsoon
2025-02-20,S003,P0018,Medical,East,280,75,143,109,868.81,20,Storm,Yes,860.82,Monsoon
2025-05-27,S014,P0141,Clothing,West,213,66,111,93,830.98,5,Sunny,Yes,880.27,Spring
2024-07-24,S009,P0377,Clothing,Central,96,67,113,82,661.27,10,Storm,No,670.72,Spring
2025-09-25,S012,P0182,Stationery,South,152,109,176,136,272.43,15,Cloudy,No,296.89,Monsoon
2024-11-23,S008,P0227,Food,South,351,9,84,44,138.41,0,Sunny,No,165.88,Spring
2024-11-18,S012,P0144,Medical,North,469,34,104,65,266.11,0,Storm,Yes,239.81,Monsoon
2024-08-23,S006,P0370,Medical,North,292,32,68,34,378.15,15,Rainy,No,386.18,Spring
2024-11-06,S015,P0108,Electronics,East,399,72,81,64,813.31,0,Sunny,No,810.78,Winter
2025-01-30,S005,P0209,Clothing,Central,131,27,78,62,840.05,10,Rainy,No,800.39,Spring
2024-07-29,S013,P0443,Food,North,123,119,152,127,472.61,15,Rainy,Yes,449.26,Summer
2025-05-12,S020,P0076,Electronics,Central,120,110,186,150,623.14,10,Cloudy,Yes,584.29,Winter
2024-03-31,S004,P0350,Medical,East,30,27,88,57,441.85,15,Sunny,No,472.27,Monsoon
2025-06-14,S007,P0121,Electronics,West,154,80,129,99,570.12,15,Sunny,No,540.34,Monsoon
2024-08-08,S007,P0438,Clothing,North,475,46,87,64,276.9,15,Cloudy,Yes,279.71,Spring
2024-02-02,S014,P0388,Food,North,115,102,122,121,728.94,20,Storm,Yes,725.98,Winter
2024-06-12,S005,P0097,Food,West,327,28,58,33,923.22,5,Cloudy,No,930.22,Monsoon
2025-11-19,S017,P0229,Electronics,East,72,94,144,131,910.13,5,Sunny,No,909.95,Winter
2024-02-15,S001,P0420,Food,East,341,107,170,145,846.57,10,Sunny,No,808.48,Winter
2025-04-10,S009,P0263,Furniture,North,290,31,103,69,683.92,10,Rainy,No,678.06,Monsoon
2025-04-18,S009,P0318,Furniture,West,129,60,89,71,693.2,0,Rainy,Yes,730.0,Winter
2024-07-12,S013,P0412,Clothing,South,80,115,168,133,870.44,20,Sunny,No,844.93,Spring
2025-06-15,S002,P0283,Medical,Central,186,100,161,129,830.34,10,Cloudy,Yes,879.72,Winter
2024-07-23,S011,P0080,Food,Central,115,85,106,77,630.07,10,Sunny,Yes,623.64,Monsoon
2024-06-11,S020,P0206,Food,South,125,111,144,142,899.94,20,Rainy,Yes,944.7,Summer
2024-09-08,S001,P0226,Medical,Central,203,113,150,128,272.09,0,Sunny,No,319.94,Monsoon
2024-03-02,S005,P0444,Stationery,Central,431,28,90,61,216.4,5,Cloudy,Yes,168.98,Winter
2025-07-25,S018,P0072,Stationery,North,491,46,37,36,299.28,5,Storm,Yes,257.12,Winter
2024-11-04,S012,P0153,Medical,East,290,116,115,113,570.95,0,Storm,Yes,611.9,Monsoon
2025-03-30,S017,P0482,Stationery,South,407,110,169,131,452.6,5,Cloudy,No,461.29,Monsoon
2024-08-30,S005,P0441,Stationery,South,289,111,130,107,859.44,20,Rainy,No,825.12,Monsoon
2024-05-14,S015,P0352,Food,Central,320,50,78,46,349.86,10,Sunny,No,336.37,Monsoon
2025-08-28,S020,P0169,Clothing,East,41,36,61,29,132.69,15,Storm,No,155.48,Winter
2025-11-22,S004,P0454,Stationery,East,429,48,56,38,517.37,10,Sunny,Yes,525.89,Monsoon
2024-10-22,S014,P0305,Clothing,East,228,96,106,104,244.95,10,Cloudy,Yes,197.63,Monsoon
2024-12-06,S015,P0225,Clothing,East,280,70,67,64,512.71,5,Storm,No,529.11,Spring
2025-05-19,S017,P0230,Furniture,East,159,52,89,78,376.24,0,Rainy,No,338.86,Spring
2025-09-22,S020,P0146,Medical,East,39,7,31,28,713.59,10,Storm,No,752.86,Monsoon
2024-04-18,S016,P0061,Furniture,East,243,59,69,57,680.97,10,Cloudy,Yes,709.78,Monsoon
2024-01-31,S001,P0193,Clothing,North,496,26,93,65,436.62,10,Rainy,Yes,449.03,Spring
2024-05-31,S012,P0486,Electronics,South,367,66,104,81,205.37,0,Cloudy,Yes,249.56,Spring
2025-10-14,S008,P0405,Clothing,East,439,11,25,4,290.09,10,Cloudy,No,273.73,Monsoon
2025-03-21,S016,P0359,Food,West,430,28,52,25,992.18,5,Sunny,No,962.53,Winter
2024-11-04,S002,P0151,Furniture,North,431,100,132,127,39.67,15,Storm,Yes,65.58,Monsoon
2024-12-03,S019,P0234,Medical,South,368,65,110,90,768.3,0,Rainy,No,780.87,Spring
2024-02-17,S019,P0490,Medical,Central,418,83,131,116,871.64,15,Cloudy,Yes,825.24,Winter
2024-02-04,S012,P0431,Furniture,South,208,52,127,92,204.93,0,Sunny,Yes,164.21,Spring
2024-10-18,S019,P0222,Furniture,West,44,9,50,38,689.11,5,Sunny,Yes,709.87,Winter
2025-11-12,S003,P0287,Medical,Central,362,118,157,123,564.91,15,Rainy,No,566.79,Monsoon
2025-04-05,S009,P0451,Furniture,North,286,17,81,55,775.2,15,Rainy,No,765.62,Winter
2024-07-09,S014,P0158,Clothing,North,170,28,90,65,440.62,15,Cloudy,No,418.43,Summer
2025-12-01,S015,P0305,Stationery,East,411,26,95,64,603.28,15,Sunny,No,593.93,Spring
2024-11-05,S003,P0157,Clothing,West,159,83,119,109,317.99,20,Rainy,No,312.58,Summer
2024-04-04,S009,P0006,Furniture,West,434,46,84,57,409.34,5,Sunny,No,378.94,Monsoon
2025-08-26,S018,P0094,Furniture,Central,218,54,103,70,73.24,0,Rainy,Yes,89.37,Summer
2024-09-29,S007,P0118,Food,Central,216,76,105,97,193.88,0,Cloudy,Yes,166.54,Spring
2025-11-22,S017,P0494,Clothing,West,384,13,48,16,419.54,10,Rainy,Yes,440.22,Monsoon
2024-12-03,S012,P0423,Food,Central,187,79,113,93,679.02,15,Storm,Yes,695.28,Winter
2024-12-27,S009,P0328,Clothing,Central,192,13,58,50,917.4,15,Cloudy,Yes,932.57,Spring
2024-08-17,S012,P0099,Clothing,East,104,64,79,56,416.98,10,Rainy,Yes,463.19,Winter
2024-10-25,S004,P0444,Clothing,South,97,16,81,49,436.98,10,Sunny,Yes,432.57,Monsoon
2024-03-25,S001,P0412,Clothing,West,343,78,109,73,971.3,10,Cloudy,Yes,988.37,Summer
2024-08-17,S007,P0468,Furniture,South,182,117,162,142,59.17,0,Storm,No,71.76,Spring
2025-12-28,S005,P0107,Furniture,Central,124,28,86,49,694.92,0,Sunny,Yes,722.86,Spring
2024-02-11,S012,P0078,Furniture,Central,491,100,161,122,970.84,15,Sunny,No,925.16,Monsoon
2025-04-15,S020,P0011,Clothing,South,480,112,161,143,584.58,15,Storm,Yes,570.76,Summer
2024-12-25,S017,P0421,Furniture,North,335,84,107,101,957.9,10,Cloudy,Yes,929.46,Spring
2025-05-05,S001,P0305,Furniture,South,394,119,179,156,132.27,0,Sunny,No,125.08,Spring
2024-10-21,S005,P0023,Clothing,South,193,107,138,109,119.13,15,Sunny,Yes,93.05,Spring
2024-10-15,S002,P0090,Furniture,South,147,107,113,102,419.63,15,Storm,Yes,404.77,Spring
2024-12-30,S011,P0174,Furniture,West,193,70,87,61,765.21,10,Storm,Yes,760.58,Winter
2025-11-21,S011,P0058,Electronics,North,143,56,116,86,749.92,5,Cloudy,No,745.39,Spring
2024-02-12,S006,P0043,Stationery,Central,238,79,89,69,467.74,0,Sunny,No,495.0,Spring
2025-12-05,S008,P0390,Stationery,South,326,30,46,31,371.33,5,Sunny,No,378.76,Monsoon
2025-06-26,S002,P0459,Food,Central,164,98,145,125,968.63,15,Cloudy,Yes,951.71,Summer
2024-04-20,S009,P0212,Stationery,Central,381,72,78,76,156.43,5,Cloudy,No,146.02,Winter
2025-08-10,S010,P0279,Medical,North,32,23,61,59,311.54,0,Cloudy,Yes,293.84,Winter
2025-09-13,S014,P0104,Furniture,North,133,29,62,37,776.94,5,Cloudy,No,749.37,Monsoon
2025-12-17,S004,P0208,Clothing,South,174,29,51,48,12.87,20,Storm,No,52.84,Winter
2025-10-17,S004,P0420,Furniture,East,351,23,48,19,20.62,10,Rainy,Yes,14.7,Summer
2025-10-04,S017,P0056,Food,West,439,77,144,114,101.61,20,Storm,No,89.02,Winter
2024-12-29,S003,P0030,Stationery,East,329,17,53,38,968.19,20,Cloudy,Yes,942.09,Spring
2025-09-13,S007,P0456,Food,East,413,75,92,77,720.3,0,Storm,Yes,719.11,Monsoon
2024-11-03,S011,P0293,Furniture,East,42,54,106,66,303.06,10,Storm,Yes,335.86,Spring
2025-01-26,S016,P0276,Stationery,East,462,52,78,42,268.35,5,Storm,Yes,305.28,Summer
2025-04-05,S013,P0404,Stationery,North,76,79,121,111,416.56,5,Sunny,No,464.38,Winter
2024-04-30,S003,P0302,Clothing,Central,33,82,136,122,441.65,0,Sunny,Yes,450.41,Spring
2024-02-20,S017,P0013,Clothing,Central,45,116,126,118,504.6,15,Storm,No,521.28,Spring
2025-05-22,S013,P0260,Furniture,North,421,11,23,6,674.31,15,Sunny,No,637.72,Spring
2025-10-25,S016,P0231,Furniture,East,355,103,178,140,909.67,10,Cloudy,No,903.07,Winter
2025-08-30,S012,P0206,Furniture,Central,438,26,27,25,360.56,0,Storm,No,407.65,Summer
2024-12-26,S017,P0214,Stationery,West,42,11,54,32,114.78,15,Rainy,No,139.48,Winter
2025-07-18,S010,P0256,Food,Central,86,98,126,95,729.67,10,Rainy,No,730.63,Monsoon
2025-11-01,S019,P0241,Electronics,South,301,44,81,47,242.84,15,Cloudy,Yes,253.28,Winter
2024-03-23,S004,P0077,Food,West,333,30,47,23,893.14,15,Sunny,Yes,907.18,Spring
2025-08-22,S003,P0126,Medical,West,314,29,55,32,246.59,0,Rainy,Yes,217.88,Monsoon
2025-10-18,S008,P0169,Clothing,South,221,72,102,70,799.86,15,Storm,Yes,787.25,Winter
2024-05-19,S004,P0059,Furniture,Central,326,91,133,98,956.54,10,Rainy,No,954.55,Summer
2024-10-24,S005,P0297,Furniture,North,401,52,77,49,238.45,5,Storm,No,268.51,Spring
2024-12-09,S015,P0192,Stationery,North,483,6,61,46,571.98,10,Cloudy,No,590.55,Spring
2025-12-10,S010,P0105,Electronics,South,358,68,134,104,783.16,20,Cloudy,Yes,741.05,Monsoon
2025-10-18,S011,P0254,Clothing,North,183,31,58,43,507.88,0,Rainy,No,464.75,Summer
2024-02-21,S012,P0231,Stationery,East,336,39,63,61,735.74,5,Storm,Yes,723.79,Monsoon
2024-07-20,S017,P0275,Clothing,East,122,78,100,74,540.48,15,Sunny,No,588.13,Monsoon
2024-08-21,S003,P0009,Clothing,South,416,79,127,110,273.36,0,Storm,No,229.4,Monsoon
2025-09-29,S017,P0410,Electronics,Central,118,49,93,56,158.75,0,Storm,Yes,119.43,Summer
2024-06-08,S011,P0108,Medical,East,410,113,180,143,252.97,15,Sunny,Yes,300.08,Winter
2024-11-28,S003,P0446,Food,East,386,68,72,60,306.57,10,Rainy,No,296.13,Summer
2024-11-05,S006,P0493,Electronics,South,446,47,75,57,422.06,5,Cloudy,No,372.38,Spring
2025-09-29,S016,P0429,Electronics,West,383,94,103,94,666.98,20,Rainy,No,645.43,Summer
2024-10-09,S002,P0370,Stationery,North,217,54,86,47,926.66,10,Storm,Yes,923.89,Summer
2025-08-07,S007,P0173,Furniture,North,289,114,111,108,447.08,10,Cloudy,Yes,407.92,Summer
2024-01-01,S003,P0197,Medical,North,487,26,44,26,636.78,15,Cloudy,No,620.58,Monsoon
2025-11-11,S007,P0223,Food,East,444,15,59,38,277.11,5,Sunny,Yes,248.94,Monsoon
2025-09-03,S015,P0332,Medical,North,429,13,51,24,699.68,10,Cloudy,No,704.87,Summer
2025-08-02,S006,P0044,Medical,North,50,95,117,106,740.35,10,Sunny,No,749.61,Summer
2025-08-07,S003,P0111,Medical,East,318,82,121,89,121.77,0,Storm,Yes,100.19,Winter
2024-10-18,S001,P0056,Food,East,457,26,62,42,162.3,0,Sunny,Yes,195.18,Winter
2025-09-26,S017,P0263,Medical,West,481,69,119,100,704.82,15,Storm,No,716.65,Monsoon
2025-07-10,S013,P0235,Stationery,East,57,93,126,117,468.72,20,Sunny,No,431.18,Monsoon
2024-10-06,S005,P0369,Electronics,Central,375,86,119,112,996.18,10,Sunny,Yes,965.32,Winter
2024-07-14,S018,P0393,Furniture,South,51,71,89,81,225.55,10,Cloudy,Yes,215.81,Monsoon
2024-01-13,S003,P0323,Furniture,South,392,21,36,20,400.59,15,Sunny,Yes,398.25,Monsoon
2024-09-09,S002,P0417,Food,West,499,111,165,149,167.34,20,Storm,Yes,159.73,Monsoon
2024-05-17,S016,P0328,Stationery,West,336,98,140,100,934.32,20,Storm,No,959.45,Monsoon
2024-02-23,S011,P0092,Clothing,North,296,94,146,115,864.63,0,Sunny,Yes,818.6,Summer
2025-12-16,S020,P0366,Food,South,38,117,180,157,855.93,0,Cloudy,No,874.72,Summer
2024-12-18,S018,P0304,Stationery,South,161,28,67,45,296.45,0,Rainy,No,290.14,Spring
2025-12-27,S004,P0413,Medical,South,385,34,96,61,325.87,5,Rainy,No,297.82,Summer
2025-11-17,S016,P0453,Stationery,North,340,26,94,65,553.79,15,Cloudy,Yes,555.39,Summer
2024-12-26,S019,P0121,Electronics,North,482,63,116,102,88.28,20,Storm,Yes,98.49,Winter
2025-10-28,S016,P0438,Stationery,North,117,45,69,50,710.04,0,Storm,No,694.66,Monsoon
2024-01-07,S013,P0102,Clothing,West,390,76,120,101,570.68,20,Storm,No,581.62,Spring
2024-05-08,S012,P0038,Medical,East,413,14,53,19,935.02,10,Cloudy,No,976.22,Monsoon
2024-06-24,S007,P0363,Electronics,East,103,120,170,133,339.48,0,Sunny,No,309.09,Monsoon
2024-04-08,S014,P0255,Clothing,East,317,57,82,60,118.64,0,Sunny,Yes,71.23,Spring
2024-08-22,S009,P0034,Food,South,225,101,151,113,19.72,10,Storm,Yes,43.12,Summer
2024-08-30,S002,P0364,Furniture,South,153,22,69,38,844.85,15,Rainy,Yes,881.69,Summer
2025-06-12,S012,P0484,Clothing,West,61,61,88,55,817.85,20,Cloudy,Yes,842.86,Winter
2024-03-13,S016,P0457,Furniture,North,482,25,63,43,948.51,15,Sunny,No,922.93,Summer
2024-09-01,S002,P0419,Food,East,73,119,144,110,508.83,5,Cloudy,Yes,556.23,Winter
2024-08-28,S010,P0281,Clothing,North,436,73,101,69,803.15,5,Sunny,Yes,823.65,Summer
2024-03-10,S015,P0024,Furniture,Central,276,24,37,33,709.36,0,Cloudy,No,713.76,Winter
2025-03-10,S003,P0145,Medical,Central,344,75,129,95,451.16,5,Storm,Yes,419.53,Summer
2025-11-11,S007,P0158,Clothing,South,85,7,26,14,647.78,15,Sunny,Yes,623.36,Spring
2025-01-04,S001,P0323,Clothing,North,53,116,109,108,301.29,15,Rainy,Yes,251.48,Summer
2024-12-10,S016,P0390,Furniture,South,207,47,113,84,575.51,5,Rainy,No,530.24,Spring
2025-12-10,S020,P0457,Medical,Central,257,21,58,53,494.23,0,Storm,No,515.31,Spring
2025-03-09,S015,P0337,Electronics,South,263,99,140,117,866.12,5,Rainy,Yes,866.13,Summer
2025-09-21,S002,P0141,Clothing,North,253,87,127,117,51.3,20,Cloudy,No,48.96,Monsoon
2025-05-28,S018,P0285,Stationery,North,229,70,94,65,830.02,5,Storm,No,808.07,Monsoon
2025-11-24,S011,P0262,Clothing,Central,40,36,106,66,797.41,10,Rainy,Yes,835.05,Monsoon
2024-09-01,S020,P0098,Furniture,Central,358,55,99,91,42.64,10,Rainy,No,75.36,Winter
2025-11-21,S014,P0459,Food,North,308,45,52,51,943.72,5,Rainy,Yes,945.38,Spring
2025-10-12,S012,P0184,Stationery,East,58,103,127,115,464.05,10,Cloudy,Yes,432.64,Monsoon
2024-09-30,S014,P0234,Food,Central,164,102,122,94,761.26,20,Rainy,Yes,782.08,Winter
2024-02-02,S001,P0394,Medical,East,399,9,36,28,682.34,0,Storm,Yes,724.9,Winter
2024-06-26,S001,P0457,Clothing,North,171,56,80,52,373.39,15,Sunny,No,377.13,Spring
2025-02-22,S014,P0065,Clothing,East,267,15,64,38,264.54,10,Storm,Yes,229.43,Monsoon
2025-07-30,S017,P0238,Food,North,300,58,83,78,123.83,0,Rainy,Yes,171.8,Summer
2024-11-30,S001,P0238,Furniture,South,257,104,115,97,663.02,5,Cloudy,No,691.6,Spring
2025-06-26,S002,P0134,Furniture,Central,309,83,119,103,604.71,0,Sunny,No,630.19,Spring
2025-10-01,S013,P0431,Medical,South,324,117,186,154,934.16,20,Cloudy,No,898.43,Winter
2024-10-16,S017,P0219,Clothing,South,457,72,75,69,929.8,5,Rainy,Yes,885.72,Winter
2024-09-27,S004,P0086,Food,East,492,50,108,84,817.43,0,Sunny,No,818.44,Winter
2024-01-23,S013,P0413,Stationery,West,145,39,73,44,278.1,5,Cloudy,Yes,263.51,Monsoon
2024-08-03,S003,P0421,Clothing,East,214,22,37,32,876.59,5,Sunny,Yes,847.14,Winter
2025-08-29,S004,P0127,Stationery,West,448,120,151,111,146.13,15,Rainy,Yes,97.29,Winter
2025-01-04,S014,P0402,Food,South,466,21,26,22,977.99,10,Cloudy,Yes,954.47,Monsoon
2025-11-16,S011,P0343,Medical,Central,89,45,111,84,128.72,15,Cloudy,No,89.59,Summer
2025-02-27,S015,P0391,Clothing,Central,425,94,123,89,282.46,10,Rainy,No,263.92,Summer
2025-10-18,S010,P0496,Electronics,South,339,52,79,45,115.4,20,Rainy,Yes,123.45,Summer
2024-12-21,S007,P0486,Stationery,East,304,52,93,79,827.22,20,Rainy,Yes,782.82,Monsoon
2024-01-29,S017,P0046,Medical,West,494,108,149,129,55.12,15,Rainy,No,76.73,Monsoon
2024-10-28,S016,P0130,Clothing,East,486,21,44,33,287.69,15,Storm,No,286.92,Summer
2024-02-04,S018,P0448,Medical,South,176,59,70,67,58.32,0,Storm,No,46.97,Spring
2024-05-08,S019,P0117,Medical,East,399,90,132,109,808.17,5,Cloudy,No,807.85,Winter
2025-08-19,S006,P0441,Clothing,East,71,22,20,19,887.09,10,Cloudy,Yes,839.53,Spring
2024-02-14,S008,P0073,Stationery,East,67,101,121,118,577.77,20,Storm,Yes,613.21,Spring
2025-07-31,S010,P0104,Electronics,West,93,55,76,53,671.74,0,Sunny,Yes,692.41,Summer
2025-01-15,S017,P0133,Clothing,South,50,88,129,92,304.18,20,Storm,No,305.03,Summer
2025-12-03,S009,P0292,Food,East,493,36,58,53,788.49,15,Cloudy,No,797.64,Monsoon
2025-12-29,S007,P0372,Electronics,West,339,50,101,69,877.09,5,Cloudy,Yes,871.95,Spring
2024-04-19,S006,P0110,Medical,South,290,34,41,32,932.46,10,Storm,Yes,972.68,Spring
2025-01-31,S009,P0373,Food,East,72,64,97,80,713.39,10,Cloudy,Yes,761.24,Winter
2024-06-16,S012,P0004,Furniture,South,302,53,89,57,88.66,0,Rainy,Yes,135.14,Spring
2025-10-27,S017,P0368,Furniture,West,169,91,142,121,591.79,5,Storm,No,621.1,Spring
2024-10-06,S008,P0420,Stationery,West,113,31,73,60,325.16,10,Rainy,Yes,296.86,Spring
2025-06-16,S001,P0071,Food,North,130,82,135,98,195.24,10,Storm,No,157.21,Summer
2024-03-10,S019,P0342,Food,East,151,29,99,59,258.87,20,Rainy,No,247.41,Winter
2025-01-04,S001,P0287,Medical,Central,482,50,85,70,120.28,0,Rainy,Yes,105.89,Spring
2024-08-15,S008,P0240,Food,South,35,90,139,116,61.22,20,Sunny,Yes,32.18,Spring
2024-07-16,S006,P0351,Stationery,West,475,40,54,35,522.02,0,Cloudy,Yes,561.39,Summer
2025-02-25,S001,P0288,Stationery,West,298,96,87,87,611.42,15,Sunny,Yes,576.49,Winter
2025-06-18,S011,P0292,Food,North,319,113,168,151,353.7,5,Rainy,Yes,363.32,Summer
2024-03-18,S004,P0236,Clothing,West,436,46,114,75,520.93,15,Sunny,Yes,565.54,Summer
2024-07-20,S020,P0145,Electronics,West,27,109,167,134,543.04,15,Cloudy,Yes,579.41,Summer
2024-10-13,S012,P0265,Stationery,West,82,33,27,24,449.26,20,Cloudy,No,441.58,Monsoon
2024-01-06,S015,P0091,Furniture,West,320,48,80,74,310.62,0,Storm,No,290.29,Spring
2024-05-11,S004,P0148,Stationery,South,248,27,76,49,955.88,0,Sunny,No,959.9,Summer
2025-10-28,S005,P0055,Food,West,303,39,97,77,914.17,10,Cloudy,Yes,954.84,Monsoon
2025-09-11,S002,P0227,Medical,Central,465,30,74,56,115.55,15,Storm,No,110.46,Monsoon
2025-04-02,S005,P0220,Clothing,North,158,84,83,78,64.06,15,Storm,Yes,59.83,Spring
2025-07-04,S006,P0143,Medical,South,332,119,142,129,459.97,0,Sunny,No,417.22,Monsoon
2024-12-30,S015,P0280,Electronics,East,366,90,151,118,998.36,10,Storm,Yes,1046.58,Monsoon
2024-02-10,S015,P0192,Food,Central,267,85,124,112,395.09,0,Rainy,No,425.27,Summer
2024-02-21,S007,P0494,Clothing,West,446,104,157,143,671.55,5,Sunny,Yes,668.51,Monsoon
2025-02-02,S018,P0400,Clothing,West,476,66,71,67,162.76,5,Cloudy,Yes,113.25,Monsoon
2024-08-27,S001,P0298,Medical,North,92,95,115,104,347.02,15,Cloudy,No,335.09,Summer
2025-02-21,S008,P0421,Stationery,West,354,82,87,74,40.52,10,Cloudy,Yes,-2.16,Summer
2025-08-25,S015,P0444,Stationery,West,283,46,97,63,274.3,20,Sunny,No,324.1,Winter
2025-03-12,S008,P0127,Food,North,42,8,46,29,939.25,0,Sunny,No,972.41,Winter
2025-11-07,S013,P0123,Medical,West,269,44,64,52,393.64,15,Storm,Yes,351.88,Winter
2025-01-01,S009,P0498,Clothing,Central,476,66,132,101,801.99,0,Storm,No,825.9,Winter
2025-06-20,S006,P0251,Medical,East,96,42,114,80,727.19,10,Rainy,Yes,683.9,Monsoon
2024-04-21,S009,P0352,Medical,South,391,98,158,126,505.56,5,Sunny,Yes,497.39,Summer
2024-07-28,S006,P0063,Clothing,Central,385,33,96,59,836.15,20,Sunny,Yes,875.86,Spring
2025-12-16,S009,P0486,Medical,East,440,20,31,23,665.2,0,Cloudy,No,644.15,Spring
2025-05-09,S013,P0200,Electronics,East,56,51,100,83,119.36,15,Cloudy,No,134.35,Summer
2025-08-13,S013,P0252,Stationery,West,63,119,140,115,688.77,10,Storm,No,675.83,Spring
2025-03-19,S005,P0005,Medical,East,217,56,92,62,972.94,0,Rainy,No,979.15,Monsoon
2024-12-03,S020,P0276,Medical,West,470,46,51,47,496.1,0,Rainy,No,474.85,Summer
2025-04-24,S018,P0186,Stationery,North,204,43,97,80,150.33,0,Storm,Yes,143.44,Spring
2025-11-26,S013,P0410,Food,South,138,87,137,110,787.27,10,Cloudy,No,740.74,Spring
2024-07-26,S002,P0100,Electronics,Central,319,9,24,14,802.1,0,Rainy,Yes,777.79,Summer
2024-01-21,S001,P0206,Clothing,East,479,15,18,11,802.96,20,Cloudy,No,779.24,Spring
2024-11-23,S011,P0039,Clothing,South,210,22,74,56,361.92,20,Storm,No,351.19,Monsoon
2024-12-20,S018,P0103,Stationery,Central,252,95,131,118,324.21,15,Storm,Yes,369.97,Summer
2024-12-02,S007,P0414,Medical,Central,198,55,111,72,437.71,5,Cloudy,No,453.42,Monsoon
2024-03-10,S004,P0308,Medical,Central,257,88,121,112,333.75,15,Sunny,No,374.15,Summer
2024-09-27,S006,P0304,Furniture,West,460,59,106,87,637.48,15,Cloudy,Yes,657.85,Spring
2025-06-21,S016,P0290,Stationery,Central,460,51,79,48,966.44,15,Sunny,Yes,935.56,Winter
2024-05-14,S020,P0161,Stationery,South,355,109,134,130,610.65,0,Sunny,Yes,628.62,Spring
2024-06-11,S009,P0461,Clothing,West,71,21,41,18,640.57,20,Rainy,No,594.72,Monsoon
2025-03-03,S007,P0324,Furniture,Central,372,28,29,27,102.91,10,Rainy,No,95.41,Winter
2025-06-18,S018,P0047,Clothing,North,99,41,51,43,389.43,10,Rainy,Yes,363.49,Spring
2024-11-17,S006,P0032,Furniture,East,180,114,175,142,839.8,0,Cloudy,Yes,857.06,Monsoon
2024-02-20,S008,P0483,Furniture,Central,269,40,53,53,762.37,20,Sunny,No,733.61,Winter
2024-05-23,S020,P0007,Food,West,155,39,48,29,928.59,5,Sunny,Yes,887.19,Summer
2025-11-24,S016,P0244,Stationery,South,188,94,143,128,939.32,5,Storm,No,964.97,Monsoon
2024-12-17,S008,P0173,Clothing,East,151,61,80,76,443.2,15,Sunny,No,428.9,Spring
2024-04-09,S019,P0382,Furniture,Central,112,54,97,70,114.7,5,Cloudy,Yes,122.71,Spring
2025-12-25,S009,P0426,Furniture,South,46,111,113,109,352.29,0,Sunny,No,323.06,Summer
2025-04-28,S010,P0416,Food,West,336,114,185,151,972.71,10,Rainy,Yes,973.13,Winter
2024-05-14,S004,P0076,Food,East,328,115,145,143,228.84,0,Rainy,No,247.71,Monsoon
2025-04-18,S006,P0091,Electronics,West,361,16,35,24,93.43,0,Cloudy,Yes,85.57,Winter
2024-01-04,S010,P0129,Furniture,South,387,40,58,46,399.94,5,Storm,Yes,389.17,Monsoon
2024-05-30,S006,P0471,Food,West,100,93,131,131,635.23,15,Rainy,No,648.16,Summer
2025-04-17,S011,P0343,Food,North,280,11,73,41,903.43,15,Sunny,Yes,945.6,Summer
2025-07-07,S002,P0341,Food,South,404,52,57,55,24.12,20,Rainy,No,-21.54,Spring
2025-10-22,S016,P0085,Medical,East,263,62,91,73,408.46,20,Storm,Yes,399.78,Summer
2024-10-23,S013,P0182,Stationery,West,160,107,163,123,224.43,5,Cloudy,Yes,245.6,Monsoon
2024-10-30,S007,P0161,Electronics,Central,403,57,106,94,339.57,15,Cloudy,Yes,320.83,Spring
2025-02-09,S019,P0210,Clothing,West,311,91,127,105,706.6,20,Sunny,Yes,692.69,Summer
2025-12-23,S009,P0265,Clothing,South,132,62,119,99,161.91,20,Sunny,Yes,196.21,Summer
2024-07-07,S019,P0325,Clothing,South,474,21,36,31,735.03,10,Storm,Yes,720.34,Summer
2025-05-11,S010,P0110,Electronics,South,223,57,66,49,79.39,5,Storm,Yes,122.96,Winter
2024-08-13,S020,P0399,Furniture,East,424,67,77,66,594.43,5,Rainy,No,556.62,Summer
2025-09-12,S010,P0291,Food,South,98,26,94,54,375.59,0,Cloudy,Yes,397.22,Spring
2025-03-18,S018,P0240,Medical,South,366,87,156,119,811.89,5,Cloudy,No,822.24,Spring
2025-04-13,S010,P0156,Food,West,371,84,78,75,951.38,15,Storm,No,951.96,Monsoon
2025-12-05,S007,P0266,Food,Central,307,33,50,50,683.21,20,Rainy,No,696.59,Winter
2025-06-26,S016,P0406,Furniture,West,187,47,85,74,340.86,15,Storm,Yes,307.38,Summer
2024-05-26,S014,P0472,Medical,Central,187,62,109,99,492.96,10,Rainy,No,514.74,Winter
2025-11-29,S009,P0449,Food,West,158,64,77,65,783.15,5,Storm,Yes,758.48,Winter
2024-12-27,S017,P0203,Furniture,Central,71,43,95,71,96.06,0,Storm,No,144.09,Summer
2024-10-05,S017,P0491,Food,Central,148,82,89,88,756.37,20,Cloudy,No,742.39,Winter
2024-08-23,S008,P0445,Electronics,Central,361,43,53,50,851.59,20,Rainy,Yes,824.38,Winter
2025-02-08,S005,P0331,Furniture,West,316,99,118,101,474.23,20,Storm,Yes,431.04,Winter
2024-04-03,S007,P0050,Medical,East,417,91,101,91,931.08,0,Rainy,Yes,888.76,Winter
2025-10-04,S007,P0125,Food,South,98,35,68,62,370.17,5,Sunny,No,327.49,Winter
2025-08-30,S018,P0305,Food,West,303,27,32,22,490.18,5,Rainy,Yes,464.62,Winter
2024-07-06,S015,P0249,Stationery,East,338,49,78,77,898.59,5,Storm,Yes,858.36,Winter
2025-12-16,S013,P0445,Clothing,South,22,93,126,89,642.47,0,Rainy,No,687.59,Monsoon
2025-06-26,S003,P0161,Clothing,West,142,37,72,40,910.57,15,Cloudy,No,871.94,Winter
2024-04-26,S018,P0496,Furniture,North,258,85,113,78,457.67,5,Cloudy,Yes,455.93,Winter
2025-09-30,S007,P0145,Stationery,Central,141,89,158,125,19.57,20,Sunny,Yes,62.88,Summer
2024-06-20,S007,P0092,Clothing,North,77,53,85,85,34.76,20,Rainy,Yes,71.8,Monsoon
2024-07-10,S003,P0113,Electronics,North,384,62,86,76,367.34,0,Storm,No,405.75,Monsoon
2024-10-24,S001,P0052,Stationery,North,104,72,122,109,175.79,15,Storm,No,175.2,Winter
2024-04-25,S001,P0092,Clothing,North,431,60,113,79,417.32,5,Cloudy,Yes,462.63,Spring
2024-09-19,S002,P0315,Medical,East,406,26,71,43,241.52,0,Sunny,No,208.58,Monsoon
2024-08-01,S007,P0040,Medical,Central,348,114,123,105,945.97,0,Cloudy,Yes,932.07,Winter
2025-11-11,S017,P0164,Furniture,Central,195,8,46,26,797.41,0,Cloudy,No,800.17,Spring
2025-04-02,S016,P0026,Stationery,North,51,34,105,74,509.17,15,Rainy,Yes,504.38,Spring
2025-02-06,S011,P0368,Electronics,North,159,89,99,97,346.35,20,Storm,Yes,319.58,Spring
2024-06-20,S019,P0014,Electronics,Central,252,87,143,115,249.95,5,Rainy,Yes,254.8,Winter
2025-01-04,S014,P0459,Furniture,West,75,16,64,54,72.58,5,Sunny,Yes,48.14,Winter
2025-01-07,S016,P0327,Stationery,East,35,27,38,36,407.22,0,Storm,Yes,363.83,Winter
2025-04-16,S017,P0285,Food,South,45,90,122,105,545.36,15,Sunny,Yes,552.03,Monsoon
2024-02-27,S003,P0482,Furniture,Central,249,99,169,131,34.99,10,Sunny,Yes,39.29,Winter
2024-04-12,S013,P0238,Food,West,405,113,141,120,701.71,15,Sunny,No,731.28,Summer
2024-10-01,S004,P0231,Food,East,309,56,94,93,105.47,0,Cloudy,Yes,112.29,Spring
2025-04-22,S009,P0361,Clothing,South,408,107,107,99,885.47,5,Cloudy,No,890.98,Summer
2025-03-26,S012,P0326,Medical,South,255,89,107,87,863.42,5,Cloudy,No,819.35,Summer
2025-01-04,S007,P0111,Stationery,East,382,69,101,90,978.69,5,Storm,Yes,990.63,Summer
2025-12-17,S014,P0101,Stationery,Central,481,37,67,28,250.25,20,Cloudy,No,240.34,Monsoon
2025-06-30,S013,P0408,Stationery,East,166,39,66,37,255.98,20,Rainy,Yes,229.23,Winter
2025-07-20,S011,P0499,Furniture,South,395,75,120,91,411.21,5,Cloudy,Yes,408.54,Spring
2025-10-07,S002,P0060,Clothing,South,100,12,34,8,429.89,5,Sunny,No,406.91,Spring
2025-12-07,S006,P0410,Medical,Central,120,37,92,71,185.28,15,Storm,Yes,156.46,Summer
2024-07-18,S004,P0379,Stationery,East,206,63,73,55,283.18,10,Rainy,No,269.49,Monsoon
2024-05-30,S019,P0171,Food,East,63,14,39,10,346.14,20,Rainy,Yes,322.64,Monsoon
2024-07-02,S012,P0039,Furniture,Central,458,85,143,124,384.78,20,Sunny,Yes,345.75,Spring
2024-10-06,S010,P0092,Medical,Central,405,67,137,98,181.9,10,Storm,Yes,197.96,Monsoon
2025-03-27,S016,P0192,Stationery,Central,392,31,54,41,655.3,20,Sunny,No,667.13,Summer
2024-01-03,S008,P0439,Clothing,West,51,64,81,74,268.48,0,Rainy,Yes,298.17,Winter
2024-12-13,S001,P0371,Medical,North,258,109,144,134,267.47,5,Rainy,No,317.23,Spring
2024-11-03,S010,P0106,Stationery,North,482,35,102,72,539.72,15,Sunny,No,583.7,Spring
2024-01-14,S020,P0321,Food,South,237,58,132,95,395.36,0,Storm,No,383.12,Winter
2024-05-30,S002,P0198,Clothing,North,429,114,158,154,523.68,15,Storm,Yes,533.45,Monsoon
2025-03-24,S005,P0373,Furniture,North,62,49,76,76,111.35,5,Storm,Yes,93.19,Winter
2024-09-17,S017,P0493,Furniture,South,409,11,42,12,173.41,20,Sunny,Yes,177.52,Winter
2025-07-21,S005,P0191,Electronics,West,220,118,129,113,750.06,20,Storm,No,754.86,Spring
2025-06-01,S009,P0430,Clothing,South,468,38,40,38,932.12,0,Cloudy,No,910.71,Winter
2025-10-19,S003,P0368,Clothing,Central,263,33,64,54,254.22,20,Cloudy,Yes,295.96,Monsoon
2025-09-05,S014,P0110,Food,Central,382,115,160,143,462.39,10,Rainy,Yes,478.36,Winter
2024-12-14,S007,P0200,Food,West,180,68,124,88,474.54,20,Sunny,No,488.67,Monsoon
2025-10-02,S018,P0053,Clothing,North,71,10,60,23,226.23,10,Cloudy,Yes,249.21,Winter
2024-08-30,S018,P0324,Food,Central,194,108,126,125,875.83,20,Storm,No,861.39,Winter
2025-09-24,S016,P0168,Electronics,South,234,32,63,44,679.75,15,Sunny,Yes,631.46,Winter
2025-05-27,S010,P0469,Electronics,Central,168,21,45,35,666.65,15,Sunny,Yes,647.73,Monsoon
2024-12-19,S011,P0208,Clothing,South,318,42,67,35,355.55,20,Cloudy,Yes,368.87,Monsoon
2025-10-18,S015,P0371,Food,East,145,65,133,104,766.15,20,Cloudy,No,749.24,Summer
2025-05-12,S005,P0170,Electronics,South,468,115,156,121,814.29,10,Rainy,No,837.03,Monsoon
2025-03-05,S006,P0437,Furniture,West,254,106,173,133,60.86,15,Rainy,No,91.4,Spring
2024-12-01,S019,P0487,Medical,Central,469,25,67,28,403.43,10,Sunny,Yes,421.29,Winter
2024-08-17,S009,P0389,Electronics,East,360,71,99,82,47.67,0,Sunny,Yes,3.55,Monsoon
2024-05-26,S018,P0175,Electronics,South,232,77,134,114,475.09,10,Storm,No,447.23,Summer
2024-12-07,S006,P0012,Clothing,North,102,83,117,91,79.62,5,Cloudy,Yes,101.92,Winter
2025-02-11,S020,P0256,Medical,West,424,36,55,39,886.29,0,Rainy,No,843.18,Summer
2025-06-17,S017,P0022,Clothing,North,111,88,124,102,996.63,5,Sunny,No,1012.53,Winter
2025-01-28,S003,P0271,Stationery,East,44,36,52,38,70.54,10,Rainy,No,49.73,Spring
2024-02-25,S016,P0467,Medical,Central,360,28,62,61,634.16,5,Sunny,Yes,592.88,Winter
2024-02-02,S015,P0401,Food,West,317,35,82,51,727.62,15,Rainy,No,727.49,Monsoon
2025-04-12,S007,P0129,Medical,North,213,44,78,56,305.81,20,Cloudy,No,344.37,Summer
2025-01-01,S020,P0105,Medical,East,415,99,142,135,116.8,0,Cloudy,Yes,80.77,Summer
2024-02-20,S003,P0106,Clothing,North,295,84,128,120,200.22,5,Cloudy,No,169.08,Monsoon
2024-01-30,S014,P0008,Food,West,257,7,30,6,257.9,15,Cloudy,Yes,221.76,Monsoon
2025-10-09,S004,P0478,Food,East,83,100,128,109,816.82,15,Rainy,No,810.52,Summer
2025-04-09,S002,P0224,Medical,East,376,117,173,144,256.76,5,Storm,Yes,265.07,Monsoon
2024-06-20,S007,P0233,Food,North,361,9,23,9,743.12,10,Rainy,No,743.84,Summer
2025-07-03,S019,P0489,Clothing,Central,155,72,146,111,606.56,0,Cloudy,Yes,615.73,Spring
2025-11-25,S013,P0337,Clothing,East,391,47,113,76,76.55,20,Storm,No,54.18,Monsoon
2024-05-27,S006,P0156,Furniture,Central,141,110,137,137,39.87,0,Storm,No,86.72,Monsoon
2024-12-04,S020,P0352,Clothing,North,150,68,62,58,507.09,15,Sunny,No,533.3,Spring
2025-04-07,S005,P0389,Stationery,East,500,10,86,47,682.28,5,Sunny,Yes,674.63,Winter
2024-02-28,S016,P0124,Clothing,West,428,93,106,102,466.81,0,Sunny,Yes,499.68,Winter
2025-02-27,S005,P0411,Stationery,North,70,33,84,65,22.45,15,Storm,No,31.19,Monsoon
2025-05-07,S007,P0446,Furniture,Central,185,112,144,113,351.86,5,Storm,No,373.62,Monsoon
2024-04-02,S017,P0036,Clothing,East,201,92,112,85,908.2,15,Storm,Yes,910.31,Monsoon
2025-01-08,S019,P0457,Clothing,North,447,58,117,91,90.14,15,Rainy,No,81.6,Summer
2025-02-01,S014,P0060,Electronics,South,148,57,87,87,348.22,10,Rainy,No,329.58,Spring
2024-07-11,S013,P0311,Food,North,115,21,50,27,931.8,20,Rainy,Yes,896.66,Summer
2025-10-18,S013,P0297,Food,Central,383,59,113,85,847.21,10,Cloudy,No,853.01,Spring
2024-07-21,S002,P0134,Stationery,South,63,78,109,95,67.87,5,Storm,Yes,67.34,Summer
2024-12-21,S004,P0069,Food,East,436,77,118,113,427.74,5,Storm,Yes,401.25,Winter
2025-05-14,S008,P0239,Stationery,North,219,31,65,27,99.57,20,Cloudy,No,135.8,Summer
2025-02-01,S012,P0214,Food,South,22,58,107,98,182.04,0,Cloudy,No,173.36,Spring
2025-01-17,S003,P0001,Clothing,North,220,84,138,120,174.54,20,Sunny,Yes,176.62,Summer
2025-04-25,S015,P0156,Stationery,West,124,7,18,10,315.45,20,Rainy,No,282.86,Summer
2025-11-30,S017,P0354,Furniture,North,391,34,95,74,840.66,0,Rainy,Yes,802.25,Spring
2025-11-19,S003,P0288,Clothing,South,380,97,145,124,510.52,15,Sunny,Yes,557.18,Winter
2025-11-02,S007,P0327,Food,West,496,25,52,47,471.97,20,Storm,No,424.97,Summer
2025-02-05,S008,P0082,Food,East,353,97,145,126,485.36,20,Cloudy,No,442.72,Winter
2024-07-16,S020,P0143,Electronics,South,122,92,152,113,58.76,5,Storm,No,75.54,Summer
2024-12-19,S011,P0065,Stationery,West,344,93,101,95,663.55,5,Cloudy,No,684.6,Spring
2024-04-10,S013,P0257,Food,Central,318,85,99,96,815.16,5,Sunny,No,770.61,Winter
2024-05-08,S020,P0150,Medical,Central,378,114,178,153,336.47,10,Sunny,No,371.39,Summer
2025-09-05,S003,P0168,Electronics,East,278,35,89,57,900.47,0,Storm,No,941.16,Spring
2025-02-27,S012,P0226,Food,East,157,78,88,73,405.96,0,Rainy,Yes,396.78,Summer
2025-12-21,S019,P0342,Electronics,South,432,101,121,115,841.28,10,Cloudy,No,856.93,Monsoon
2024-07-13,S014,P0443,Food,North,363,114,167,151,742.95,10,Rainy,No,738.75,Monsoon
2025-10-02,S012,P0305,Clothing,West,194,7,48,46,709.96,20,Storm,Yes,745.04,Summer
2024-08-01,S013,P0414,Electronics,North,308,94,148,125,959.68,20,Cloudy,Yes,985.34,Summer
2025-10-14,S014,P0018,Stationery,Central,255,8,48,24,115.02,10,Storm,Yes,132.16,Spring
2024-05-19,S007,P0282,Medical,North,20,90,89,88,903.36,5,Sunny,Yes,946.0,Winter
2025-08-14,S001,P0103,Stationery,West,336,59,104,74,434.32,5,Rainy,No,428.61,Monsoon
2025-05-30,S004,P0297,Stationery,North,134,119,156,133,426.32,0,Cloudy,No,422.32,Monsoon
2025-05-17,S009,P0201,Food,South,432,41,80,43,413.96,15,Rainy,Yes,367.36,Spring
2024-09-14,S014,P0458,Medical,Central,391,81,108,71,946.81,10,Storm,Yes,923.86,Winter
2024-12-28,S004,P0070,Medical,South,284,69,120,86,133.27,5,Storm,No,116.32,Summer
2024-11-19,S017,P0027,Clothing,North,159,68,139,107,895.64,0,Sunny,No,902.0,Spring
2024-05-05,S003,P0470,Medical,North,445,45,102,73,770.88,0,Sunny,No,724.97,Summer
2025-06-15,S016,P0145,Furniture,West,279,45,76,51,446.62,5,Rainy,Yes,459.7,Monsoon
2024-04-17,S003,P0269,Furniture,South,127,18,77,44,324.78,20,Sunny,Yes,312.58,Winter
2024-12-24,S003,P0054,Electronics,Central,170,21,87,53,641.03,5,Sunny,Yes,626.88,Monsoon
2025-09-07,S010,P0033,Furniture,East,173,115,152,152,582.05,5,Storm,Yes,598.23,Summer
2024-05-22,S014,P0019,Stationery,West,146,76,128,100,682.59,15,Rainy,No,671.51,Winter
2024-07-25,S016,P0282,Furniture,Central,419,111,121,120,651.19,20,Storm,No,662.38,Monsoon
2025-11-16,S008,P0083,Stationery,Central,378,88,91,90,532.77,20,Rainy,No,502.43,Winter
2024-07-03,S012,P0478,Clothing,Central,217,101,130,115,514.7,0,Sunny,No,511.89,Winter
2024-08-15,S011,P0225,Food,West,134,110,110,106,814.58,20,Storm,No,806.08,Winter
2025-08-30,S008,P0031,Furniture,Central,89,95,170,135,557.15,5,Storm,No,583.47,Spring
2024-10-03,S001,P0108,Food,North,37,50,111,72,754.88,5,Storm,No,728.7,Spring
2025-06-26,S006,P0194,Clothing,East,266,19,57,47,273.63,20,Storm,Yes,270.84,Summer
2025-02-18,S010,P0162,Furniture,West,164,78,124,94,948.55,10,Cloudy,Yes,908.02,Monsoon
2025-03-30,S014,P0336,Medical,Central,388,43,85,52,536.53,10,Sunny,Yes,500.48,Monsoon
2024-04-16,S008,P0279,Clothing,North,410,18,35,15,738.46,15,Cloudy,No,777.78,Spring
2024-10-20,S018,P0005,Medical,Central,396,58,81,79,652.52,0,Rainy,Yes,668.62,Winter
2025-08-19,S011,P0261,Food,North,134,38,75,55,705.52,5,Rainy,No,731.46,Monsoon
2025-01-20,S010,P0320,Clothing,South,123,93,111,98,779.65,20,Cloudy,No,744.72,Spring
2024-02-24,S005,P0207,Furniture,Central,193,14,45,24,725.24,20,Sunny,Yes,769.1,Summer
2024-10-02,S013,P0396,Furniture,Central,366,99,127,98,97.79,0,Storm,No,114.3,Monsoon
2025-05-07,S018,P0177,Stationery,East,233,97,111,98,636.27,0,Storm,No,607.18,Summer
2025-02-27,S019,P0488,Clothing,North,289,17,55,43,918.83,20,Rainy,Yes,884.33,Summer
2025-06-06,S009,P0445,Stationery,North,405,94,109,84,193.58,5,Cloudy,No,212.1,Monsoon
2025-01-11,S008,P0044,Clothing,North,162,13,76,37,172.54,20,Sunny,Yes,212.29,Monsoon
2025-02-15,S011,P0342,Clothing,Central,135,8,20,10,510.04,15,Sunny,No,507.52,Spring
2025-08-16,S017,P0300,Stationery,West,436,101,149,125,366.69,0,Rainy,Yes,359.35,Summer
2024-05-31,S018,P0209,Medical,East,419,99,162,139,69.09,15,Storm,No,36.35,Summer
2024-11-01,S001,P0296,Furniture,East,244,54,80,47,825.77,20,Storm,Yes,793.25,Monsoon
2025-02-08,S008,P0009,Medical,East,259,117,162,149,399.0,0,Storm,Yes,388.66,Winter
2025-04-25,S007,P0359,Food,East,100,100,124,115,519.01,0,Sunny,No,492.57,Spring
2024-10-15,S008,P0440,Stationery,North,312,15,50,45,438.78,5,Rainy,Yes,414.19,Winter
2025-12-31,S005,P0269,Clothing,East,373,17,57,31,242.52,15,Cloudy,No,235.67,Winter
2024-10-24,S013,P0078,Furniture,Central,404,5,69,29,337.98,20,Cloudy,Yes,379.36,Winter
2025-10-11,S014,P0383,Electronics,North,20,70,112,79,432.72,0,Rainy,No,420.98,Winter
2024-10-30,S011,P0103,Medical,Central,234,80,111,71,112.86,10,Sunny,No,124.11,Summer
2024-11-15,S010,P0164,Food,South,162,14,31,5,394.97,15,Rainy,Yes,399.54,Spring
2024-12-23,S019,P0100,Clothing,East,48,116,134,117,161.35,5,Cloudy,Yes,188.77,Spring
2024-03-19,S012,P0013,Furniture,South,429,13,44,44,690.15,5,Sunny,No,701.8,Winter
2025-03-11,S007,P0398,Electronics,West,242,61,73,57,545.48,5,Sunny,No,588.49,Spring
2025-08-11,S018,P0356,Furniture,East,409,45,73,57,738.19,0,Rainy,Yes,705.26,Winter
2024-07-03,S019,P0441,Stationery,East,279,90,119,115,362.97,5,Rainy,Yes,317.73,Spring
2025-02-05,S002,P0436,Clothing,North,300,5,12,2,422.88,15,Storm,Yes,389.5,Summer
2024-10-12,S008,P0419,Stationery,South,403,81,89,75,888.53,10,Cloudy,Yes,862.39,Summer
2025-05-13,S017,P0492,Clothing,East,148,81,105,96,790.44,5,Sunny,Yes,796.56,Spring
2025-10-19,S018,P0388,Clothing,Central,221,50,69,56,600.16,20,Sunny,Yes,576.76,Summer
2024-01-27,S008,P0425,Furniture,Central,287,57,103,87,822.92,10,Sunny,No,828.58,Winter
2024-12-06,S001,P0429,Clothing,North,49,101,140,108,856.39,0,Rainy,Yes,839.85,Spring
2025-05-14,S016,P0294,Stationery,South,107,18,50,11,61.47,10,Sunny,Yes,40.36,Spring
2024-05-07,S017,P0348,Medical,East,268,37,72,72,39.27,10,Storm,No,24.92,Spring
2024-08-01,S001,P0227,Furniture,South,265,42,98,81,602.89,15,Storm,No,590.59,Winter
2024-10-26,S004,P0279,Electronics,South,455,117,187,157,270.68,5,Storm,Yes,221.35,Summer
2024-12-30,S001,P0157,Furniture,Central,450,114,146,112,681.6,20,Rainy,No,694.11,Winter
2025-02-15,S015,P0192,Furniture,West,29,22,75,37,776.41,10,Storm,No,774.73,Winter
2024-08-10,S015,P0162,Furniture,East,361,99,122,95,204.34,15,Sunny,Yes,206.66,Monsoon
2024-09-06,S020,P0113,Electronics,South,269,54,71,61,613.72,20,Cloudy,Yes,586.72,Monsoon
2024-05-18,S007,P0093,Medical,Central,399,94,111,109,526.7,20,Storm,Yes,574.87,Monsoon
2025-12-22,S010,P0234,Clothing,East,462,8,8,3,261.42,20,Storm,Yes,260.3,Spring
2025-04-19,S014,P0235,Medical,North,38,40,115,78,953.24,0,Cloudy,No,960.83,Spring
2024-12-10,S002,P0340,Furniture,East,314,66,98,84,613.5,0,Sunny,No,641.48,Spring
2024-07-29,S002,P0266,Stationery,North,485,119,168,134,904.9,20,Cloudy,Yes,864.56,Spring
2024-11-17,S006,P0413,Electronics,Central,239,84,131,114,891.5,0,Storm,No,888.88,Winter
2025-11-24,S006,P0119,Food,South,388,59,122,85,109.86,10,Cloudy,Yes,110.49,Winter
2024-02-02,S004,P0482,Furniture,West,155,73,112,84,996.76,15,Cloudy,No,991.69,Summer
2025-07-16,S006,P0435,Food,Central,445,13,47,38,842.61,20,Cloudy,Yes,876.62,Monsoon
2025-08-14,S010,P0052,Stationery,East,364,79,112,73,880.39,0,Cloudy,No,894.21,Summer
2025-04-21,S017,P0165,Clothing,Central,385,34,44,27,222.36,15,Storm,No,192.68,Winter
2025-05-19,S004,P0139,Stationery,East,440,20,76,37,836.26,10,Sunny,Yes,841.0,Winter
2024-10-05,S004,P0027,Stationery,West,38,105,146,123,416.19,5,Cloudy,Yes,390.03,Spring
2025-09-13,S018,P0258,Stationery,East,268,25,78,52,528.81,5,Cloudy,Yes,496.46,Spring
2024-07-30,S020,P0077,Clothing,North,400,39,82,45,714.07,20,Storm,Yes,746.35,Spring
2025-02-21,S015,P0429,Medical,South,343,110,137,120,450.9,10,Storm,Yes,451.77,Winter
2025-12-18,S014,P0355,Food,West,185,29,65,56,361.06,20,Sunny,No,316.57,Summer
2025-02-14,S009,P0032,Furniture,East,21,103,139,133,480.71,5,Storm,Yes,500.77,Winter
2024-10-27,S005,P0246,Electronics,West,81,30,52,26,685.26,15,Sunny,Yes,681.74,Spring
2025-08-12,S011,P0005,Food,East,381,99,162,133,111.56,15,Rainy,No,82.86,Summer
2025-08-06,S016,P0466,Stationery,West,388,82,91,73,218.55,20,Storm,No,231.46,Summer
2024-06-20,S003,P0203,Stationery,South,454,118,138,136,152.4,10,Sunny,No,133.6,Monsoon
2025-03-07,S013,P0414,Food,Central,159,118,146,138,342.11,0,Rainy,Yes,374.73,Summer
2025-03-22,S006,P0202,Electronics,South,337,7,28,22,327.07,10,Cloudy,Yes,280.35,Spring
2024-08-19,S014,P0197,Food,West,67,115,122,113,795.03,0,Storm,No,826.58,Monsoon
2025-11-02,S004,P0355,Food,Central,22,46,90,50,186.97,5,Cloudy,Yes,199.69,Monsoon
2024-08-17,S001,P0188,Medical,North,379,26,75,48,914.35,15,Rainy,Yes,919.36,Monsoon
2025-04-08,S018,P0198,Clothing,East,134,28,39,25,384.38,15,Cloudy,No,420.11,Summer
2025-02-22,S016,P0005,Clothing,South,76,45,43,42,446.06,10,Cloudy,Yes,462.62,Spring
2025-06-28,S019,P0299,Stationery,Central,272,118,143,125,101.68,5,Storm,Yes,86.05,Monsoon
2025-07-28,S013,P0332,Furniture,East,223,81,105,80,254.04,15,Cloudy,Yes,206.54,Monsoon
2024-03-30,S012,P0039,Medical,South,267,107,182,145,873.83,15,Storm,No,893.31,Monsoon
2024-08-11,S009,P0414,Clothing,Central,54,111,141,112,804.59,10,Sunny,Yes,831.11,Spring
2025-03-09,S013,P0142,Stationery,West,372,25,34,22,938.54,15,Sunny,No,964.87,Summer
2025-12-17,S009,P0463,Food,North,431,60,120,99,255.78,5,Sunny,Yes,218.53,Winter
2024-10-03,S018,P0275,Clothing,North,290,93,99,89,587.03,15,Cloudy,Yes,544.26,Spring
2024-11-05,S016,P0387,Medical,South,303,90,135,128,811.4,15,Sunny,Yes,812.93,Winter
2024-11-27,S017,P0022,Medical,North,283,74,139,101,873.9,10,Cloudy,Yes,909.18,Summer
2024-08-09,S004,P0356,Stationery,North,164,96,108,87,994.03,20,Cloudy,No,1027.91,Summer
2024-12-15,S006,P0493,Electronics,South,348,71,134,107,812.26,20,Sunny,Yes,821.29,Spring
2025-12-19,S003,P0083,Clothing,West,232,77,112,86,31.82,5,Storm,No,77.9,Monsoon
2024-05-27,S006,P0027,Food,East,278,19,40,18,570.32,5,Cloudy,No,559.97,Winter
2024-06-25,S009,P0382,Food,East,219,5,41,32,10.48,5,Storm,No,-31.62,Spring
2024-05-02,S007,P0012,Clothing,Central,408,58,95,73,496.06,20,Cloudy,Yes,509.23,Monsoon
2024-08-28,S012,P0021,Medical,West,494,69,120,95,297.79,0,Rainy,No,287.58,Summer
2024-05-13,S018,P0470,Food,West,413,21,26,25,477.05,5,Cloudy,Yes,526.37,Summer
2025-02-27,S011,P0279,Food,North,70,119,158,122,370.43,10,Sunny,No,369.43,Summer
2025-08-13,S009,P0431,Furniture,West,145,44,69,36,227.06,10,Cloudy,Yes,240.41,Summer
2024-01-16,S020,P0213,Furniture,West,241,83,120,97,387.08,5,Storm,Yes,354.86,Summer
2024-09-02,S009,P0063,Medical,South,232,73,83,78,808.14,15,Cloudy,No,792.19,Spring
2025-07-28,S001,P0046,Food,West,440,100,141,139,169.39,5,Sunny,Yes,208.79,Spring
2024-05-13,S019,P0147,Clothing,West,308,42,56,55,142.18,15,Rainy,No,158.23,Summer
2024-10-11,S007,P0096,Furniture,North,68,117,166,148,699.55,20,Storm,No,656.87,Spring
2025-08-09,S005,P0385,Electronics,North,346,11,55,28,643.33,10,Sunny,Yes,640.4,Monsoon
2024-01-02,S006,P0202,Electronics,North,302,34,72,56,254.43,15,Storm,No,289.05,Spring
2025-09-27,S011,P0109,Medical,South,405,49,94,80,196.51,10,Rainy,Yes,160.76,Monsoon
2024-05-11,S009,P0186,Food,East,204,118,187,156,482.12,5,Sunny,Yes,477.72,Winter
2025-11-05,S010,P0270,Clothing,West,431,71,116,94,194.83,0,Sunny,Yes,238.4,Spring
2024-07-13,S017,P0448,Clothing,South,291,34,86,61,714.39,20,Sunny,No,713.31,Spring
2024-12-05,S017,P0406,Medical,East,480,93,160,123,774.14,5,Storm,No,760.99,Winter
2025-01-27,S008,P0067,Stationery,North,315,94,145,130,685.64,5,Rainy,No,688.26,Monsoon
2025-02-21,S015,P0331,Food,Central,61,114,160,130,596.13,10,Sunny,No,587.28,Summer
2025-02-28,S011,P0403,Medical,South,402,15,55,19,332.31,10,Sunny,Yes,360.34,Monsoon
2025-03-24,S009,P0236,Furniture,West,108,34,85,64,961.62,0,Storm,No,920.36,Summer
2025-02-14,S019,P0484,Medical,West,365,30,89,52,385.28,10,Storm,Yes,364.49,Spring
2025-07-21,S004,P0012,Electronics,North,341,85,92,84,30.12,20,Cloudy,Yes,51.93,Spring
2025-11-14,S011,P0301,Clothing,North,233,81,99,74,190.38,0,Cloudy,Yes,172.56,Spring
2025-03-31,S009,P0324,Clothing,Central,70,85,119,119,667.16,0,Storm,Yes,617.32,Monsoon
2024-06-09,S014,P0179,Stationery,South,357,27,65,47,877.8,20,Cloudy,Yes,923.66,Winter
2024-12-19,S007,P0443,Clothing,South,78,63,97,60,470.1,10,Rainy,No,426.49,Summer
2025-03-18,S009,P0463,Stationery,South,257,52,113,85,683.05,15,Storm,No,677.48,Spring
2024-11-26,S003,P0132,Electronics,West,44,31,67,63,18.98,20,Storm,Yes,12.74,Summer
2025-06-06,S016,P0432,Clothing,West,35,105,126,121,940.97,20,Storm,No,950.6,Spring
2025-11-15,S008,P0189,Food,West,159,65,69,64,464.87,5,Rainy,Yes,443.85,Summer
2024-06-06,S005,P0453,Clothing,East,198,101,127,103,930.93,20,Storm,No,918.1,Spring
2024-07-30,S016,P0091,Medical,South,183,98,118,88,969.89,0,Cloudy,No,994.5,Spring
2024-10-01,S020,P0358,Stationery,Central,391,58,99,95,191.58,15,Rainy,No,150.4,Summer
2024-04-19,S010,P0131,Furniture,Central,414,78,104,93,862.03,15,Sunny,No,845.4,Winter
2025-10-06,S001,P0032,Stationery,West,329,112,148,123,889.79,15,Rainy,No,861.56,Summer
2025-12-29,S002,P0229,Medical,West,493,20,63,60,365.12,0,Sunny,No,354.0,Winter
2024-04-02,S016,P0384,Stationery,South,124,99,153,130,767.5,5,Storm,No,804.86,Summer
2025-05-09,S015,P0241,Stationery,North,492,85,123,85,323.73,20,Cloudy,No,312.99,Monsoon
2025-06-13,S020,P0197,Medical,Central,323,79,116,114,479.46,5,Sunny,No,498.8,Monsoon
2025-12-21,S007,P0398,Stationery,North,301,28,48,48,59.13,5,Rainy,Yes,66.52,Spring
2025-06-05,S014,P0389,Medical,Central,312,29,65,49,426.49,5,Cloudy,Yes,382.92,Monsoon
2025-05-26,S006,P0359,Stationery,East,266,15,57,49,744.43,0,Sunny,No,747.06,Spring
2024-03-28,S008,P0355,Clothing,East,262,60,115,92,342.64,20,Rainy,No,308.29,Spring
2025-11-15,S018,P0399,Stationery,South,33,116,145,133,15.68,5,Rainy,Yes,42.46,Monsoon
2024-05-27,S007,P0180,Medical,West,298,114,165,132,616.34,0,Cloudy,No,603.8,Summer
2025-02-24,S011,P0018,Food,South,289,90,130,99,273.42,10,Rainy,Yes,291.01,Winter
2024-05-05,S016,P0162,Food,East,301,50,89,86,531.07,0,Cloudy,Yes,574.53,Monsoon
2025-07-09,S018,P0456,Stationery,West,76,88,98,78,534.48,0,Storm,No,484.63,Monsoon
2024-09-16,S018,P0489,Food,West,275,60,92,55,220.02,20,Rainy,No,251.15,Monsoon
2025-02-01,S019,P0210,Furniture,South,410,47,66,52,241.63,15,Storm,Yes,235.9,Summer
2025-12-10,S006,P0112,Food,East,240,119,151,119,123.3,0,Rainy,No,107.79,Summer
2024-10-22,S001,P0130,Food,South,180,11,31,21,124.15,10,Storm,Yes,75.02,Spring
2025-10-18,S016,P0231,Furniture,West,308,59,97,59,85.27,10,Storm,Yes,130.22,Monsoon
2025-08-17,S008,P0200,Food,East,78,82,112,107,444.69,10,Rainy,No,443.16,Monsoon
2025-06-20,S012,P0232,Electronics,South,250,108,149,117,750.03,10,Sunny,No,790.35,Monsoon
2024-09-27,S019,P0164,Furniture,East,425,97,149,125,73.87,15,Storm,No,48.19,Spring
2025-05-03,S017,P0141,Medical,West,267,40,73,45,643.81,0,Storm,No,607.97,Spring
2024-03-15,S016,P0171,Clothing,West,422,114,148,143,928.5,20,Rainy,Yes,961.76,Summer
2025-08-31,S011,P0147,Clothing,North,40,86,126,125,918.96,10,Storm,Yes,927.88,Spring
2024-11-25,S008,P0142,Clothing,South,301,51,61,59,329.29,20,Cloudy,No,286.01,Summer
2025-11-04,S008,P0481,Electronics,West,398,116,142,136,980.87,5,Cloudy,Yes,991.88,Summer
2025-01-15,S019,P0344,Medical,North,469,106,131,108,616.41,15,Storm,Yes,597.79,Summer
2025-12-21,S011,P0325,Food,Central,81,81,96,96,530.09,20,Rainy,No,528.97,Summer
2025-04-21,S019,P0329,Medical,South,456,59,67,64,592.11,15,Storm,No,587.68,Spring
2024-01-28,S011,P0500,Electronics,North,311,68,136,100,995.81,20,Cloudy,No,1026.85,Monsoon
2025-11-08,S001,P0352,Electronics,North,43,61,104,96,604.6,5,Storm,Yes,649.12,Summer
2025-12-07,S013,P0122,Electronics,East,95,56,77,68,454.15,5,Cloudy,Yes,438.71,Monsoon
2025-03-11,S015,P0085,Clothing,East,275,20,43,14,447.66,5,Sunny,No,456.07,Winter
2025-06-02,S018,P0413,Electronics,East,363,69,78,78,499.9,10,Rainy,No,526.38,Monsoon
2025-09-25,S002,P0394,Food,North,340,66,92,65,526.36,20,Cloudy,Yes,570.92,Summer
2024-02-16,S011,P0199,Medical,South,229,82,126,98,189.86,5,Storm,Yes,193.33,Summer
2025-05-10,S004,P0148,Stationery,Central,462,71,96,82,455.3,20,Rainy,No,482.39,Winter
2024-08-16,S019,P0019,Medical,East,262,18,53,38,12.5,15,Rainy,Yes,31.35,Spring
2025-07-26,S017,P0476,Electronics,West,153,92,127,114,978.0,15,Storm,Yes,1005.84,Summer
2025-07-02,S012,P0479,Clothing,Central,222,59,96,70,55.47,15,Cloudy,No,52.95,Summer
2024-11-30,S005,P0182,Electronics,East,168,17,27,7,944.01,15,Sunny,Yes,942.15,Monsoon
2025-12-05,S001,P0322,Medical,East,442,107,178,144,654.48,20,Cloudy,No,659.29,Summer
2024-08-04,S002,P0270,Electronics,South,195,67,107,89,758.51,15,Cloudy,Yes,771.44,Winter
2024-10-20,S004,P0208,Food,North,63,52,74,45,737.79,10,Sunny,No,745.78,Winter
2024-03-29,S010,P0009,Stationery,East,195,86,139,99,388.58,15,Storm,No,347.51,Winter
2024-02-13,S018,P0301,Furniture,South,41,116,146,125,556.48,0,Storm,Yes,601.38,Spring
2025-08-07,S011,P0224,Stationery,East,338,92,108,84,317.07,10,Sunny,Yes,329.45,Spring
2024-08-04,S011,P0395,Medical,North,307,32,65,47,492.37,5,Storm,Yes,472.81,Summer
2024-08-29,S020,P0323,Stationery,West,198,13,71,53,872.47,5,Storm,Yes,848.53,Winter
2024-02-11,S018,P0445,Medical,West,393,9,37,15,219.6,20,Storm,Yes,171.42,Monsoon
2024-04-16,S019,P0258,Food,South,174,6,75,39,382.71,15,Sunny,No,337.8,Winter
2025-08-27,S001,P0118,Stationery,Central,276,19,60,34,959.65,20,Cloudy,No,919.91,Winter
2025-11-26,S009,P0475,Food,West,112,75,94,71,64.1,15,Rainy,No,39.34,Spring
2024-08-25,S019,P0257,Food,West,77,24,50,36,427.49,5,Rainy,Yes,421.63,Monsoon
2025-05-25,S002,P0285,Electronics,Central,425,100,167,130,942.4,15,Storm,Yes,920.41,Spring
2024-08-25,S002,P0458,Clothing,South,353,33,49,28,776.27,0,Storm,Yes,819.55,Monsoon
2024-09-15,S004,P0190,Furniture,West,249,16,53,32,46.52,10,Cloudy,No,22.77,Monsoon
2025-11-29,S010,P0373,Clothing,East,357,69,146,106,152.0,15,Sunny,Yes,175.85,Summer
2025-04-19,S020,P0097,Medical,South,305,10,54,16,510.92,15,Storm,Yes,474.42,Spring
2024-11-29,S016,P0145,Stationery,North,396,26,46,35,818.58,15,Cloudy,No,768.82,Monsoon
2024-10-03,S010,P0080,Clothing,East,21,106,133,106,696.85,5,Cloudy,No,682.08,Winter
2025-07-24,S004,P0442,Stationery,East,121,23,49,40,832.81,5,Cloudy,Yes,836.15,Winter
2025-08-12,S016,P0174,Electronics,East,361,50,65,57,872.03,10,Storm,Yes,899.3,Monsoon
2025-10-24,S013,P0097,Furniture,East,468,72,73,73,444.22,15,Sunny,Yes,401.4,Summer
2025-05-15,S008,P0125,Furniture,West,291,18,69,54,159.93,15,Rainy,No,125.77,Spring
2025-03-15,S004,P0298,Stationery,East,244,42,98,59,342.39,20,Storm,No,371.74,Spring
2024-10-28,S003,P0104,Food,West,318,92,127,91,296.63,20,Cloudy,No,307.69,Summer
2025-02-16,S011,P0118,Food,West,229,69,113,75,964.3,0,Storm,Yes,1005.28,Summer
2024-02-02,S016,P0231,Medical,North,117,14,36,29,902.92,5,Cloudy,Yes,940.35,Monsoon
2024-02-12,S011,P0408,Stationery,North,488,31,90,56,229.39,5,Sunny,Yes,189.57,Spring
2025-02-16,S004,P0447,Medical,South,163,74,74,64,257.04,5,Cloudy,Yes,260.81,Winter
2024-04-22,S012,P0249,Furniture,East,201,40,94,79,567.73,20,Sunny,No,608.64,Winter
2024-01-23,S008,P0367,Food,East,364,53,119,92,22.19,15,Sunny,No,56.79,Spring
2024-02-08,S016,P0283,Stationery,Central,92,57,99,88,811.64,10,Rainy,Yes,847.92,Monsoon
2024-04-17,S004,P0483,Furniture,East,346,105,139,130,870.14,15,Sunny,No,916.31,Summer
2024-03-07,S019,P0255,Stationery,North,50,72,82,80,86.61,15,Storm,Yes,121.05,Winter
2024-02-08,S014,P0478,Clothing,North,308,83,125,103,192.1,15,Rainy,No,195.2,Winter
2025-02-04,S008,P0242,Furniture,North,305,108,151,141,122.57,0,Storm,Yes,116.82,Monsoon
2024-07-21,S002,P0175,Stationery,West,316,7,48,9,19.91,5,Rainy,No,-27.47,Winter
2025-05-08,S015,P0320,Medical,Central,23,85,104,86,497.51,20,Rainy,Yes,530.04,Summer
2024-06-21,S007,P0089,Furniture,Central,256,34,65,58,890.86,5,Storm,Yes,856.13,Monsoon
2024-09-19,S010,P0251,Clothing,East,39,19,64,27,674.06,5,Rainy,Yes,679.13,Spring
2024-11-14,S019,P0089,Stationery,East,204,81,117,88,550.62,0,Storm,Yes,548.18,Spring
2025-02-24,S012,P0332,Electronics,East,326,111,149,134,483.26,10,Cloudy,Yes,469.21,Spring
2025-01-04,S002,P0375,Furniture,North,39,6,74,43,750.2,0,Storm,Yes,761.91,Winter
2025-10-07,S001,P0145,Furniture,South,469,14,68,54,768.23,20,Rainy,Yes,788.89,Monsoon
2025-11-20,S013,P0016,Electronics,Central,235,79,111,95,28.2,0,Rainy,Yes,-13.46,Monsoon
2024-07-09,S019,P0107,Electronics,West,23,113,140,130,986.36,15,Cloudy,Yes,941.82,Spring
2025-02-12,S018,P0489,Furniture,South,448,34,45,38,385.35,10,Sunny,Yes,340.6,Winter
2025-05-01,S015,P0472,Stationery,East,63,93,118,111,606.04,20,Sunny,No,585.55,Winter
2025-09-10,S001,P0003,Clothing,West,360,86,135,112,38.55,0,Storm,Yes,48.35,Monsoon
2024-06-10,S014,P0123,Clothing,South,430,58,85,62,602.12,0,Cloudy,Yes,599.3,Summer
2025-10-29,S013,P0246,Electronics,North,34,24,70,59,808.22,20,Storm,No,836.56,Monsoon
2025-03-09,S015,P0226,Food,East,31,26,71,34,175.93,5,Sunny,No,162.56,Winter
2025-01-11,S020,P0477,Medical,West,261,15,57,36,199.73,5,Cloudy,Yes,221.07,Spring
2024-05-04,S004,P0206,Stationery,Central,181,72,124,91,628.2,20,Rainy,Yes,637.68,Spring
2024-04-18,S004,P0081,Clothing,Central,182,115,117,112,76.02,5,Cloudy,No,98.35,Monsoon
2025-03-02,S009,P0048,Medical,North,245,32,39,26,449.23,15,Storm,No,488.8,Monsoon
2024-11-13,S001,P0099,Clothing,North,483,45,79,76,547.32,15,Sunny,Yes,571.35,Spring
2025-02-16,S002,P0059,Electronics,South,472,16,36,35,393.08,5,Storm,Yes,408.11,Summer
2024-04-02,S011,P0241,Medical,West,360,71,106,101,460.53,0,Cloudy,No,504.28,Monsoon
2024-01-13,S005,P0400,Food,North,35,13,43,39,669.05,10,Storm,Yes,648.13,Monsoon
2024-03-17,S003,P0429,Electronics,East,82,58,78,65,278.52,5,Storm,No,258.82,Monsoon
2025-11-05,S008,P0488,Electronics,West,222,60,76,59,910.48,20,Cloudy,Yes,875.07,Winter
2024-03-22,S020,P0415,Clothing,North,236,70,101,76,64.27,20,Cloudy,Yes,94.94,Summer
2024-10-12,S016,P0147,Food,East,490,93,135,110,325.42,0,Cloudy,Yes,359.97,Summer
2024-04-10,S011,P0331,Clothing,North,241,101,145,108,794.59,0,Sunny,Yes,787.6,Spring
2025-10-30,S001,P0485,Food,Central,73,33,82,64,644.36,5,Sunny,No,657.63,Spring
2025-08-13,S018,P0410,Medical,South,447,92,149,129,458.34,15,Sunny,No,413.69,Winter
2025-12-13,S016,P0124,Furniture,East,364,46,93,76,642.34,15,Rainy,No,622.98,Spring
2024-09-11,S012,P0080,Clothing,South,241,102,160,130,44.08,15,Sunny,No,44.28,Monsoon
2024-02-19,S004,P0266,Clothing,Central,150,5,81,45,222.12,0,Storm,No,180.38,Monsoon
2025-10-21,S012,P0017,Medical,East,29,99,150,128,177.46,0,Storm,Yes,160.22,Winter
2025-06-27,S007,P0380,Medical,Central,156,62,107,98,396.67,20,Rainy,No,351.63,Winter
2025-03-12,S013,P0091,Stationery,West,345,17,50,12,352.87,10,Sunny,Yes,306.39,Spring
2025-05-29,S019,P0171,Medical,South,429,30,32,25,158.59,0,Rainy,Yes,154.62,Summer
2024-09-04,S007,P0266,Clothing,West,61,28,63,39,491.19,5,Sunny,No,475.81,Summer
2025-12-06,S016,P0335,Stationery,West,255,94,107,91,101.01,10,Rainy,Yes,130.13,Summer
2024-11-19,S004,P0347,Clothing,South,353,67,102,71,864.29,5,Sunny,No,905.11,Summer
2024-02-05,S015,P0034,Medical,Central,244,81,116,86,268.29,10,Cloudy,Yes,283.24,Monsoon
2024-02-21,S001,P0443,Medical,East,460,89,136,100,144.58,10,Cloudy,No,117.2,Spring
2025-09-14,S015,P0300,Clothing,West,429,95,137,123,401.43,5,Rainy,Yes,400.29,Winter
2025-03-08,S004,P0053,Stationery,North,368,105,107,99,587.17,0,Rainy,Yes,561.11,Winter
2024-04-19,S009,P0208,Medical,East,35,65,88,76,379.23,0,Cloudy,Yes,347.04,Summer
2024-08-04,S018,P0248,Furniture,Central,91,110,154,146,189.55,5,Cloudy,No,230.18,Winter
2025-08-12,S012,P0288,Food,Central,175,31,64,58,256.07,0,Rainy,No,304.47,Summer
2024-05-06,S017,P0004,Medical,Central,135,19,71,36,193.95,15,Rainy,No,208.9,Winter
2025-01-16,S020,P0279,Medical,South,74,84,92,88,926.15,20,Sunny,Yes,906.31,Spring
2025-10-15,S007,P0229,Electronics,East,162,88,120,106,548.29,0,Cloudy,No,520.62,Summer
2024-11-09,S001,P0008,Clothing,South,451,51,80,61,40.86,15,Cloudy,No,79.09,Summer
2024-07-28,S018,P0416,Furniture,Central,489,38,69,63,670.46,20,Rainy,No,623.2,Winter
2024-05-19,S011,P0264,Food,East,393,73,111,80,486.43,20,Rainy,No,512.81,Winter
2025-01-15,S002,P0229,Electronics,West,238,103,117,111,327.92,5,Storm,No,299.56,Spring
2024-03-03,S019,P0404,Electronics,West,350,118,175,150,221.03,5,Sunny,Yes,180.09,Monsoon
2024-12-11,S007,P0131,Stationery,North,400,33,62,24,252.45,5,Rainy,No,275.09,Spring
2025-09-29,S004,P0416,Medical,Central,59,64,67,54,490.79,5,Rainy,Yes,443.54,Winter
2024-10-20,S013,P0094,Clothing,West,490,52,83,75,54.63,5,Cloudy,Yes,85.28,Monsoon
2025-03-17,S014,P0484,Clothing,South,306,39,74,59,155.96,10,Sunny,No,112.02,Summer
2025-01-28,S006,P0465,Stationery,North,433,61,130,90,128.45,0,Cloudy,No,159.89,Winter
2024-08-27,S020,P0386,Food,Central,180,94,148,128,21.06,20,Cloudy,No,-19.07,Monsoon
2025-03-21,S006,P0018,Clothing,East,187,95,147,113,781.99,15,Sunny,No,758.34,Winter
2025-01-13,S006,P0025,Electronics,West,492,93,145,125,425.63,10,Storm,No,376.59,Summer
2024-02-06,S002,P0179,Stationery,Central,493,8,16,2,885.42,0,Sunny,No,865.74,Spring
2024-01-20,S009,P0003,Electronics,North,312,14,37,20,953.9,10,Sunny,No,934.83,Winter
2024-01-24,S013,P0271,Furniture,East,169,96,128,112,850.76,10,Storm,No,863.09,Summer
2025-01-04,S013,P0218,Furniture,East,228,7,50,15,585.15,5,Storm,No,621.12,Winter
2024-03-26,S017,P0058,Furniture,North,118,72,94,64,606.41,0,Storm,No,565.33,Summer
2025-11-28,S020,P0012,Clothing,South,356,52,80,45,678.29,10,Sunny,No,684.9,Winter
2025-03-25,S016,P0487,Food,West,464,112,137,106,264.16,15,Rainy,Yes,282.54,Winter
2025-12-08,S013,P0242,Electronics,South,477,34,83,73,703.58,0,Cloudy,No,711.97,Spring
2024-04-12,S012,P0390,Stationery,Central,231,70,94,76,285.28,20,Rainy,No,277.22,Monsoon
2024-03-27,S008,P0443,Food,South,360,74,89,78,513.4,0,Cloudy,No,550.08,Spring
2025-12-30,S011,P0295,Electronics,East,324,109,154,144,783.33,15,Cloudy,No,808.15,Winter
2024-01-06,S013,P0121,Medical,South,314,89,122,98,346.36,20,Cloudy,No,321.87,Winter
2025-10-21,S009,P0438,Medical,West,264,101,136,106,403.32,15,Rainy,No,395.13,Winter
2024-11-25,S015,P0063,Food,South,147,40,61,39,120.4,0,Storm,No,155.9,Spring
2025-03-21,S020,P0042,Medical,North,433,63,107,80,697.26,15,Rainy,No,722.61,Summer
2025-01-24,S015,P0223,Medical,West,449,37,56,35,581.1,20,Sunny,No,552.16,Spring
2025-04-03,S007,P0408,Stationery,Central,183,78,76,75,632.07,15,Storm,No,655.44,Winter
2025-11-08,S004,P0140,Electronics,East,175,114,149,121,482.69,15,Storm,No,524.36,Winter
2024-05-18,S010,P0019,Stationery,Central,206,100,96,91,366.38,10,Cloudy,No,341.98,Monsoon
2024-05-15,S018,P0138,Clothing,East,209,54,97,84,495.71,10,Cloudy,No,539.09,Spring
2025-11-20,S011,P0014,Medical,East,229,31,57,36,692.95,5,Rainy,Yes,643.27,Spring
2024-06-13,S019,P0168,Stationery,Central,260,98,126,118,532.69,5,Storm,Yes,530.17,Monsoon
2024-06-10,S014,P0416,Medical,Central,396,117,175,148,818.74,0,Sunny,Yes,792.22,Spring
2025-03-21,S010,P0101,Stationery,East,368,117,142,126,545.55,20,Sunny,Yes,591.79,Spring
2025-09-09,S015,P0349,Medical,East,445,55,78,51,361.34,15,Rainy,No,360.91,Spring
2024-04-18,S014,P0298,Clothing,North,235,41,71,67,590.55,15,Storm,Yes,559.85,Monsoon
2025-09-13,S020,P0244,Medical,North,110,49,47,41,394.32,0,Storm,Yes,379.19,Summer
2024-02-24,S010,P0423,Stationery,Central,264,90,83,82,528.65,5,Sunny,Yes,500.23,Summer
2025-05-06,S009,P0320,Clothing,North,173,34,62,35,578.48,5,Sunny,Yes,604.27,Spring
2025-11-19,S006,P0294,Clothing,West,315,86,137,98,617.04,0,Cloudy,Yes,631.53,Summer
2024-03-10,S009,P0223,Clothing,Central,74,74,108,73,467.53,20,Cloudy,Yes,508.1,Winter
2025-10-31,S020,P0488,Food,West,94,8,24,10,567.25,0,Storm,No,616.53,Summer
2024-08-10,S010,P0454,Furniture,Central,313,42,79,44,678.91,15,Cloudy,No,664.63,Summer
2025-04-30,S008,P0005,Stationery,South,388,66,90,71,631.53,10,Storm,No,586.9,Summer
2025-12-01,S012,P0024,Clothing,East,425,15,70,34,212.31,0,Rainy,Yes,202.41,Spring
2025-03-30,S017,P0126,Stationery,West,336,82,98,81,863.3,10,Rainy,No,880.86,Spring
2025-12-25,S009,P0441,Medical,North,269,80,117,85,880.89,20,Rainy,No,887.83,Spring
2024-06-18,S020,P0043,Electronics,East,279,67,103,87,502.88,20,Sunny,No,491.23,Spring
2025-12-22,S013,P0161,Furniture,East,466,114,164,154,600.84,20,Sunny,No,646.56,Spring
2024-08-13,S003,P0361,Electronics,West,58,90,115,112,149.32,10,Sunny,Yes,101.34,Summer
2025-09-01,S006,P0217,Clothing,West,417,107,129,114,788.85,5,Sunny,No,784.49,Spring
2024-08-15,S003,P0339,Electronics,North,429,50,61,60,88.16,5,Sunny,No,75.16,Monsoon
2025-01-13,S002,P0371,Stationery,North,222,61,70,65,814.49,15,Storm,No,770.24,Summer
2024-04-04,S001,P0095,Electronics,West,483,62,101,75,952.06,15,Rainy,No,1001.95,Summer
2024-08-29,S001,P0051,Stationery,East,446,81,141,101,662.38,0,Rainy,No,696.53,Summer
2024-03-19,S009,P0008,Electronics,West,443,107,171,132,854.31,5,Sunny,Yes,899.24,Spring
2024-12-08,S011,P0438,Electronics,East,158,113,184,147,432.09,15,Rainy,No,387.39,Winter
2024-10-10,S002,P0490,Clothing,East,444,65,64,60,831.75,0,Sunny,Yes,881.14,Monsoon
2024-09-05,S014,P0030,Furniture,West,492,13,55,48,576.45,10,Storm,Yes,587.57,Monsoon
2025-05-21,S017,P0432,Clothing,West,268,82,125,99,59.19,10,Rainy,No,34.86,Spring
2024-12-24,S002,P0199,Medical,East,24,112,129,119,187.67,15,Storm,Yes,224.16,Spring
2024-12-11,S004,P0154,Medical,Central,456,38,67,34,167.77,15,Sunny,No,128.71,Winter
2025-01-12,S016,P0022,Medical,South,304,7,37,1,504.22,10,Storm,No,489.63,Spring
2024-11-29,S009,P0383,Furniture,Central,474,10,33,16,736.78,0,Cloudy,Yes,777.01,Spring
2025-05-20,S003,P0169,Electronics,South,424,85,109,76,543.43,10,Storm,No,578.23,Summer
2025-02-24,S014,P0372,Medical,Central,281,37,94,66,52.57,5,Sunny,No,28.05,Summer
2024-01-06,S018,P0040,Clothing,South,247,53,119,85,87.81,0,Storm,No,42.22,Spring
2024-06-06,S011,P0129,Electronics,West,363,33,90,61,397.52,0,Sunny,No,415.84,Winter
2024-01-30,S004,P0364,Stationery,Central,427,68,85,85,89.52,15,Sunny,Yes,74.31,Spring
2025-04-29,S014,P0053,Medical,West,303,37,70,38,291.11,10,Storm,No,277.37,Winter
2025-03-19,S006,P0284,Furniture,East,239,67,70,65,608.07,5,Sunny,No,637.91,Summer
2024-01-11,S006,P0382,Clothing,Central,345,80,129,120,119.64,5,Storm,Yes,114.89,Summer
2025-03-08,S002,P0177,Medical,Central,444,64,74,71,896.35,20,Cloudy,No,856.58,Spring
2025-10-05,S018,P0015,Electronics,South,469,103,155,118,737.17,20,Rainy,No,786.07,Spring
2024-05-12,S018,P0020,Furniture,East,51,73,102,76,105.08,0,Storm,Yes,141.05,Winter
2025-02-17,S015,P0032,Furniture,East,467,88,91,88,737.87,15,Cloudy,No,759.7,Winter
2024-11-21,S005,P0294,Food,East,83,55,97,73,755.74,15,Storm,Yes,776.27,Spring
2024-02-25,S007,P0475,Furniture,North,87,104,132,117,981.01,15,Rainy,Yes,982.35,Monsoon
2024-10-09,S015,P0287,Food,South,204,10,36,35,393.34,10,Storm,Yes,345.17,Summer
2025-10-13,S011,P0277,Clothing,Central,475,41,41,38,982.42,0,Cloudy,Yes,976.12,Summer
2024-01-28,S014,P0001,Stationery,Central,407,5,39,12,71.36,10,Storm,Yes,105.01,Spring
2024-10-09,S010,P0145,Food,Central,309,115,163,148,475.61,20,Sunny,No,505.29,Summer
2024-02-29,S006,P0435,Food,West,154,65,63,55,493.69,20,Cloudy,No,501.38,Winter
2024-07-11,S004,P0459,Medical,Central,22,92,134,131,327.44,0,Cloudy,No,367.15,Monsoon
2024-11-01,S016,P0158,Electronics,West,266,31,87,55,777.05,20,Rainy,Yes,755.32,Monsoon
2024-01-03,S005,P0493,Medical,East,247,25,57,37,231.46,0,Sunny,No,218.51,Monsoon
2024-02-27,S015,P0284,Medical,West,79,29,50,40,260.36,0,Cloudy,Yes,219.55,Monsoon
2024-05-05,S001,P0184,Stationery,North,126,115,151,144,878.47,10,Cloudy,Yes,837.25,Summer
2024-01-23,S012,P0035,Clothing,West,385,110,131,100,265.71,0,Rainy,Yes,313.46,Summer
2025-04-29,S019,P0136,Food,South,228,94,132,123,786.75,15,Storm,Yes,792.93,Winter
2025-08-03,S013,P0027,Clothing,West,499,24,80,57,186.39,5,Rainy,No,196.66,Winter
2025-03-25,S010,P0316,Electronics,South,61,24,40,33,211.55,5,Cloudy,Yes,222.52,Summer
2025-03-16,S012,P0348,Stationery,South,219,79,99,87,436.37,5,Sunny,No,483.16,Monsoon
2025-12-10,S012,P0017,Medical,Central,325,106,136,113,952.8,20,Cloudy,Yes,978.86,Monsoon
2025-01-25,S016,P0450,Food,South,379,34,80,74,538.77,20,Rainy,Yes,543.83,Summer
2024-07-22,S017,P0324,Furniture,North,24,40,52,39,248.27,5,Storm,Yes,267.42,Summer
2024-11-28,S010,P0126,Medical,West,33,83,128,119,500.7,10,Storm,No,451.28,Monsoon
2025-04-23,S016,P0376,Medical,Central,40,108,138,129,394.81,5,Storm,No,391.22,Summer
2025-02-27,S002,P0432,Medical,Central,277,8,33,20,971.26,15,Rainy,Yes,940.61,Summer
2024-02-14,S010,P0238,Food,North,308,63,59,54,612.62,20,Storm,No,616.82,Winter
2025-06-20,S014,P0430,Furniture,West,374,55,59,53,13.15,20,Storm,Yes,29.17,Winter
2025-03-09,S017,P0349,Medical,North,298,78,92,92,23.63,15,Rainy,No,58.98,Winter
2024-11-15,S017,P0476,Electronics,West,392,115,138,115,180.14,10,Sunny,No,167.88,Summer
2024-06-09,S015,P0005,Furniture,North,343,41,76,37,613.55,15,Sunny,Yes,662.89,Summer
2024-09-27,S009,P0132,Medical,West,306,97,126,87,550.61,10,Sunny,No,589.11,Summer
2024-07-16,S005,P0199,Electronics,South,150,58,118,98,543.79,15,Sunny,Yes,585.39,Winter
2025-11-17,S011,P0473,Stationery,Central,278,93,111,84,706.2,15,Storm,No,685.96,Summer
2025-10-17,S006,P0473,Stationery,East,32,72,128,93,18.53,5,Rainy,No,13.04,Winter
2024-05-09,S003,P0171,Clothing,West,234,99,155,122,501.53,10,Sunny,Yes,550.83,Spring
2024-07-24,S011,P0199,Furniture,East,385,14,32,22,973.34,0,Storm,No,1007.41,Monsoon
2024-09-09,S002,P0181,Stationery,Central,120,111,139,108,976.27,5,Storm,No,971.23,Spring
2024-05-18,S013,P0130,Electronics,North,36,72,81,81,922.37,15,Cloudy,No,924.46,Spring
2024-10-28,S011,P0432,Food,East,228,54,59,52,603.9,15,Rainy,No,605.0,Monsoon
2025-11-10,S006,P0313,Furniture,Central,457,43,58,42,340.76,15,Sunny,No,330.95,Summer
2024-05-18,S004,P0161,Clothing,North,387,58,117,78,278.6,15,Rainy,Yes,295.22,Spring
2024-08-26,S007,P0428,Medical,Central,305,57,123,89,530.36,5,Storm,Yes,541.97,Summer
2025-01-01,S014,P0458,Food,North,351,117,150,123,652.69,15,Sunny,Yes,621.36,Monsoon
2025-02-15,S003,P0362,Clothing,Central,210,68,110,75,61.29,10,Rainy,No,31.37,Summer
2025-05-07,S003,P0077,Food,West,138,85,98,98,651.05,0,Cloudy,No,606.28,Winter
2025-08-22,S003,P0004,Electronics,Central,429,60,72,54,608.82,0,Sunny,No,615.48,Spring
2024-12-30,S008,P0020,Electronics,North,447,90,137,117,315.82,10,Storm,No,359.37,Spring
2024-05-13,S001,P0467,Stationery,East,355,99,139,120,863.57,5,Rainy,Yes,894.01,Monsoon
2025-11-12,S007,P0029,Food,South,365,75,133,101,934.6,15,Rainy,Yes,953.25,Spring
2025-02-10,S015,P0031,Stationery,Central,211,110,174,149,573.85,0,Storm,Yes,528.43,Winter
2025-05-21,S001,P0209,Clothing,South,67,32,80,64,10.92,5,Rainy,No,-3.32,Spring
2024-09-20,S014,P0345,Stationery,East,145,44,89,70,765.16,15,Sunny,No,749.0,Summer
2024-10-18,S017,P0192,Stationery,Central,275,118,155,139,88.74,15,Cloudy,Yes,40.23,Spring
2024-12-17,S006,P0031,Clothing,North,203,81,146,111,498.61,10,Cloudy,No,504.99,Summer
2025-06-26,S009,P0374,Furniture,North,397,105,119,105,59.24,0,Rainy,Yes,49.18,Spring
2025-04-13,S010,P0177,Stationery,West,380,40,66,48,234.99,5,Storm,No,244.3,Monsoon
2025-12-25,S020,P0247,Furniture,Central,47,42,91,62,138.18,15,Rainy,No,160.12,Winter
2025-07-30,S020,P0294,Food,Central,427,6,50,22,631.54,0,Cloudy,No,583.72,Summer
2025-09-20,S005,P0063,Furniture,Central,280,26,89,53,255.15,15,Rainy,No,268.76,Monsoon
2025-06-02,S019,P0037,Electronics,East,198,82,105,102,967.84,5,Cloudy,No,946.26,Winter
2025-01-05,S012,P0493,Electronics,South,412,113,152,136,236.31,10,Rainy,No,275.53,Summer
2024-09-28,S014,P0437,Stationery,South,160,12,76,47,694.86,20,Sunny,Yes,722.08,Monsoon
2025-09-16,S009,P0439,Clothing,Central,352,42,67,47,933.63,20,Sunny,No,958.58,Summer
2025-12-08,S003,P0094,Food,East,392,111,117,108,527.82,0,Rainy,Yes,541.54,Winter
2024-11-23,S015,P0326,Food,North,151,38,108,77,974.93,20,Storm,Yes,983.29,Monsoon
2024-01-29,S005,P0198,Stationery,South,247,8,60,37,947.53,0,Rainy,No,961.38,Spring
2024-07-02,S001,P0491,Food,Central,497,37,84,72,138.7,10,Sunny,No,134.0,Spring
2024-02-11,S011,P0084,Stationery,South,266,70,114,99,446.52,20,Storm,Yes,446.4,Spring
2025-08-02,S019,P0280,Stationery,South,432,18,60,41,368.33,10,Cloudy,No,329.09,Summer
2025-06-23,S012,P0054,Clothing,Central,104,56,93,55,27.68,15,Cloudy,Yes,58.01,Spring
2024-10-17,S008,P0099,Furniture,North,248,114,169,138,958.16,10,Storm,Yes,972.44,Winter
2025-11-12,S020,P0426,Food,North,129,87,127,96,336.17,15,Storm,No,374.16,Monsoon
2025-10-07,S017,P0218,Clothing,Central,45,23,21,20,803.75,0,Cloudy,No,770.9,Winter
2024-01-06,S002,P0448,Stationery,West,199,20,58,50,942.87,5,Rainy,Yes,944.14,Winter
2024-12-04,S018,P0240,Stationery,Central,480,32,77,53,986.41,5,Rainy,No,953.47,Monsoon
2025-11-22,S016,P0163,Furniture,North,451,106,131,120,187.2,20,Sunny,No,204.83,Summer
2025-11-15,S001,P0228,Clothing,West,153,102,155,142,543.67,5,Rainy,Yes,579.59,Monsoon
2025-10-28,S019,P0193,Stationery,East,173,37,106,68,274.98,0,Cloudy,No,284.35,Summer
2025-10-10,S005,P0393,Food,West,154,90,127,92,285.17,20,Sunny,No,329.96,Spring
2024-08-22,S004,P0459,Medical,South,360,86,135,102,338.1,15,Cloudy,Yes,293.98,Winter
2024-02-01,S016,P0182,Medical,North,500,29,58,24,440.22,5,Cloudy,No,489.94,Monsoon
2025-02-28,S001,P0496,Electronics,East,239,14,69,43,807.96,15,Sunny,No,826.59,Summer
2024-10-05,S011,P0233,Food,East,20,103,98,98,987.37,15,Storm,No,1002.77,Spring
2025-10-19,S019,P0330,Food,West,453,103,141,118,748.59,5,Cloudy,Yes,771.1,Winter
2024-12-11,S002,P0314,Clothing,West,21,60,103,83,618.16,5,Rainy,Yes,592.29,Monsoon
2025-12-20,S011,P0113,Food,South,268,86,103,77,839.48,15,Sunny,No,884.56,Summer
2024-10-30,S014,P0077,Medical,South,104,74,102,102,951.43,20,Sunny,No,908.46,Winter
2024-12-26,S004,P0204,Medical,North,464,12,39,32,860.03,0,Rainy,No,853.21,Spring
2024-02-29,S019,P0328,Stationery,West,189,78,88,71,127.23,15,Storm,No,142.92,Summer
2024-04-16,S013,P0345,Electronics,Central,324,78,112,86,448.73,20,Storm,No,491.74,Spring
2024-03-11,S017,P0343,Food,Central,461,24,61,23,864.19,20,Cloudy,No,836.09,Spring
2025-07-30,S020,P0207,Medical,West,296,70,101,92,263.41,5,Storm,Yes,258.94,Spring
2024-09-16,S015,P0034,Clothing,East,491,69,84,70,22.09,0,Storm,No,29.08,Monsoon
2024-01-17,S003,P0034,Clothing,West,79,108,123,110,390.8,5,Storm,Yes,413.48,Monsoon
2024-01-19,S020,P0329,Electronics,South,294,25,60,49,947.97,15,Storm,Yes,928.83,Spring
2024-11-29,S012,P0465,Medical,West,48,77,124,84,175.99,5,Rainy,No,192.06,Winter
2024-08-16,S003,P0364,Furniture,West,80,117,187,148,72.11,0,Sunny,Yes,73.38,Monsoon
2025-03-26,S002,P0395,Clothing,Central,324,11,47,20,736.32,10,Sunny,No,746.16,Winter
2025-09-11,S003,P0444,Stationery,North,409,33,78,62,908.71,15,Rainy,No,914.68,Winter
2024-01-22,S010,P0158,Electronics,West,339,69,89,86,644.09,20,Storm,No,601.35,Winter
2024-04-15,S001,P0210,Food,North,264,102,130,121,836.91,10,Sunny,No,803.23,Monsoon
2025-07-21,S019,P0500,Stationery,East,98,40,73,73,262.4,15,Storm,Yes,260.85,Monsoon
2024-01-07,S017,P0443,Food,North,37,34,39,27,92.68,0,Storm,No,117.32,Spring
2024-07-01,S004,P0313,Clothing,Central,415,24,76,57,614.67,15,Cloudy,Yes,606.6,Summer
2025-01-06,S013,P0119,Furniture,East,58,81,109,107,91.92,5,Rainy,Yes,128.01,Spring
2025-05-12,S006,P0217,Medical,South,377,102,125,122,536.19,20,Rainy,No,516.78,Monsoon
2024-09-27,S017,P0325,Electronics,North,121,93,116,100,542.83,5,Sunny,No,501.97,Monsoon
2025-05-03,S004,P0108,Medical,Central,227,82,95,89,675.48,10,Cloudy,No,712.49,Summer
2024-06-09,S008,P0061,Food,East,483,31,74,51,23.79,5,Rainy,No,34.77,Summer
2025-11-28,S007,P0292,Clothing,West,387,33,49,32,242.38,5,Storm,No,201.98,Spring
2024-06-18,S014,P0364,Clothing,East,302,5,38,26,887.61,10,Cloudy,Yes,839.51,Monsoon
2025-06-14,S013,P0096,Clothing,East,107,83,93,91,481.1,20,Storm,Yes,447.02,Summer
2025-04-07,S015,P0371,Furniture,West,31,103,130,120,633.74,10,Sunny,Yes,670.63,Monsoon
2024-12-26,S003,P0498,Food,West,295,22,63,55,423.88,5,Cloudy,Yes,467.59,Winter
2024-03-27,S007,P0428,Clothing,North,209,30,68,28,941.71,0,Cloudy,No,990.53,Spring
2024-12-11,S016,P0046,Furniture,West,407,53,121,87,514.23,15,Storm,Yes,485.38,Winter
2025-12-07,S003,P0409,Furniture,South,454,47,84,52,192.47,20,Rainy,No,197.55,Monsoon
2025-04-08,S013,P0139,Clothing,East,372,100,125,113,761.87,15,Sunny,Yes,791.08,Monsoon
2025-01-27,S014,P0426,Clothing,East,99,26,25,25,546.24,5,Rainy,No,574.73,Winter
2024-08-02,S014,P0292,Medical,South,285,12,34,30,563.41,15,Cloudy,No,517.85,Winter
2024-02-07,S003,P0196,Furniture,Central,216,89,124,112,523.51,5,Storm,Yes,535.15,Monsoon
2025-12-11,S008,P0216,Stationery,South,114,67,112,89,704.09,0,Sunny,No,729.11,Spring
2025-09-04,S019,P0197,Medical,East,190,88,145,119,913.79,10,Sunny,Yes,926.44,Summer
2024-11-22,S018,P0456,Medical,Central,106,75,132,98,618.31,0,Storm,Yes,636.05,Winter
2024-04-03,S007,P0361,Food,North,472,119,138,109,108.47,20,Rainy,No,132.93,Winter
2025-06-03,S016,P0069,Electronics,South,352,47,104,72,293.34,10,Rainy,No,264.28,Spring
2025-05-22,S003,P0367,Medical,North,457,58,96,61,783.53,5,Sunny,No,811.11,Summer
2025-06-08,S019,P0496,Food,East,476,43,92,77,56.19,20,Storm,No,104.53,Summer
2024-04-30,S016,P0143,Food,South,304,20,47,45,75.05,20,Sunny,Yes,109.87,Winter
2024-05-05,S007,P0030,Furniture,South,101,54,105,66,694.84,10,Sunny,Yes,683.6,Winter
2025-05-16,S016,P0439,Clothing,Central,290,19,38,37,315.34,5,Sunny,Yes,352.21,Monsoon
2025-09-17,S012,P0067,Food,South,435,26,43,17,226.46,10,Storm,Yes,188.09,Winter
2024-01-10,S003,P0236,Medical,South,314,49,59,53,934.84,0,Cloudy,Yes,982.2,Summer
2025-02-10,S015,P0489,Electronics,South,464,86,95,86,203.02,0,Sunny,Yes,160.54,Monsoon
2024-01-06,S008,P0418,Food,North,58,115,170,153,394.29,15,Storm,No,352.53,Summer
2025-05-17,S001,P0223,Stationery,South,100,9,57,39,370.82,20,Cloudy,Yes,416.41,Summer
2024-07-30,S003,P0019,Clothing,Central,205,8,30,5,713.15,15,Cloudy,No,676.35,Winter
2025-05-11,S008,P0337,Furniture,North,145,9,26,22,812.03,10,Storm,No,772.08,Summer
2024-02-26,S003,P0327,Furniture,East,462,115,151,142,300.48,0,Storm,No,298.26,Monsoon
2024-09-01,S017,P0490,Clothing,West,141,77,84,70,797.4,5,Cloudy,Yes,813.49,Summer
2025-09-11,S018,P0153,Electronics,West,71,80,122,90,29.24,0,Rainy,No,-17.99,Spring
2025-01-04,S009,P0201,Clothing,North,42,16,70,51,436.22,5,Sunny,Yes,451.06,Monsoon
2025-10-10,S010,P0330,Furniture,North,482,52,97,65,719.44,10,Sunny,Yes,708.29,Winter
2024-05-23,S017,P0281,Medical,North,129,26,22,16,381.55,10,Storm,Yes,342.07,Winter
2025-05-13,S019,P0474,Furniture,West,412,49,70,41,969.35,0,Storm,No,1011.26,Monsoon
2024-01-22,S017,P0322,Clothing,South,163,56,77,52,651.03,5,Storm,No,668.39,Spring
2025-07-04,S006,P0006,Furniture,North,470,100,165,130,833.31,15,Cloudy,No,861.77,Winter
2024-01-31,S010,P0046,Clothing,East,444,34,69,48,235.21,15,Rainy,No,222.87,Winter
2025-12-03,S012,P0298,Clothing,East,484,79,115,97,343.74,0,Sunny,Yes,380.1,Winter
2024-05-28,S007,P0499,Clothing,West,341,84,102,75,721.71,10,Cloudy,Yes,702.21,Spring
2025-12-05,S020,P0013,Medical,Central,91,80,99,86,418.7,0,Rainy,No,372.5,Monsoon
2024-02-28,S005,P0429,Furniture,West,350,71,84,68,712.67,10,Sunny,No,706.87,Monsoon
2024-04-25,S011,P0166,Furniture,North,271,12,79,52,22.63,5,Rainy,No,8.93,Winter
2025-04-05,S003,P0252,Clothing,East,235,28,63,29,37.88,20,Sunny,Yes,22.52,Spring
2024-09-10,S018,P0059,Food,South,249,83,97,75,773.65,10,Rainy,Yes,779.1,Spring
2025-09-25,S019,P0217,Stationery,East,342,120,117,116,763.23,20,Storm,Yes,729.59,Summer
2024-03-03,S016,P0193,Clothing,West,420,112,144,126,392.6,15,Cloudy,No,426.27,Summer
2024-12-04,S003,P0333,Clothing,South,480,11,52,36,922.48,0,Rainy,No,946.95,Spring
2024-01-16,S017,P0177,Stationery,East,470,79,116,106,519.5,0,Sunny,No,470.33,Summer
2025-06-25,S006,P0481,Stationery,Central,366,114,133,113,686.64,5,Storm,No,637.76,Winter
2025-07-03,S007,P0415,Medical,North,410,20,79,46,44.97,10,Cloudy,Yes,13.54,Winter
2025-03-19,S017,P0149,Electronics,North,270,33,57,23,232.73,0,Storm,No,205.43,Spring
2025-02-15,S011,P0007,Food,North,323,23,61,57,585.86,0,Storm,Yes,609.31,Monsoon
2025-05-11,S014,P0303,Electronics,East,170,102,133,111,936.84,10,Rainy,No,889.29,Spring
2025-04-27,S012,P0212,Food,West,126,75,125,106,253.23,10,Cloudy,No,277.74,Summer
2025-07-30,S009,P0486,Furniture,West,213,28,91,65,234.31,15,Sunny,Yes,206.15,Winter
2025-08-07,S004,P0474,Clothing,North,361,10,46,20,411.44,10,Rainy,No,429.76,Summer
2024-01-22,S019,P0400,Medical,West,477,62,110,77,655.36,5,Storm,Yes,620.39,Spring
2024-02-04,S001,P0082,Stationery,East,497,50,126,86,95.88,0,Rainy,Yes,92.96,Spring
2024-09-03,S007,P0497,Electronics,Central,246,37,86,73,467.87,20,Cloudy,Yes,422.4,Monsoon
2024-03-17,S005,P0212,Electronics,North,116,49,112,82,718.59,15,Sunny,No,743.55,Spring
2025-01-25,S016,P0454,Furniture,East,493,119,120,119,450.78,10,Cloudy,Yes,446.91,Monsoon
2024-11-27,S007,P0033,Stationery,North,497,49,115,89,872.11,15,Storm,No,912.38,Summer
2025-02-18,S017,P0455,Medical,East,226,34,94,54,728.89,0,Rainy,Yes,733.43,Winter
2024-05-07,S014,P0006,Medical,Central,172,75,130,107,479.18,0,Sunny,No,469.64,Winter
2025-06-04,S006,P0285,Medical,South,370,84,84,76,288.49,15,Storm,Yes,319.13,Spring
2024-07-29,S014,P0428,Furniture,North,154,93,109,107,928.23,20,Cloudy,Yes,923.98,Winter
2025-06-12,S017,P0382,Electronics,East,63,29,55,47,765.48,20,Cloudy,Yes,789.29,Summer
2024-01-04,S004,P0336,Electronics,West,417,119,183,150,789.24,5,Cloudy,No,766.96,Spring
2024-09-18,S004,P0105,Furniture,West,317,28,94,64,205.61,15,Rainy,Yes,211.11,Spring
2025-12-13,S019,P0095,Clothing,Central,419,76,107,72,84.44,10,Rainy,Yes,124.25,Summer
2024-03-31,S010,P0038,Stationery,West,122,55,80,76,414.01,5,Storm,No,388.45,Winter
2024-06-07,S009,P0272,Medical,North,281,68,115,77,994.16,15,Sunny,No,960.15,Winter
2024-09-11,S008,P0228,Medical,South,320,16,62,32,541.66,5,Cloudy,Yes,544.77,Winter
2025-07-23,S014,P0293,Clothing,South,477,24,75,64,789.28,20,Cloudy,Yes,748.92,Spring
2025-08-27,S006,P0324,Clothing,Central,284,98,112,97,946.96,5,Storm,Yes,901.23,Winter
2024-12-14,S013,P0256,Medical,North,241,107,150,140,238.89,0,Sunny,No,270.65,Spring
2025-05-18,S001,P0131,Clothing,West,39,15,26,22,850.27,20,Sunny,Yes,889.01,Winter
2025-07-29,S011,P0207,Furniture,South,123,101,125,117,292.12,15,Storm,No,272.88,Winter
2025-05-06,S014,P0499,Furniture,Central,494,33,59,31,464.6,15,Cloudy,Yes,417.13,Summer
2025-02-21,S014,P0304,Medical,East,305,77,107,104,432.38,15,Rainy,No,411.56,Spring
2025-12-26,S003,P0464,Medical,East,144,91,126,96,743.92,10,Cloudy,Yes,735.57,Monsoon
2025-05-08,S020,P0142,Clothing,Central,251,66,132,101,890.3,10,Rainy,No,896.59,Winter
2025-07-02,S019,P0463,Furniture,South,368,107,141,129,445.41,10,Storm,Yes,449.54,Monsoon
2024-05-13,S002,P0080,Electronics,West,157,39,49,49,190.59,15,Rainy,No,190.24,Winter
2025-02-11,S007,P0392,Furniture,Central,408,18,54,54,962.91,15,Cloudy,Yes,984.99,Summer
2025-06-04,S006,P0224,Medical,Central,439,97,107,88,221.73,10,Sunny,No,180.73,Monsoon
2024-11-22,S019,P0237,Electronics,West,459,20,43,10,419.07,0,Rainy,Yes,430.54,Winter
2024-08-28,S019,P0149,Furniture,East,85,84,95,93,174.8,15,Sunny,Yes,204.23,Spring
2025-01-17,S005,P0285,Electronics,North,249,51,84,64,480.03,20,Storm,Yes,467.83,Monsoon
2025-02-07,S010,P0060,Electronics,Central,50,116,147,127,484.06,20,Storm,Yes,505.77,Winter
2025-03-17,S007,P0041,Food,West,495,53,76,50,879.82,0,Storm,Yes,895.82,Summer
2024-10-27,S003,P0151,Furniture,South,169,93,130,106,604.82,20,Storm,No,563.96,Monsoon
2025-04-14,S007,P0138,Furniture,West,190,113,176,153,270.23,0,Sunny,No,258.68,Summer
2024-08-29,S019,P0488,Food,Central,465,72,106,96,814.74,10,Storm,No,825.54,Winter
2025-07-13,S002,P0148,Electronics,East,380,105,148,141,518.75,10,Sunny,Yes,520.5,Spring
2024-08-16,S013,P0062,Medical,South,500,44,95,67,267.5,0,Storm,Yes,231.31,Summer
2024-06-10,S010,P0151,Furniture,North,355,100,141,128,880.38,20,Rainy,Yes,895.04,Summer
2024-10-08,S001,P0471,Electronics,West,455,96,127,106,833.09,20,Rainy,No,844.17,Spring
2025-01-31,S007,P0482,Food,East,420,114,187,152,490.26,5,Storm,Yes,446.0,Spring
2025-12-15,S008,P0205,Food,West,57,87,143,120,118.07,0,Storm,No,96.55,Spring
2025-09-12,S020,P0197,Food,South,204,107,146,134,745.95,5,Storm,Yes,723.08,Spring
2025-04-27,S001,P0429,Medical,East,180,47,114,86,586.79,0,Cloudy,No,617.7,Winter
2024-06-16,S017,P0071,Food,Central,295,95,141,124,903.14,5,Storm,No,909.12,Monsoon
2024-05-03,S017,P0310,Medical,West,140,91,129,105,492.04,20,Sunny,No,494.13,Spring
2024-08-25,S002,P0382,Stationery,Central,309,15,31,24,543.84,5,Cloudy,Yes,526.2,Monsoon
2024-10-25,S010,P0140,Clothing,South,153,64,82,71,463.46,15,Storm,No,427.23,Winter
2024-03-03,S009,P0464,Electronics,West,328,47,82,53,828.94,5,Cloudy,Yes,833.9,Summer
2025-09-17,S018,P0482,Electronics,South,83,37,51,51,246.84,20,Cloudy,No,213.67,Winter
2025-11-23,S016,P0184,Electronics,North,482,7,55,32,539.59,15,Rainy,Yes,535.5,Summer
2024-11-26,S013,P0418,Furniture,North,221,62,121,91,694.7,10,Storm,No,722.02,Winter
2025-06-15,S013,P0462,Furniture,South,226,28,70,44,733.81,20,Storm,Yes,724.93,Winter
2024-09-04,S010,P0014,Medical,East,25,30,55,29,138.53,20,Storm,No,140.1,Monsoon
2024-10-10,S009,P0494,Furniture,East,310,67,86,85,779.95,5,Cloudy,No,769.36,Winter
2024-05-15,S003,P0359,Furniture,Central,75,88,131,107,178.68,20,Rainy,No,193.89,Summer
2025-06-29,S013,P0165,Electronics,East,24,8,85,48,171.27,0,Cloudy,No,156.81,Spring
2025-09-25,S007,P0097,Electronics,East,234,81,75,73,928.11,20,Rainy,No,895.05,Winter
2024-10-05,S005,P0237,Food,Central,476,20,70,30,461.61,20,Storm,Yes,480.56,Summer
2025-05-06,S008,P0123,Clothing,West,249,109,181,145,745.33,5,Cloudy,Yes,775.76,Winter
2024-04-05,S006,P0453,Medical,East,302,39,65,45,453.27,15,Sunny,No,411.67,Monsoon
2024-03-07,S006,P0327,Food,East,27,32,60,26,313.85,15,Rainy,Yes,352.62,Monsoon
2025-10-11,S002,P0113,Medical,East,239,52,109,86,288.63,0,Storm,No,251.38,Summer
2025-03-22,S017,P0317,Furniture,Central,153,43,79,76,85.36,20,Sunny,No,129.7,Summer
2024-12-07,S014,P0065,Medical,West,128,48,94,78,827.3,10,Sunny,No,840.26,Winter
2024-09-11,S009,P0397,Electronics,West,420,69,106,77,797.14,0,Cloudy,Yes,771.63,Monsoon
2024-01-19,S011,P0394,Clothing,West,211,94,126,118,673.18,0,Cloudy,Yes,699.0,Summer
2024-03-01,S012,P0395,Medical,West,225,83,114,74,648.23,0,Rainy,No,607.8,Summer
2024-12-02,S010,P0117,Medical,East,142,106,110,96,127.65,20,Cloudy,Yes,104.94,Winter
2025-12-05,S007,P0056,Medical,East,184,37,71,70,70.57,5,Sunny,No,98.53,Spring
2024-09-05,S009,P0325,Stationery,South,27,117,140,128,586.01,0,Rainy,Yes,560.0,Spring
2024-05-25,S013,P0420,Furniture,Central,32,119,153,130,771.28,10,Cloudy,No,791.97,Monsoon
2025-01-28,S008,P0305,Furniture,Central,427,49,113,85,550.9,5,Cloudy,Yes,584.33,Winter
2024-01-31,S015,P0281,Food,Central,316,92,109,104,971.38,20,Rainy,Yes,972.23,Monsoon
2025-05-08,S003,P0288,Medical,Central,112,97,134,119,607.96,20,Storm,No,577.82,Monsoon
2025-02-17,S014,P0081,Stationery,East,407,106,137,136,834.25,10,Storm,No,818.4,Winter
2024-08-02,S017,P0232,Clothing,North,487,25,49,43,939.9,20,Sunny,Yes,934.63,Winter
2025-05-12,S019,P0467,Electronics,West,194,118,158,150,55.19,15,Cloudy,Yes,84.5,Winter
2025-10-09,S006,P0022,Furniture,East,224,110,150,116,258.88,15,Cloudy,No,227.89,Winter
2025-11-29,S020,P0384,Stationery,North,264,35,71,65,578.42,0,Sunny,Yes,619.31,Summer
2024-02-29,S003,P0377,Food,Central,407,30,93,68,493.41,5,Cloudy,Yes,504.45,Spring
2024-03-25,S001,P0251,Stationery,Central,346,104,145,119,665.66,10,Rainy,No,664.0,Summer
2025-03-29,S004,P0489,Stationery,South,194,58,79,71,988.76,0,Sunny,Yes,993.13,Winter
2025-01-30,S019,P0479,Electronics,North,60,86,123,109,186.69,10,Storm,No,152.52,Winter
2025-01-27,S001,P0412,Clothing,South,468,53,105,88,218.69,0,Rainy,Yes,223.67,Spring
2025-05-17,S016,P0060,Electronics,West,91,32,49,30,388.16,10,Sunny,No,436.71,Winter
2025-03-16,S020,P0085,Electronics,East,252,87,123,92,908.81,20,Sunny,Yes,911.97,Winter
2024-03-02,S018,P0369,Electronics,North,255,25,54,53,508.74,10,Sunny,No,505.83,Winter
2024-12-19,S018,P0323,Clothing,West,412,55,91,62,641.34,15,Cloudy,No,665.36,Winter
2024-08-18,S009,P0394,Food,Central,432,98,127,102,632.15,10,Sunny,Yes,645.47,Summer
2025-05-09,S018,P0003,Clothing,East,290,41,90,65,321.34,5,Rainy,Yes,348.43,Monsoon
2024-08-05,S001,P0013,Furniture,West,32,38,101,67,182.36,15,Storm,No,217.23,Monsoon
2024-09-25,S003,P0486,Food,South,248,49,90,51,439.82,10,Rainy,No,468.81,Winter
2024-04-16,S012,P0260,Furniture,North,261,114,153,113,210.3,5,Storm,Yes,244.57,Spring
2024-08-18,S009,P0284,Stationery,North,370,36,61,27,769.0,0,Storm,Yes,797.28,Winter
2024-06-19,S011,P0349,Food,West,415,52,75,74,309.56,5,Rainy,Yes,265.57,Winter
2024-05-16,S004,P0494,Stationery,West,247,18,77,52,521.37,0,Storm,No,527.84,Summer
2025-01-11,S015,P0059,Electronics,North,85,15,35,26,932.79,15,Storm,Yes,902.99,Spring
2025-06-30,S016,P0454,Furniture,East,230,72,130,103,281.35,10,Cloudy,No,241.43,Monsoon
2024-07-15,S013,P0276,Medical,Central,345,64,83,72,349.36,10,Storm,No,345.3,Summer
2025-11-27,S006,P0499,Stationery,South,444,78,96,91,394.15,15,Storm,Yes,347.55,Winter
2024-09-28,S003,P0180,Stationery,North,366,97,127,88,359.41,0,Storm,Yes,377.3,Summer
2024-08-16,S019,P0215,Electronics,North,49,88,128,97,911.78,5,Cloudy,No,895.46,Summer
2024-08-23,S019,P0350,Electronics,West,431,104,144,126,100.71,5,Rainy,Yes,143.12,Monsoon
2025-12-13,S019,P0274,Electronics,East,393,57,75,72,665.02,5,Sunny,Yes,617.69,Monsoon
2024-07-23,S002,P0355,Medical,West,160,109,148,135,413.34,10,Storm,Yes,406.85,Monsoon
2025-05-13,S005,P0049,Medical,West,94,42,92,76,103.15,15,Cloudy,Yes,99.53,Winter
2025-09-24,S017,P0121,Stationery,East,228,41,81,62,139.18,5,Storm,Yes,103.19,Summer
2025-08-20,S002,P0285,Clothing,East,454,47,69,43,675.3,20,Cloudy,Yes,696.26,Spring
2024-05-23,S004,P0067,Stationery,Central,244,66,83,69,111.06,5,Storm,No,94.82,Spring
2024-08-16,S015,P0218,Clothing,South,156,5,17,11,626.65,10,Rainy,No,602.77,Spring
2025-09-17,S012,P0037,Food,North,225,71,89,82,418.1,5,Rainy,No,374.75,Summer
2025-10-06,S011,P0004,Stationery,North,303,43,69,53,645.97,0,Cloudy,No,667.14,Monsoon
2025-11-30,S015,P0266,Clothing,North,190,95,120,118,489.85,15,Rainy,Yes,471.09,Winter
2024-07-02,S020,P0147,Medical,South,253,60,83,52,540.42,5,Rainy,No,510.07,Monsoon
2024-05-09,S007,P0451,Clothing,South,166,110,182,148,541.38,15,Cloudy,Yes,578.65,Spring
2025-03-10,S019,P0336,Electronics,North,378,111,142,123,413.31,10,Sunny,No,373.18,Spring
2024-08-15,S008,P0482,Clothing,Central,310,87,124,119,633.06,20,Cloudy,No,633.7,Winter
2025-11-21,S004,P0469,Clothing,West,70,22,71,41,82.75,15,Cloudy,Yes,130.71,Winter
2025-08-27,S009,P0008,Medical,North,69,92,128,110,278.7,20,Rainy,Yes,319.71,Summer
2024-06-19,S013,P0167,Medical,East,309,86,103,78,268.81,0,Sunny,Yes,279.31,Summer
2025-04-20,S005,P0269,Electronics,South,235,37,55,47,823.21,10,Rainy,No,828.72,Monsoon
2025-03-05,S001,P0343,Electronics,Central,111,57,49,49,558.88,10,Sunny,Yes,566.84,Summer
2024-01-01,S017,P0377,Food,South,20,47,78,49,542.7,20,Rainy,Yes,589.91,Summer
2024-01-11,S006,P0482,Furniture,South,252,14,41,7,71.9,15,Storm,No,79.01,Spring
2024-06-20,S018,P0031,Food,North,77,51,62,58,354.91,0,Rainy,No,402.46,Summer
2025-09-26,S014,P0111,Clothing,Central,359,26,98,60,315.17,5,Rainy,No,331.39,Summer
2025-12-21,S009,P0316,Clothing,East,471,54,91,56,586.8,20,Sunny,Yes,585.53,Summer
2024-08-23,S005,P0457,Medical,South,142,51,97,64,509.11,15,Cloudy,No,543.63,Summer
2025-10-25,S001,P0180,Clothing,Central,284,109,143,137,888.61,0,Storm,No,904.87,Summer
2024-01-19,S020,P0343,Electronics,Central,377,86,122,85,415.29,10,Cloudy,Yes,437.25,Spring
2025-04-24,S017,P0315,Stationery,North,309,46,86,76,655.56,5,Cloudy,No,651.98,Monsoon
2025-07-08,S006,P0263,Clothing,East,61,108,137,102,952.86,0,Cloudy,No,950.18,Monsoon
2025-08-23,S017,P0497,Food,East,151,10,38,2,870.06,15,Sunny,No,838.44,Summer
2024-01-22,S001,P0042,Medical,West,444,12,77,37,665.38,10,Cloudy,Yes,661.06,Monsoon
2025-04-02,S012,P0448,Stationery,West,184,92,130,91,137.56,10,Sunny,No,187.01,Spring
2025-09-06,S007,P0195,Furniture,East,393,6,7,1,346.07,20,Rainy,No,307.19,Monsoon
2025-05-10,S002,P0202,Stationery,West,367,9,9,1,973.36,10,Rainy,No,934.97,Monsoon
2025-03-11,S018,P0246,Food,East,45,84,127,97,692.21,5,Storm,No,725.97,Summer
2024-02-25,S020,P0049,Stationery,North,371,73,97,76,445.07,20,Sunny,No,455.39,Summer
2024-09-30,S009,P0456,Furniture,North,348,63,112,72,772.62,0,Rainy,Yes,773.11,Summer
2024-01-16,S014,P0285,Stationery,South,181,104,160,130,876.88,15,Storm,No,851.8,Monsoon
2025-04-05,S011,P0482,Food,Central,204,98,132,110,147.39,20,Cloudy,Yes,138.75,Spring
2025-01-28,S017,P0243,Electronics,South,156,69,122,89,176.13,15,Sunny,Yes,157.12,Winter
2024-06-28,S008,P0147,Food,Central,195,50,81,56,644.66,10,Cloudy,Yes,679.51,Monsoon
2025-10-12,S010,P0191,Electronics,East,340,70,96,78,460.57,10,Storm,Yes,492.4,Summer
2025-05-08,S019,P0202,Stationery,North,40,59,108,87,652.27,0,Rainy,No,654.53,Monsoon
2025-11-01,S004,P0341,Furniture,South,335,49,95,59,286.61,5,Rainy,No,294.1,Winter
2025-09-22,S004,P0366,Stationery,West,361,83,131,102,721.61,0,Storm,No,723.59,Monsoon
2024-07-17,S017,P0170,Medical,South,214,11,51,17,627.48,0,Storm,Yes,664.09,Monsoon
2024-08-16,S010,P0398,Food,West,370,58,101,84,475.63,20,Rainy,No,446.18,Winter
2025-02-04,S011,P0269,Stationery,North,343,99,127,94,668.65,15,Cloudy,Yes,656.96,Winter
2025-09-25,S002,P0328,Electronics,East,232,86,106,96,728.38,15,Rainy,Yes,762.1,Summer
2025-03-05,S018,P0386,Clothing,East,30,52,93,62,306.2,5,Cloudy,No,346.87,Spring
2025-08-09,S008,P0018,Food,Central,184,52,84,78,643.98,15,Rainy,No,645.57,Summer
2024-04-21,S008,P0392,Stationery,East,420,71,120,105,355.07,10,Cloudy,Yes,315.98,Summer
2024-06-29,S011,P0429,Food,North,435,52,119,86,65.24,5,Sunny,No,44.14,Summer
2025-12-17,S017,P0421,Food,South,258,39,91,78,339.61,10,Rainy,No,349.3,Winter
2024-06-06,S003,P0023,Food,North,125,17,52,36,637.61,0,Storm,No,600.58,Summer
2024-10-30,S013,P0497,Furniture,South,160,31,51,34,682.93,0,Cloudy,No,651.08,Monsoon
2024-03-16,S016,P0020,Furniture,East,383,56,97,86,596.49,20,Rainy,Yes,612.89,Monsoon
2024-03-31,S007,P0343,Food,Central,157,91,135,121,947.64,0,Cloudy,Yes,945.12,Monsoon
2025-11-05,S008,P0171,Clothing,West,179,73,96,86,394.58,5,Rainy,Yes,426.77,Monsoon
2024-02-06,S013,P0459,Electronics,North,476,45,104,81,804.74,5,Rainy,Yes,759.29,Winter
2024-09-29,S006,P0101,Clothing,North,207,88,149,111,143.85,10,Storm,Yes,178.41,Monsoon
2025-03-04,S013,P0123,Medical,East,307,106,152,138,226.74,10,Sunny,Yes,271.74,Monsoon
2024-08-02,S002,P0023,Clothing,East,333,77,144,116,304.12,15,Storm,Yes,312.1,Summer
2025-06-21,S010,P0006,Clothing,East,21,63,100,92,412.0,15,Storm,No,362.1,Winter
2024-04-15,S011,P0265,Medical,Central,252,108,118,118,339.82,15,Sunny,No,324.52,Monsoon
2025-07-01,S006,P0149,Furniture,North,497,55,113,82,866.69,5,Cloudy,Yes,833.07,Winter
2024-03-03,S019,P0241,Electronics,South,224,35,73,69,578.41,0,Storm,Yes,611.07,Monsoon
2025-08-28,S005,P0281,Food,North,60,102,139,134,846.68,5,Rainy,Yes,880.02,Summer
2024-06-10,S011,P0153,Furniture,South,303,57,97,90,276.87,5,Cloudy,Yes,290.47,Summer
2024-10-21,S004,P0098,Furniture,West,142,7,20,6,694.43,0,Rainy,Yes,645.94,Monsoon
2025-11-09,S008,P0172,Furniture,South,140,47,77,40,837.81,20,Cloudy,No,797.4,Winter
2025-10-13,S016,P0410,Food,East,268,57,95,58,287.87,20,Sunny,No,265.35,Spring
2025-08-16,S007,P0001,Stationery,West,498,51,78,54,78.42,10,Sunny,Yes,28.77,Spring
2024-09-08,S011,P0217,Food,South,478,35,52,49,137.57,5,Storm,Yes,178.56,Spring
2024-07-21,S019,P0241,Stationery,West,239,28,64,55,298.56,20,Storm,Yes,315.41,Summer
2025-12-08,S006,P0085,Furniture,South,173,29,60,51,73.39,15,Rainy,Yes,40.01,Winter
2024-07-20,S013,P0075,Food,North,276,46,57,47,225.3,20,Cloudy,Yes,274.74,Winter
2024-10-11,S005,P0129,Clothing,West,173,14,33,14,345.01,5,Storm,Yes,313.56,Summer
2025-08-12,S020,P0355,Furniture,South,381,34,90,68,44.26,15,Storm,No,85.15,Winter
2024-12-26,S017,P0229,Medical,Central,492,30,76,41,820.81,5,Cloudy,Yes,791.53,Winter
2024-12-14,S016,P0186,Medical,East,144,102,131,94,642.62,10,Sunny,Yes,626.65,Monsoon
2025-05-03,S014,P0448,Electronics,Central,86,33,46,34,23.87,15,Storm,No,-25.68,Monsoon
2025-02-07,S020,P0051,Clothing,Central,368,63,100,71,721.9,10,Rainy,No,688.72,Spring
2025-01-06,S001,P0383,Furniture,East,41,76,130,106,575.66,5,Rainy,No,571.47,Monsoon
2025-10-02,S014,P0092,Stationery,East,72,106,106,103,893.24,10,Sunny,Yes,878.75,Spring
2025-11-06,S002,P0379,Clothing,Central,228,62,110,78,35.91,20,Storm,No,68.65,Spring
2024-02-06,S011,P0389,Furniture,South,147,30,64,47,178.82,10,Sunny,No,213.06,Monsoon
2024-10-04,S010,P0113,Clothing,North,455,97,147,133,148.83,15,Rainy,No,162.22,Winter
2024-12-19,S003,P0172,Stationery,West,96,118,170,153,198.16,0,Rainy,Yes,152.46,Monsoon
2024-09-03,S013,P0142,Medical,West,392,14,62,51,171.9,10,Cloudy,No,138.24,Spring
2024-03-04,S017,P0212,Stationery,South,242,61,132,92,671.3,10,Sunny,No,649.48,Winter
2025-04-16,S010,P0430,Clothing,Central,288,15,54,52,734.42,0,Sunny,No,695.33,Spring
2025-09-12,S019,P0335,Electronics,North,347,43,47,41,121.35,20,Cloudy,No,119.59,Winter
2024-02-25,S010,P0470,Medical,South,356,104,143,140,444.93,5,Sunny,No,463.7,Summer
2024-01-17,S002,P0235,Electronics,East,385,58,69,66,889.29,0,Rainy,Yes,852.3,Winter
2024-12-22,S018,P0163,Electronics,West,209,105,108,95,97.28,20,Storm,Yes,98.64,Spring
2025-03-31,S012,P0480,Electronics,East,434,50,88,81,274.6,10,Storm,Yes,276.84,Monsoon
2024-05-03,S008,P0277,Food,North,156,97,124,95,479.39,5,Sunny,No,435.89,Winter
2024-04-30,S009,P0107,Clothing,Central,60,95,123,112,866.37,15,Rainy,No,900.98,Winter
2024-02-06,S016,P0096,Clothing,East,221,18,75,49,963.85,0,Rainy,Yes,977.03,Winter
2025-05-23,S002,P0280,Stationery,East,122,68,73,62,154.17,15,Cloudy,Yes,118.67,Monsoon
2024-01-21,S005,P0163,Furniture,South,300,71,90,88,742.29,15,Storm,Yes,759.72,Winter
2025-11-19,S019,P0051,Stationery,East,27,79,155,116,579.34,0,Sunny,Yes,612.66,Winter
2024-06-17,S019,P0070,Stationery,South,447,97,154,126,942.08,0,Storm,No,991.47,Winter
2024-12-09,S007,P0153,Stationery,East,383,80,125,86,158.52,10,Sunny,Yes,134.99,Spring
2025-03-12,S013,P0431,Food,East,153,87,118,88,250.42,15,Sunny,Yes,262.96,Winter
2024-12-08,S015,P0076,Clothing,South,55,103,139,103,644.14,5,Sunny,No,664.02,Spring
2025-04-27,S003,P0006,Food,North,274,84,121,107,666.59,15,Rainy,No,662.47,Winter
2025-05-30,S004,P0182,Food,Central,332,106,150,110,364.93,5,Rainy,Yes,334.03,Summer
2025-11-18,S001,P0043,Food,South,147,106,147,123,93.06,15,Cloudy,Yes,107.35,Summer
2025-01-25,S014,P0487,Medical,West,349,112,130,127,882.8,20,Sunny,Yes,924.42,Winter
2025-07-21,S016,P0201,Food,South,158,5,53,38,628.54,20,Storm,Yes,596.59,Spring
2024-08-22,S012,P0023,Food,West,474,107,123,110,818.06,20,Storm,No,832.88,Spring
2024-01-09,S011,P0426,Electronics,Central,425,96,129,107,29.6,0,Sunny,Yes,44.46,Winter
2025-03-02,S002,P0180,Clothing,West,340,84,108,85,57.48,20,Cloudy,No,83.64,Winter
2025-08-22,S003,P0201,Electronics,East,313,100,112,108,845.78,10,Sunny,Yes,816.9,Winter
2025-03-26,S010,P0313,Medical,South,224,16,50,43,764.7,20,Storm,No,725.66,Monsoon
2025-09-16,S003,P0499,Electronics,West,27,35,38,33,455.42,10,Storm,No,461.77,Monsoon
2025-01-15,S007,P0378,Electronics,East,31,93,127,125,286.29,15,Storm,No,270.19,Summer
2024-06-30,S007,P0485,Medical,North,337,46,73,39,255.31,20,Rainy,No,244.68,Spring
2024-10-25,S007,P0396,Clothing,North,304,59,100,77,883.66,15,Cloudy,Yes,928.81,Monsoon
2025-11-08,S017,P0054,Furniture,North,377,68,88,76,602.47,5,Storm,Yes,602.12,Winter
2024-07-31,S001,P0258,Furniture,South,272,74,69,69,124.52,5,Cloudy,Yes,137.92,Spring
2024-01-10,S017,P0274,Clothing,North,325,92,122,121,581.03,10,Storm,No,579.94,Winter
2025-07-30,S008,P0402,Medical,East,29,68,99,83,319.31,20,Storm,Yes,274.11,Spring
2025-10-24,S004,P0010,Clothing,East,92,21,65,55,985.34,15,Sunny,Yes,948.56,Spring
2024-01-20,S011,P0300,Furniture,North,401,113,147,114,653.19,15,Cloudy,No,638.76,Spring
2024-09-13,S009,P0181,Furniture,Central,467,84,123,110,851.31,20,Sunny,Yes,846.29,Summer
2024-08-26,S008,P0375,Stationery,South,297,42,95,67,416.51,10,Storm,Yes,396.88,Spring
2025-10-21,S015,P0309,Clothing,West,350,9,41,38,516.97,15,Storm,Yes,500.92,Winter
2025-06-25,S006,P0147,Medical,South,386,32,79,63,187.92,20,Storm,No,139.52,Summer
2024-07-26,S014,P0252,Food,North,171,56,97,92,324.17,5,Storm,Yes,285.31,Winter
2024-01-21,S006,P0362,Clothing,South,213,119,156,136,510.62,20,Cloudy,No,505.2,Monsoon
2025-07-19,S002,P0322,Stationery,East,86,101,140,127,561.22,10,Cloudy,No,536.27,Winter
2025-12-06,S007,P0383,Clothing,West,139,117,178,143,405.41,20,Storm,Yes,443.77,Winter
2024-09-20,S013,P0407,Clothing,South,170,82,130,105,996.47,5,Rainy,Yes,1006.97,Winter
2024-12-18,S004,P0317,Electronics,East,359,30,51,21,26.49,20,Storm,No,56.28,Winter
2024-03-18,S009,P0415,Clothing,North,203,12,74,34,803.7,5,Rainy,Yes,846.69,Monsoon
2024-12-21,S004,P0156,Stationery,West,159,101,128,96,216.65,15,Cloudy,Yes,222.66,Monsoon
2024-01-25,S007,P0305,Clothing,North,254,107,130,116,531.1,5,Sunny,No,485.68,Spring
2025-04-02,S011,P0248,Stationery,West,248,115,147,126,10.58,10,Sunny,Yes,-20.41,Spring
2025-04-08,S003,P0183,Electronics,West,126,32,50,46,276.43,10,Rainy,Yes,273.61,Monsoon
2025-03-23,S009,P0335,Furniture,West,232,95,106,89,513.22,5,Cloudy,No,559.29,Winter
2025-03-30,S002,P0391,Food,North,290,25,87,59,684.38,15,Cloudy,No,681.79,Winter
2024-03-22,S002,P0032,Stationery,Central,272,90,101,96,599.51,10,Rainy,No,552.08,Spring
2025-11-23,S015,P0267,Furniture,Central,281,106,129,108,927.95,15,Storm,No,960.85,Spring
2025-01-26,S010,P0177,Electronics,South,188,38,36,28,232.17,15,Storm,No,258.36,Winter
2024-05-10,S014,P0494,Clothing,South,292,87,137,127,423.97,10,Rainy,No,453.73,Spring
2025-01-05,S009,P0008,Furniture,East,218,27,69,46,764.03,10,Rainy,No,781.45,Monsoon
2025-09-27,S002,P0439,Medical,East,203,47,77,52,660.14,5,Storm,Yes,628.26,Monsoon
2024-09-20,S001,P0035,Medical,West,473,38,84,59,364.47,5,Storm,Yes,375.5,Spring
2024-03-04,S017,P0231,Electronics,East,159,114,151,119,544.77,5,Rainy,No,581.38,Monsoon
2024-08-18,S008,P0282,Clothing,East,32,21,87,48,692.28,15,Cloudy,Yes,732.14,Monsoon
2024-03-03,S010,P0358,Food,Central,99,83,138,122,821.93,20,Storm,Yes,848.4,Spring
2025-02-14,S015,P0054,Electronics,East,122,118,135,124,492.76,10,Storm,No,486.68,Summer
2025-05-06,S013,P0081,Electronics,West,420,73,89,68,890.35,0,Rainy,No,924.24,Spring
2024-03-28,S007,P0464,Electronics,Central,140,99,153,122,205.51,10,Sunny,No,157.52,Spring
2025-03-01,S013,P0317,Stationery,Central,463,104,146,139,429.96,10,Storm,No,454.63,Spring
2024-06-25,S006,P0065,Clothing,West,499,99,125,93,147.23,10,Storm,No,143.67,Spring
2024-02-13,S017,P0341,Medical,East,371,63,84,59,843.68,0,Storm,Yes,857.47,Monsoon
2025-04-12,S020,P0258,Electronics,North,294,52,97,86,200.36,10,Rainy,No,250.02,Winter
2024-08-16,S016,P0427,Electronics,North,417,61,82,66,347.71,5,Cloudy,No,397.27,Summer
2024-07-04,S020,P0496,Electronics,West,53,76,109,73,339.91,15,Sunny,No,299.12,Spring
2025-04-28,S013,P0462,Clothing,East,354,59,129,91,205.44,0,Rainy,Yes,176.39,Summer
2025-02-13,S012,P0126,Furniture,South,475,42,64,42,329.17,0,Sunny,Yes,364.69,Winter
2024-06-13,S019,P0302,Stationery,Central,192,43,102,77,456.64,20,Cloudy,No,413.54,Spring
2024-02-13,S005,P0190,Medical,South,139,17,81,51,11.84,15,Rainy,Yes,15.13,Winter
2024-09-29,S016,P0316,Medical,Central,430,32,62,43,377.19,5,Rainy,No,405.75,Spring
2024-08-28,S004,P0016,Stationery,West,234,85,113,94,722.16,20,Rainy,Yes,722.94,Spring
2025-04-04,S001,P0141,Furniture,Central,409,29,63,55,637.42,15,Cloudy,Yes,669.49,Summer
2024-03-19,S011,P0026,Food,Central,65,83,101,84,452.43,5,Storm,Yes,466.66,Winter
2025-08-12,S001,P0111,Medical,South,316,99,134,102,485.33,0,Rainy,Yes,444.77,Winter
2025-01-12,S014,P0041,Food,Central,475,5,67,44,625.46,10,Sunny,No,624.47,Winter
2024-08-31,S009,P0446,Food,Central,39,44,81,80,16.07,10,Sunny,Yes,34.29,Summer
2024-05-01,S012,P0253,Clothing,South,439,116,136,123,918.48,15,Rainy,Yes,868.58,Winter
2024-05-02,S003,P0389,Stationery,West,485,49,92,56,339.05,20,Sunny,No,302.06,Winter
2025-09-08,S011,P0489,Stationery,Central,462,13,42,18,299.86,15,Rainy,Yes,314.2,Monsoon
2025-08-10,S001,P0456,Electronics,West,174,74,117,104,788.31,0,Sunny,Yes,828.41,Winter
2024-12-14,S013,P0150,Furniture,Central,477,110,155,142,990.13,15,Cloudy,No,941.93,Summer
2025-11-01,S019,P0212,Electronics,North,156,119,178,147,215.5,0,Cloudy,Yes,165.8,Monsoon
2024-07-25,S012,P0495,Food,South,431,85,126,125,365.22,5,Cloudy,Yes,394.66,Monsoon
2025-09-02,S004,P0350,Food,Central,273,10,42,16,283.51,10,Rainy,Yes,265.78,Monsoon
2024-02-02,S019,P0105,Clothing,South,451,47,125,85,893.71,10,Sunny,Yes,853.68,Summer
2025-06-09,S001,P0320,Stationery,East,349,104,135,131,696.68,15,Rainy,Yes,696.44,Monsoon
2025-11-23,S007,P0311,Clothing,South,278,113,160,127,876.57,0,Sunny,Yes,852.69,Summer
2024-11-30,S020,P0367,Medical,North,416,105,169,129,331.21,20,Rainy,No,360.29,Winter
2024-08-07,S018,P0210,Medical,East,251,65,73,68,161.87,10,Cloudy,Yes,208.59,Winter
2025-04-12,S001,P0371,Medical,East,149,71,125,90,86.87,5,Sunny,No,62.5,Winter
2024-11-23,S002,P0002,Electronics,East,49,100,129,94,109.97,15,Cloudy,No,67.47,Winter
2024-05-18,S019,P0146,Stationery,East,369,29,77,61,511.27,0,Rainy,No,462.11,Monsoon
2024-09-11,S009,P0138,Electronics,South,378,78,101,92,329.96,10,Storm,Yes,323.1,Winter
2024-02-29,S004,P0255,Food,North,333,29,69,61,129.95,5,Sunny,Yes,138.83,Monsoon
2025-06-11,S005,P0477,Stationery,West,139,25,33,31,602.92,10,Sunny,Yes,645.73,Winter
2025-02-01,S002,P0001,Electronics,North,438,105,157,121,305.59,0,Rainy,Yes,347.28,Summer
2025-12-13,S012,P0321,Food,West,31,20,65,36,583.91,15,Rainy,Yes,567.64,Summer
2025-07-15,S010,P0145,Food,South,392,87,113,89,509.89,0,Rainy,Yes,489.23,Spring
2024-09-27,S019,P0399,Stationery,North,359,82,116,113,320.64,5,Cloudy,No,321.88,Winter
2025-09-21,S008,P0204,Furniture,East,410,120,173,156,170.19,0,Storm,No,163.79,Summer
2024-03-28,S004,P0489,Electronics,East,33,94,147,116,193.17,10,Sunny,No,238.52,Spring
2025-08-09,S010,P0304,Clothing,East,280,100,142,137,379.39,10,Rainy,No,338.5,Monsoon
2024-09-09,S010,P0073,Clothing,Central,340,45,51,43,105.07,5,Storm,Yes,67.89,Winter
2025-11-10,S013,P0161,Electronics,South,102,7,45,6,85.31,15,Cloudy,Yes,134.21,Winter
2024-11-15,S012,P0491,Food,South,340,47,101,68,755.97,5,Cloudy,Yes,716.64,Winter
2024-08-11,S004,P0058,Furniture,North,50,118,133,116,851.36,5,Cloudy,No,802.93,Monsoon
2024-11-10,S001,P0494,Clothing,East,114,15,38,23,470.32,15,Rainy,Yes,470.54,Spring
2025-04-30,S013,P0319,Stationery,West,32,89,114,87,62.54,10,Storm,Yes,68.88,Monsoon
2025-02-16,S015,P0354,Food,East,363,80,116,97,87.08,5,Storm,No,71.85,Summer
2025-12-18,S002,P0227,Electronics,North,248,95,122,110,225.59,15,Cloudy,No,226.19,Monsoon
2024-02-18,S005,P0453,Food,North,356,104,156,116,192.17,0,Cloudy,Yes,151.69,Summer
2025-12-17,S018,P0044,Clothing,South,209,77,127,113,243.11,5,Rainy,Yes,214.13,Spring
2024-03-17,S010,P0467,Food,Central,240,56,132,93,880.91,15,Storm,Yes,861.65,Spring
2024-04-27,S004,P0190,Food,Central,77,82,142,105,337.2,0,Storm,Yes,366.38,Summer
2025-08-19,S017,P0206,Electronics,South,50,30,58,51,328.75,10,Storm,No,372.33,Summer
2024-08-03,S010,P0365,Food,Central,226,116,136,117,345.53,20,Rainy,No,349.3,Winter
2024-10-14,S001,P0183,Stationery,West,256,87,143,112,352.93,0,Sunny,Yes,354.85,Spring
2025-06-25,S009,P0397,Medical,Central,152,85,111,94,58.59,5,Cloudy,Yes,81.92,Monsoon
2024-11-10,S002,P0147,Clothing,Central,499,34,90,52,827.5,15,Storm,No,816.47,Winter
2024-05-02,S015,P0331,Furniture,East,295,72,92,66,77.17,5,Storm,No,101.15,Monsoon
2025-08-25,S008,P0355,Furniture,North,233,61,102,84,381.15,5,Sunny,No,377.43,Spring
2025-05-22,S012,P0176,Stationery,West,187,114,129,122,821.27,10,Storm,Yes,799.0,Spring
2025-09-07,S012,P0173,Furniture,North,421,97,120,90,894.5,0,Sunny,Yes,927.74,Spring
2024-07-19,S019,P0090,Electronics,South,73,104,116,110,159.84,5,Cloudy,No,205.99,Spring
2025-12-08,S004,P0256,Food,East,85,38,54,31,372.37,5,Cloudy,No,355.02,Monsoon
2024-06-08,S010,P0080,Medical,South,492,88,122,103,913.41,10,Rainy,Yes,885.01,Summer
2024-05-10,S015,P0083,Food,East,46,40,34,34,424.2,20,Rainy,Yes,414.78,Winter
2024-10-12,S015,P0088,Clothing,North,282,64,83,80,626.68,15,Sunny,Yes,671.74,Summer
2024-04-30,S006,P0031,Clothing,North,396,78,113,89,723.47,20,Storm,No,692.98,Winter
2025-02-10,S017,P0130,Clothing,East,477,77,131,91,122.38,10,Rainy,Yes,163.91,Spring
2024-09-13,S006,P0017,Medical,Central,317,38,38,32,906.42,0,Storm,No,936.46,Spring
2024-02-04,S012,P0062,Stationery,West,172,12,78,52,152.34,5,Cloudy,Yes,112.0,Spring
2025-04-29,S012,P0120,Electronics,East,322,106,143,107,413.67,10,Rainy,No,415.97,Summer
2024-07-02,S015,P0087,Furniture,South,36,68,78,60,224.82,0,Storm,No,268.0,Monsoon
2025-06-02,S013,P0017,Electronics,West,310,29,90,65,491.77,10,Storm,No,458.21,Spring
2024-08-06,S007,P0017,Stationery,East,483,69,140,107,66.78,0,Rainy,Yes,23.15,Summer
2025-06-26,S009,P0147,Medical,North,133,51,60,51,218.27,15,Storm,Yes,201.81,Summer
2024-09-27,S009,P0433,Electronics,South,162,75,147,108,405.13,10,Storm,Yes,396.11,Spring
2025-01-10,S019,P0293,Food,North,186,85,102,94,472.41,5,Rainy,Yes,442.05,Monsoon
2025-11-17,S013,P0038,Electronics,South,215,14,75,51,616.53,0,Storm,No,597.72,Monsoon
2024-10-27,S015,P0444,Electronics,South,62,80,119,117,760.01,10,Storm,No,729.85,Winter
2024-12-04,S015,P0419,Furniture,East,25,31,67,41,780.73,5,Storm,No,754.5,Monsoon
2025-02-10,S002,P0467,Food,East,24,42,88,66,873.6,0,Storm,Yes,882.11,Summer
2024-07-09,S016,P0261,Clothing,North,364,56,115,77,80.57,0,Rainy,No,38.26,Summer
2025-11-28,S005,P0391,Furniture,South,252,27,104,67,86.41,20,Rainy,No,65.53,Summer
2025-07-13,S013,P0045,Food,West,151,14,67,39,337.05,15,Cloudy,No,383.71,Summer
2024-06-12,S008,P0224,Food,North,362,38,84,51,899.16,20,Storm,Yes,946.85,Summer
2025-11-09,S007,P0201,Stationery,North,164,11,45,33,735.75,5,Cloudy,Yes,732.94,Spring
2025-02-28,S012,P0214,Clothing,South,287,56,103,70,33.36,0,Sunny,Yes,31.49,Winter
2024-07-09,S001,P0144,Food,North,435,23,67,44,23.39,5,Rainy,Yes,42.58,Summer
2024-08-15,S016,P0148,Food,South,251,107,118,102,150.59,0,Storm,Yes,122.18,Summer
2025-10-08,S006,P0256,Food,South,93,92,140,108,625.88,20,Rainy,Yes,608.65,Spring
2025-08-10,S006,P0409,Medical,North,466,70,82,73,754.48,0,Cloudy,Yes,772.38,Spring
2024-03-18,S018,P0371,Electronics,East,360,69,97,60,801.43,0,Sunny,Yes,811.41,Summer
2025-02-07,S005,P0096,Food,East,390,27,54,45,995.32,10,Cloudy,Yes,978.25,Spring
2025-05-15,S011,P0179,Furniture,South,139,107,135,105,187.65,5,Cloudy,Yes,147.84,Winter
2025-02-05,S015,P0130,Clothing,North,336,115,154,142,779.54,5,Sunny,No,786.21,Monsoon
2025-12-20,S010,P0427,Medical,East,419,105,126,99,14.17,15,Sunny,Yes,-18.48,Summer
2025-08-18,S011,P0433,Furniture,Central,237,59,95,95,949.85,10,Storm,No,982.64,Monsoon
2025-05-05,S015,P0080,Furniture,Central,53,92,119,87,94.86,5,Sunny,Yes,110.7,Monsoon
2025-02-13,S017,P0175,Electronics,West,188,51,70,44,937.89,15,Storm,No,945.92,Monsoon
2024-12-29,S014,P0300,Food,West,337,84,159,122,84.48,20,Sunny,Yes,72.39,Summer
2024-07-21,S010,P0121,Food,North,213,40,85,49,712.15,10,Cloudy,Yes,730.78,Monsoon
2024-06-07,S015,P0241,Clothing,East,171,82,104,78,163.78,5,Rainy,Yes,125.74,Summer
2024-04-11,S019,P0431,Food,South,459,28,80,61,139.88,0,Sunny,Yes,170.89,Summer
2024-09-20,S019,P0476,Clothing,Central,247,31,56,27,333.4,0,Rainy,No,349.56,Winter
2025-06-02,S007,P0377,Clothing,North,396,31,46,36,479.22,0,Rainy,No,459.06,Spring
2024-07-25,S020,P0345,Stationery,North,364,95,117,103,74.78,15,Storm,Yes,121.08,Summer
2024-12-22,S007,P0125,Stationery,Central,153,62,97,92,704.56,10,Rainy,No,741.1,Monsoon
2024-04-20,S005,P0017,Food,Central,268,107,157,123,575.73,5,Rainy,No,594.66,Monsoon
2025-07-18,S018,P0214,Medical,North,372,10,43,11,931.88,10,Sunny,No,927.97,Summer
2025-01-13,S014,P0174,Electronics,South,170,81,121,109,115.71,10,Rainy,No,97.93,Winter
2024-08-16,S014,P0423,Electronics,East,232,64,116,98,850.22,0,Cloudy,Yes,843.33,Summer
2025-04-08,S009,P0248,Electronics,West,369,7,42,27,388.73,0,Cloudy,Yes,351.44,Winter
2024-06-27,S001,P0340,Stationery,West,75,63,136,103,817.15,20,Storm,Yes,797.41,Spring
2025-04-02,S007,P0034,Medical,North,92,114,124,107,98.18,15,Storm,No,65.15,Spring
2024-11-17,S001,P0455,Electronics,Central,400,93,142,118,693.35,15,Rainy,No,739.81,Monsoon
2024-09-09,S004,P0223,Electronics,East,469,20,59,38,332.94,0,Rainy,No,308.99,Winter
2024-08-20,S012,P0226,Food,Central,328,116,143,135,846.94,15,Sunny,No,830.57,Winter
2024-09-21,S002,P0112,Medical,East,86,50,85,82,620.35,15,Cloudy,Yes,590.01,Summer
2024-07-13,S007,P0458,Clothing,South,79,31,69,30,623.47,15,Cloudy,No,622.09,Winter
2025-09-13,S013,P0361,Stationery,Central,257,117,185,156,415.2,20,Rainy,Yes,401.4,Monsoon
2025-12-30,S013,P0091,Medical,West,351,94,115,101,492.86,15,Sunny,Yes,462.47,Spring
2024-04-28,S011,P0178,Furniture,Central,433,60,86,73,965.55,10,Cloudy,No,975.25,Winter
2025-03-11,S018,P0212,Furniture,North,360,77,139,100,343.52,5,Storm,Yes,354.21,Monsoon
2024-11-29,S020,P0154,Furniture,North,375,85,99,92,452.21,5,Cloudy,Yes,472.29,Monsoon
2024-06-11,S015,P0432,Food,South,486,14,42,26,316.92,0,Cloudy,Yes,324.9,Monsoon
2025-05-21,S016,P0326,Stationery,West,153,9,19,18,948.99,10,Sunny,Yes,914.88,Monsoon
2024-09-14,S015,P0405,Stationery,West,491,64,105,81,934.58,5,Storm,No,889.58,Winter
2025-11-14,S004,P0319,Clothing,North,350,5,33,32,401.28,10,Storm,Yes,427.94,Summer
2024-10-14,S003,P0256,Electronics,Central,432,57,76,53,729.13,10,Rainy,Yes,690.96,Summer
2024-02-23,S001,P0092,Medical,East,320,23,38,33,759.49,5,Sunny,Yes,771.31,Winter
2024-11-07,S012,P0190,Clothing,South,245,37,98,70,184.72,20,Rainy,No,140.2,Summer
2025-12-11,S010,P0161,Food,Central,336,8,53,14,960.57,15,Cloudy,No,945.06,Summer
2025-01-26,S010,P0453,Stationery,West,138,30,48,33,779.07,20,Cloudy,Yes,783.47,Winter
2024-07-31,S003,P0107,Electronics,North,385,42,79,67,794.06,20,Storm,Yes,757.85,Spring
2025-11-08,S019,P0125,Clothing,North,414,106,128,112,806.5,0,Storm,No,776.63,Summer
2024-07-27,S015,P0057,Medical,South,165,96,143,129,935.94,0,Sunny,Yes,981.65,Winter
2025-01-27,S013,P0237,Stationery,Central,363,7,36,24,573.29,5,Sunny,Yes,529.99,Winter
2025-07-11,S013,P0296,Stationery,West,430,12,26,11,919.22,20,Sunny,Yes,893.32,Monsoon
2025-04-05,S003,P0463,Electronics,Central,331,117,142,127,784.51,15,Rainy,No,765.47,Monsoon
2025-04-07,S006,P0157,Electronics,South,375,28,76,51,256.52,20,Rainy,No,276.66,Summer
2024-02-28,S001,P0311,Electronics,Central,135,14,74,34,351.55,0,Sunny,Yes,327.68,Monsoon
2025-05-05,S003,P0013,Food,West,90,71,124,85,249.11,10,Rainy,Yes,222.67,Summer
2025-06-16,S002,P0440,Furniture,East,114,61,95,75,821.84,10,Storm,No,825.86,Summer
2024-08-29,S001,P0349,Electronics,East,305,51,98,76,727.31,5,Cloudy,No,680.03,Monsoon
2025-07-17,S012,P0054,Stationery,Central,454,44,103,65,149.79,15,Storm,Yes,126.89,Summer
2025-11-25,S005,P0177,Clothing,Central,88,26,50,22,461.7,20,Rainy,Yes,472.93,Winter
2024-08-01,S016,P0068,Medical,North,110,5,56,39,114.77,0,Sunny,Yes,87.73,Spring
2024-06-25,S007,P0238,Electronics,North,324,48,86,66,993.62,0,Storm,No,959.2,Summer
2024-07-31,S014,P0224,Medical,Central,379,7,58,47,166.78,0,Rainy,Yes,163.48,Summer
2025-05-15,S019,P0456,Stationery,East,166,58,64,58,854.75,5,Rainy,No,835.04,Spring
2024-12-24,S011,P0433,Medical,North,223,25,56,19,954.84,20,Cloudy,No,998.34,Winter
2024-11-01,S018,P0465,Stationery,South,275,51,82,54,433.32,5,Cloudy,No,458.85,Monsoon
2025-06-04,S012,P0461,Stationery,East,201,74,110,91,995.19,15,Storm,No,986.96,Winter
2024-11-25,S020,P0374,Medical,West,80,76,115,92,941.65,0,Cloudy,No,931.28,Winter
2024-04-11,S011,P0212,Medical,West,211,79,110,110,319.89,5,Sunny,No,357.24,Summer
2025-03-10,S018,P0025,Clothing,West,154,53,113,82,621.16,0,Storm,Yes,655.97,Spring
2024-08-13,S004,P0214,Furniture,West,279,95,146,135,509.49,0,Cloudy,Yes,531.09,Summer
2024-01-29,S008,P0288,Electronics,South,347,83,94,83,341.28,0,Cloudy,No,309.72,Spring
2024-05-17,S010,P0262,Food,East,479,68,97,82,330.94,0,Storm,Yes,369.63,Monsoon
2025-11-17,S018,P0307,Furniture,Central,69,21,92,54,948.37,10,Cloudy,Yes,935.34,Summer
2024-12-05,S003,P0222,Medical,East,276,115,165,147,574.78,20,Rainy,No,593.03,Monsoon
2024-05-26,S001,P0293,Stationery,North,88,75,140,110,655.75,10,Sunny,Yes,613.67,Spring
2025-11-14,S010,P0458,Medical,West,174,101,156,127,256.93,0,Rainy,Yes,219.18,Spring
2024-01-27,S001,P0145,Stationery,East,309,74,109,103,930.03,0,Storm,Yes,911.48,Spring
2025-10-26,S007,P0135,Stationery,East,157,12,26,3,620.84,10,Cloudy,No,648.49,Summer
2024-04-01,S003,P0449,Medical,South,28,96,115,105,26.53,20,Storm,No,67.01,Monsoon
2025-08-06,S012,P0160,Electronics,East,38,111,165,130,448.51,10,Sunny,Yes,431.41,Summer
2025-04-13,S019,P0195,Stationery,North,209,111,158,129,981.57,15,Storm,Yes,1014.41,Spring
2025-08-24,S009,P0404,Medical,South,161,19,45,22,818.11,5,Storm,No,849.82,Monsoon
2025-08-25,S019,P0318,Furniture,South,444,51,85,75,489.53,0,Storm,Yes,508.85,Monsoon
2025-02-01,S017,P0331,Furniture,West,308,91,139,123,602.05,15,Storm,Yes,640.69,Winter
2024-01-12,S020,P0391,Clothing,East,106,96,122,100,816.11,5,Storm,Yes,768.82,Monsoon
2025-04-25,S014,P0103,Furniture,West,125,95,139,101,268.74,5,Cloudy,No,274.99,Winter
2024-09-05,S001,P0058,Medical,Central,394,74,141,111,891.69,20,Sunny,Yes,891.49,Winter
2024-08-24,S004,P0137,Furniture,South,139,106,165,126,332.54,5,Cloudy,Yes,303.39,Spring
2024-01-13,S020,P0214,Furniture,South,362,64,108,102,153.11,20,Storm,Yes,151.63,Winter
2024-07-15,S002,P0157,Clothing,Central,365,27,31,28,832.23,5,Cloudy,Yes,800.33,Monsoon
2024-04-24,S016,P0058,Electronics,East,329,67,124,89,107.11,10,Rainy,No,115.72,Winter
2024-01-16,S004,P0256,Electronics,North,380,105,146,135,516.1,5,Rainy,Yes,479.41,Summer
2025-05-21,S002,P0430,Clothing,West,272,91,111,98,264.87,5,Rainy,No,313.57,Winter
2025-05-24,S006,P0390,Furniture,North,134,33,60,38,525.35,5,Sunny,No,516.2,Summer
2025-09-19,S013,P0090,Electronics,North,494,93,153,114,424.27,10,Storm,No,474.2,Winter
2025-10-11,S009,P0006,Food,West,47,58,60,58,519.02,0,Storm,No,551.36,Monsoon
2025-11-14,S008,P0455,Stationery,East,438,32,55,46,829.85,5,Sunny,Yes,791.48,Winter
2024-09-02,S019,P0068,Medical,North,158,37,89,65,546.35,20,Cloudy,No,528.97,Monsoon
2024-10-05,S010,P0239,Furniture,North,362,97,141,124,737.93,15,Cloudy,No,702.01,Monsoon
2024-11-09,S009,P0301,Electronics,East,84,91,115,87,838.27,15,Storm,No,811.36,Winter
2024-10-17,S017,P0035,Clothing,East,174,38,73,47,696.83,10,Rainy,No,695.33,Summer
2025-12-21,S011,P0443,Electronics,Central,474,70,140,108,538.8,15,Rainy,Yes,518.6,Monsoon
2024-08-31,S004,P0115,Food,Central,62,65,108,90,163.7,5,Storm,No,207.61,Monsoon
2025-06-23,S015,P0378,Electronics,East,132,83,117,86,490.04,5,Cloudy,Yes,514.88,Summer
2024-09-20,S009,P0388,Electronics,South,79,26,36,36,719.41,20,Cloudy,No,737.15,Summer
2024-07-03,S020,P0248,Clothing,South,137,115,143,134,53.13,10,Storm,Yes,94.53,Winter
2025-03-15,S018,P0463,Food,West,140,25,68,30,917.86,20,Rainy,Yes,923.56,Monsoon
2024-06-12,S015,P0188,Clothing,Central,69,5,49,28,916.91,5,Rainy,No,963.68,Summer
2024-06-11,S002,P0286,Medical,East,64,72,117,100,802.1,10,Sunny,Yes,840.0,Winter
2025-09-08,S005,P0400,Stationery,North,337,39,75,40,128.9,20,Storm,No,102.41,Summer
2024-07-24,S010,P0289,Stationery,West,356,80,137,117,346.01,10,Sunny,No,315.56,Summer
2025-10-02,S005,P0142,Furniture,North,26,39,68,32,678.23,5,Sunny,Yes,646.75,Spring
2024-08-18,S017,P0336,Stationery,West,77,53,69,55,142.44,5,Rainy,No,92.82,Monsoon
2025-05-06,S003,P0467,Furniture,East,277,35,62,61,923.56,0,Storm,No,963.12,Winter
2024-02-21,S006,P0144,Clothing,Central,95,43,76,40,989.37,5,Cloudy,Yes,986.45,Winter
2025-03-27,S018,P0108,Electronics,North,216,78,145,105,816.5,10,Storm,No,780.83,Monsoon
2024-04-19,S012,P0142,Clothing,North,238,56,71,68,931.91,20,Rainy,No,886.74,Spring
2025-02-03,S016,P0189,Electronics,North,50,19,59,51,230.05,15,Sunny,Yes,193.81,Summer
2025-01-30,S016,P0330,Furniture,Central,460,57,129,95,355.32,10,Cloudy,No,329.24,Winter
2025-12-10,S002,P0475,Furniture,North,299,39,84,52,83.79,15,Rainy,Yes,56.48,Summer
2024-07-15,S020,P0340,Medical,North,228,29,57,49,336.9,0,Rainy,Yes,296.24,Winter
2024-06-06,S015,P0345,Clothing,Central,214,24,56,28,34.38,0,Rainy,No,22.74,Summer
2024-06-05,S009,P0254,Food,South,314,25,53,35,850.37,15,Sunny,No,834.04,Winter
2024-10-31,S010,P0082,Furniture,West,209,50,81,78,214.24,10,Rainy,No,186.77,Spring
2025-03-10,S016,P0156,Stationery,West,251,115,137,129,175.69,15,Sunny,No,164.67,Monsoon
2024-12-09,S012,P0306,Food,East,105,101,118,100,726.82,5,Rainy,No,746.03,Monsoon
2025-09-10,S013,P0021,Stationery,South,250,73,90,66,279.1,15,Cloudy,No,237.41,Summer
2024-03-11,S019,P0309,Clothing,South,75,59,58,51,354.5,10,Sunny,Yes,327.96,Monsoon
2024-10-13,S009,P0110,Stationery,West,435,28,34,34,102.45,0,Sunny,No,120.11,Winter
2025-06-27,S017,P0331,Furniture,West,431,70,96,75,532.03,10,Cloudy,No,571.27,Monsoon
2025-10-10,S016,P0134,Furniture,East,307,62,114,75,454.46,20,Cloudy,Yes,481.65,Winter
2024-11-06,S009,P0300,Food,Central,129,54,87,77,799.29,10,Cloudy,Yes,789.65,Spring
2025-06-19,S017,P0055,Clothing,Central,461,87,134,104,927.14,10,Sunny,No,900.4,Spring
2025-06-18,S020,P0463,Furniture,South,365,104,148,132,379.4,0,Cloudy,No,414.01,Spring
2024-03-13,S006,P0111,Food,North,350,96,163,127,620.74,5,Sunny,Yes,617.16,Summer
2025-09-29,S018,P0434,Food,East,425,52,105,81,198.63,0,Storm,Yes,228.79,Monsoon
2024-07-27,S001,P0034,Clothing,East,437,28,56,20,721.14,15,Storm,No,678.77,Winter
2025-09-28,S002,P0109,Food,West,266,25,96,60,832.96,10,Cloudy,Yes,790.06,Spring
2025-08-04,S009,P0021,Electronics,North,419,97,110,101,712.07,20,Storm,Yes,751.32,Summer
2024-02-04,S009,P0211,Food,Central,404,36,102,71,37.68,15,Sunny,No,-2.19,Spring
2025-12-15,S005,P0230,Clothing,Central,139,65,108,68,114.52,15,Rainy,No,144.72,Monsoon
2025-02-27,S015,P0241,Clothing,North,494,11,8,6,26.06,15,Sunny,No,39.79,Winter
2024-03-05,S003,P0279,Electronics,West,282,32,53,30,633.42,15,Sunny,Yes,621.55,Monsoon
2024-09-06,S005,P0385,Furniture,South,435,63,55,55,504.63,0,Sunny,Yes,464.65,Spring
2025-07-27,S003,P0390,Medical,North,444,32,63,61,325.44,0,Storm,Yes,287.63,Monsoon
2025-08-25,S016,P0432,Electronics,North,77,5,69,45,916.73,15,Sunny,No,928.33,Monsoon
2024-03-22,S005,P0186,Electronics,Central,61,106,172,145,237.08,5,Storm,No,242.94,Summer
2025-08-27,S004,P0033,Food,North,499,47,109,69,392.28,15,Rainy,No,386.89,Monsoon
2024-11-04,S009,P0473,Stationery,South,422,109,161,137,322.98,0,Sunny,Yes,370.19,Monsoon
2024-09-26,S011,P0002,Furniture,East,345,72,86,65,698.36,10,Rainy,No,710.13,Summer
2025-03-04,S010,P0258,Food,West,130,36,60,49,234.87,15,Sunny,Yes,247.81,Summer
2024-01-03,S005,P0008,Furniture,North,99,7,27,22,693.3,20,Storm,No,723.5,Spring
2025-04-18,S016,P0467,Furniture,Central,163,44,77,67,186.11,15,Sunny,Yes,191.57,Monsoon
2025-09-18,S015,P0388,Food,South,241,34,63,26,915.36,15,Storm,Yes,904.5,Summer
2025-12-27,S002,P0132,Stationery,West,331,113,149,130,845.9,20,Sunny,No,802.91,Monsoon
2025-09-01,S014,P0177,Food,West,187,115,141,121,641.57,10,Sunny,Yes,664.86,Spring
2024-04-23,S006,P0267,Food,South,196,30,46,36,470.93,20,Rainy,Yes,442.12,Spring
2025-01-21,S010,P0394,Medical,East,238,46,86,52,635.26,5,Storm,No,635.22,Monsoon
2025-10-05,S005,P0330,Electronics,East,160,87,92,80,893.31,0,Rainy,No,915.32,Spring
2024-11-30,S018,P0089,Furniture,South,407,113,157,139,365.51,5,Rainy,No,370.92,Monsoon
2024-09-07,S017,P0307,Stationery,West,131,49,89,63,519.55,5,Cloudy,No,568.13,Monsoon
2024-11-06,S020,P0281,Electronics,North,329,120,159,150,667.89,5,Rainy,Yes,702.02,Spring
2025-10-16,S016,P0498,Electronics,North,223,14,93,54,87.21,10,Cloudy,Yes,104.41,Winter
2024-03-21,S007,P0036,Clothing,South,202,100,172,139,116.88,15,Cloudy,Yes,150.65,Winter
2024-04-25,S013,P0104,Medical,West,203,74,118,93,344.5,20,Cloudy,Yes,372.08,Monsoon
2025-03-25,S020,P0286,Electronics,North,439,100,136,128,129.56,10,Sunny,No,86.0,Monsoon
2024-08-14,S013,P0172,Food,Central,27,9,36,7,493.24,5,Cloudy,Yes,518.24,Spring
2025-10-20,S007,P0479,Furniture,West,231,85,122,87,18.44,20,Storm,No,-14.25,Summer
2025-12-12,S008,P0441,Medical,Central,348,17,31,12,254.02,0,Storm,Yes,249.9,Monsoon
2024-04-21,S008,P0016,Food,East,156,113,141,114,723.99,10,Storm,Yes,687.39,Monsoon
2024-07-22,S010,P0363,Stationery,South,279,98,132,100,873.36,0,Cloudy,No,864.66,Winter
2024-12-30,S010,P0251,Clothing,South,292,41,103,73,266.97,20,Storm,Yes,296.02,Monsoon
2024-12-07,S006,P0474,Clothing,East,438,82,137,101,560.29,20,Cloudy,No,564.61,Winter
2025-10-28,S019,P0313,Food,North,500,40,46,39,31.12,0,Sunny,No,11.14,Spring
2025-06-23,S015,P0361,Medical,Central,184,107,137,114,216.66,0,Storm,No,238.79,Summer
2025-03-17,S001,P0017,Stationery,South,324,27,80,67,244.55,10,Cloudy,No,274.67,Summer
2025-09-01,S007,P0233,Food,South,191,115,158,147,867.69,10,Sunny,Yes,857.72,Monsoon
2024-06-10,S004,P0378,Electronics,North,179,51,105,74,808.63,0,Storm,No,780.72,Winter
2025-05-17,S010,P0427,Medical,South,141,90,116,93,561.61,15,Sunny,No,525.82,Winter
2024-12-13,S016,P0036,Food,North,239,79,107,88,228.08,15,Rainy,No,266.67,Summer
2024-12-22,S012,P0402,Clothing,Central,478,94,158,126,684.05,0,Rainy,No,725.35,Spring
2024-06-11,S007,P0439,Electronics,West,389,66,108,69,430.28,10,Sunny,Yes,400.19,Winter
2025-10-21,S016,P0286,Clothing,South,326,83,117,82,426.49,20,Storm,No,442.61,Monsoon
2024-04-15,S015,P0441,Stationery,East,181,33,76,48,792.28,0,Sunny,No,811.58,Spring
2025-09-22,S013,P0266,Clothing,Central,323,18,59,51,996.85,20,Cloudy,No,978.22,Winter
2025-03-06,S013,P0388,Stationery,Central,166,110,151,136,213.41,0,Cloudy,No,172.13,Winter
2024-06-23,S001,P0367,Furniture,West,218,100,104,98,522.72,15,Rainy,Yes,544.38,Summer
2025-12-02,S003,P0219,Clothing,West,209,99,131,96,332.08,5,Sunny,Yes,296.54,Winter
2025-03-26,S010,P0262,Clothing,East,396,108,152,113,520.4,15,Cloudy,No,478.25,Summer
2024-01-31,S016,P0472,Clothing,North,22,64,113,95,784.74,15,Cloudy,No,808.55,Monsoon
2024-04-12,S008,P0440,Furniture,West,276,31,52,27,252.04,5,Rainy,Yes,290.61,Monsoon
2025-04-12,S015,P0030,Furniture,East,396,50,101,69,815.5,15,Sunny,No,852.98,Spring
2025-03-13,S012,P0365,Furniture,West,238,10,60,24,644.33,10,Sunny,Yes,596.26,Spring
2025-06-09,S009,P0255,Clothing,North,335,57,92,70,860.92,5,Cloudy,Yes,824.51,Summer
2025-11-19,S017,P0433,Furniture,East,159,6,55,39,203.54,15,Storm,Yes,205.58,Winter
2024-01-06,S013,P0324,Furniture,Central,471,13,47,38,17.65,20,Sunny,Yes,16.48,Summer
2025-05-03,S004,P0489,Medical,Central,61,77,105,73,596.49,5,Storm,Yes,602.39,Winter
2025-02-27,S015,P0216,Stationery,North,190,5,34,1,955.55,15,Sunny,Yes,979.25,Spring
2025-12-30,S003,P0171,Furniture,Central,245,92,110,102,134.88,5,Rainy,Yes,115.5,Winter
2025-02-17,S007,P0043,Medical,West,466,60,76,71,492.62,15,Cloudy,Yes,462.71,Winter
2024-09-02,S012,P0176,Medical,South,186,22,88,57,679.6,15,Storm,No,709.61,Monsoon
2024-03-05,S011,P0057,Food,South,67,115,146,138,327.28,15,Sunny,No,339.88,Summer
2025-04-25,S018,P0048,Stationery,South,68,103,130,114,539.45,5,Cloudy,Yes,530.79,Summer
2024-12-07,S019,P0213,Stationery,Central,32,29,49,31,408.23,15,Storm,No,389.35,Spring
2024-11-04,S018,P0073,Electronics,Central,350,100,135,108,702.85,10,Storm,Yes,723.74,Summer
2024-04-18,S009,P0421,Electronics,East,408,21,52,32,515.0,15,Sunny,Yes,560.84,Winter
2024-12-14,S014,P0166,Stationery,West,53,31,64,40,379.68,20,Storm,Yes,400.14,Spring
2024-09-29,S008,P0329,Medical,South,170,66,92,87,236.19,0,Cloudy,Yes,202.72,Winter
2025-03-10,S014,P0430,Food,East,208,104,131,123,614.77,20,Storm,Yes,659.2,Winter
2025-03-07,S013,P0226,Stationery,West,438,68,101,98,868.34,20,Storm,No,841.65,Monsoon
2024-04-07,S004,P0384,Electronics,Central,37,115,187,152,259.41,20,Rainy,Yes,256.32,Winter
2024-08-11,S017,P0094,Food,North,363,40,71,32,738.38,10,Storm,Yes,762.09,Summer
2024-02-24,S014,P0360,Clothing,North,128,15,47,47,442.77,15,Cloudy,No,420.91,Spring
2025-10-19,S017,P0321,Stationery,West,338,64,122,87,516.87,10,Cloudy,No,501.84,Spring
2024-03-28,S014,P0035,Stationery,Central,70,42,75,70,463.52,20,Sunny,No,497.78,Summer
2024-08-18,S007,P0486,Furniture,West,346,96,144,122,105.47,20,Storm,No,141.5,Spring
2025-07-09,S006,P0483,Food,East,358,82,141,108,308.65,0,Sunny,Yes,260.74,Winter
2024-11-20,S015,P0209,Clothing,North,488,22,34,28,105.67,5,Rainy,Yes,59.6,Monsoon
2024-07-01,S019,P0214,Stationery,North,449,77,123,85,379.83,15,Sunny,No,335.13,Summer
2025-08-27,S013,P0036,Furniture,Central,264,11,40,20,213.95,15,Storm,No,218.22,Spring
2025-01-20,S003,P0144,Stationery,South,97,19,61,49,341.92,10,Sunny,No,332.32,Summer
2025-11-12,S019,P0445,Medical,East,489,70,112,100,687.12,10,Rainy,Yes,692.97,Summer
2024-02-21,S001,P0445,Furniture,East,36,71,131,110,581.21,0,Sunny,No,562.39,Winter
2024-08-08,S007,P0040,Furniture,East,227,96,113,102,885.61,15,Rainy,No,907.89,Winter
2024-10-26,S013,P0084,Electronics,West,472,85,110,103,803.86,20,Storm,No,843.72,Summer
2025-10-19,S009,P0278,Furniture,North,332,27,25,23,817.49,15,Cloudy,Yes,781.07,Spring
2024-12-11,S009,P0352,Electronics,East,30,98,155,119,427.61,0,Storm,Yes,400.1,Spring
2025-12-16,S003,P0142,Clothing,West,349,86,101,96,614.23,15,Sunny,No,581.4,Monsoon
2025-12-07,S007,P0227,Medical,East,292,120,181,154,781.08,15,Storm,No,747.37,Winter
2025-11-23,S007,P0438,Stationery,Central,472,64,72,61,75.18,20,Sunny,No,82.25,Spring
2025-05-04,S015,P0296,Food,South,20,90,159,128,640.56,0,Cloudy,No,603.26,Monsoon
2024-07-06,S018,P0255,Medical,North,246,69,89,77,10.08,0,Storm,No,-17.98,Spring
2024-12-14,S010,P0308,Stationery,Central,446,77,124,86,96.8,20,Storm,No,88.26,Summer
2025-12-16,S013,P0257,Food,North,111,5,45,8,149.81,15,Rainy,No,155.1,Monsoon
2025-01-16,S013,P0455,Clothing,South,397,106,161,127,374.36,10,Sunny,Yes,357.13,Monsoon
2025-03-04,S012,P0236,Clothing,North,167,31,54,22,120.51,5,Cloudy,Yes,85.52,Summer
2024-06-16,S001,P0293,Clothing,East,235,55,79,64,695.29,10,Cloudy,No,718.38,Summer
2024-04-10,S005,P0414,Stationery,East,166,103,138,129,662.9,15,Storm,No,655.09,Spring
2024-01-03,S005,P0131,Clothing,Central,123,76,107,75,68.79,0,Storm,No,24.88,Winter
2025-10-06,S020,P0126,Stationery,South,255,88,130,115,601.84,15,Rainy,Yes,613.1,Summer
2024-07-19,S013,P0268,Medical,Central,289,62,114,79,517.24,20,Rainy,No,539.21,Winter
2025-04-03,S013,P0179,Furniture,South,127,76,139,112,967.1,0,Rainy,No,1008.21,Winter
2025-05-17,S018,P0500,Food,South,433,110,178,140,835.47,20,Cloudy,Yes,809.03,Winter
2025-08-16,S020,P0207,Electronics,South,329,71,86,62,942.57,10,Rainy,No,984.93,Summer
2025-08-31,S015,P0079,Stationery,South,485,112,190,151,727.45,0,Storm,No,731.57,Summer
2025-07-01,S015,P0413,Medical,West,65,119,140,112,410.12,15,Storm,Yes,434.22,Spring
2024-03-18,S014,P0257,Medical,Central,292,13,43,41,365.29,20,Rainy,Yes,359.07,Winter
2025-01-05,S009,P0072,Food,North,130,93,131,114,52.47,15,Sunny,Yes,18.25,Summer
2024-06-04,S017,P0275,Clothing,Central,163,76,140,110,503.12,15,Sunny,No,488.14,Spring
2024-03-24,S016,P0094,Clothing,West,128,23,69,50,31.22,5,Storm,Yes,75.66,Monsoon
2025-05-02,S018,P0476,Stationery,East,411,23,71,38,329.57,0,Rainy,No,326.08,Winter
2024-01-28,S009,P0331,Clothing,North,316,84,143,111,434.45,20,Cloudy,Yes,400.55,Monsoon
2025-09-23,S016,P0192,Clothing,South,34,44,95,66,750.16,10,Cloudy,No,772.24,Summer
2025-01-25,S019,P0310,Stationery,West,450,42,107,71,397.83,0,Storm,Yes,396.56,Summer
2024-06-13,S003,P0388,Clothing,South,92,94,130,111,871.55,15,Rainy,Yes,894.6,Winter
2024-05-31,S016,P0432,Food,Central,274,6,33,4,777.41,0,Storm,No,813.02,Summer
2025-07-04,S013,P0333,Medical,North,374,9,25,19,259.62,5,Sunny,No,296.7,Winter
2024-06-07,S013,P0314,Medical,North,409,118,141,110,348.62,0,Cloudy,No,304.09,Monsoon
2025-08-05,S012,P0484,Food,East,132,115,152,142,866.3,10,Rainy,Yes,841.91,Summer
2024-05-10,S003,P0098,Medical,Central,69,43,114,80,985.75,10,Cloudy,Yes,963.71,Spring
2025-02-15,S011,P0223,Medical,East,308,81,96,83,938.39,5,Sunny,No,943.55,Winter
2024-12-23,S014,P0421,Furniture,West,397,89,149,122,601.76,0,Sunny,Yes,553.06,Summer
2025-06-15,S003,P0233,Furniture,North,456,67,77,75,707.88,20,Storm,Yes,722.69,Summer
2024-03-11,S019,P0456,Medical,West,161,45,77,43,446.4,20,Rainy,Yes,454.7,Winter
2025-10-19,S002,P0165,Food,North,115,75,86,83,367.01,0,Rainy,Yes,367.26,Winter
2024-06-02,S017,P0291,Food,East,354,57,66,50,704.68,20,Cloudy,Yes,690.07,Monsoon
2024-10-05,S010,P0236,Electronics,Central,27,81,120,86,944.33,15,Rainy,No,929.65,Winter
2025-12-04,S013,P0195,Furniture,South,210,37,88,59,312.99,15,Sunny,Yes,266.68,Monsoon
2025-02-05,S012,P0006,Electronics,South,23,79,129,110,279.49,15,Rainy,No,316.65,Winter
2025-03-03,S012,P0015,Clothing,Central,222,85,122,98,438.44,0,Sunny,No,473.08,Monsoon
2025-12-13,S016,P0294,Stationery,South,254,59,101,70,542.45,20,Sunny,No,513.73,Spring
2024-09-29,S011,P0446,Furniture,North,135,64,99,63,844.9,0,Storm,Yes,865.39,Winter
2024-01-28,S008,P0087,Electronics,North,90,63,97,80,502.12,10,Sunny,Yes,470.85,Summer
2025-03-23,S018,P0056,Furniture,South,351,58,104,96,242.21,15,Sunny,Yes,211.42,Winter
2024-09-26,S013,P0112,Furniture,South,209,25,61,30,538.67,0,Storm,No,509.4,Summer
2025-01-08,S011,P0472,Medical,North,233,45,95,60,398.76,20,Sunny,Yes,352.17,Monsoon
2025-07-23,S012,P0443,Electronics,North,314,89,114,101,549.03,10,Cloudy,No,545.94,Summer
2025-12-02,S002,P0493,Food,West,298,93,151,130,459.52,0,Cloudy,Yes,465.5,Monsoon
2025-06-27,S009,P0219,Food,North,286,116,135,113,673.01,0,Cloudy,No,718.53,Winter
2025-04-10,S013,P0201,Food,Central,67,9,27,1,919.52,15,Cloudy,No,953.86,Monsoon
2025-11-14,S016,P0218,Food,East,190,35,114,74,688.13,5,Cloudy,Yes,687.89,Summer
2025-11-09,S014,P0093,Furniture,West,137,40,56,48,240.66,20,Storm,No,200.89,Monsoon
2025-09-20,S018,P0265,Furniture,West,350,18,66,41,105.73,15,Rainy,No,144.38,Winter
2025-11-06,S007,P0040,Stationery,South,211,101,116,104,95.84,10,Cloudy,No,54.05,Winter
2024-04-21,S010,P0158,Food,Central,247,119,119,109,490.3,10,Rainy,No,487.78,Summer
2024-06-28,S014,P0286,Furniture,South,136,103,139,132,487.76,15,Cloudy,No,445.37,Monsoon
2025-11-08,S016,P0156,Electronics,Central,120,20,63,23,708.11,10,Storm,No,727.73,Spring
2024-10-07,S014,P0054,Stationery,West,34,115,145,133,613.98,5,Cloudy,No,621.45,Monsoon
2025-03-25,S010,P0135,Furniture,East,268,80,109,106,391.02,20,Sunny,Yes,430.84,Winter
2025-09-03,S012,P0473,Furniture,Central,181,38,69,49,87.15,5,Storm,Yes,66.09,Monsoon
2025-07-14,S002,P0457,Stationery,West,148,5,28,1,846.45,0,Cloudy,Yes,863.53,Monsoon
2024-11-09,S001,P0050,Clothing,West,186,32,68,37,692.2,10,Sunny,No,726.51,Spring
2025-11-20,S008,P0097,Food,West,75,53,105,86,993.79,10,Cloudy,Yes,1031.9,Winter
2024-07-25,S016,P0057,Medical,East,156,14,75,44,511.76,0,Storm,Yes,523.62,Monsoon
2024-12-19,S012,P0168,Medical,South,72,44,93,71,107.65,20,Storm,Yes,143.37,Spring
2025-07-16,S017,P0026,Medical,East,38,116,146,135,598.82,15,Rainy,Yes,621.47,Spring
2025-07-07,S001,P0422,Medical,Central,179,72,99,70,716.38,5,Sunny,No,731.59,Winter
2024-11-15,S001,P0194,Stationery,North,390,54,77,61,346.98,5,Cloudy,No,299.17,Winter
2025-11-21,S007,P0028,Electronics,South,332,83,108,76,92.81,20,Storm,No,90.75,Summer
2024-05-22,S014,P0314,Clothing,North,433,63,74,64,214.66,15,Cloudy,Yes,186.86,Summer
2025-10-26,S012,P0108,Clothing,South,217,118,131,110,589.29,10,Rainy,No,585.72,Monsoon
2024-09-23,S007,P0394,Clothing,East,321,31,46,24,862.6,20,Sunny,Yes,859.42,Monsoon
2025-09-21,S001,P0313,Medical,Central,320,60,77,68,426.6,15,Storm,Yes,459.0,Spring
2024-09-18,S013,P0149,Electronics,North,471,6,60,40,98.82,5,Sunny,Yes,60.27,Spring
2025-01-10,S010,P0454,Furniture,West,234,44,82,79,973.73,5,Sunny,Yes,993.54,Spring
2024-05-10,S009,P0105,Clothing,West,296,101,168,132,662.3,5,Rainy,No,631.23,Monsoon
2025-01-11,S016,P0143,Food,East,468,120,181,145,175.55,10,Rainy,No,131.93,Spring
2025-04-14,S017,P0345,Medical,East,201,55,88,68,111.11,20,Storm,Yes,145.71,Summer
2025-03-14,S001,P0041,Furniture,South,271,57,96,74,774.75,0,Sunny,Yes,745.77,Summer
2025-10-21,S009,P0092,Electronics,East,409,94,148,117,362.87,5,Cloudy,Yes,376.97,Monsoon
2024-10-22,S017,P0270,Stationery,South,366,104,163,142,756.98,15,Storm,Yes,735.83,Summer
2025-01-05,S008,P0478,Clothing,South,97,52,73,60,45.56,5,Sunny,No,89.38,Winter
2025-05-16,S014,P0488,Medical,Central,120,92,124,100,425.78,0,Rainy,No,469.81,Spring
2024-04-14,S002,P0341,Electronics,North,203,65,124,104,421.07,0,Rainy,Yes,372.79,Summer
2024-07-02,S004,P0092,Electronics,West,475,18,61,53,217.55,10,Rainy,Yes,263.67,Summer
2024-06-05,S014,P0420,Furniture,South,304,50,62,56,269.14,5,Storm,Yes,312.69,Winter
2024-10-29,S004,P0428,Medical,West,155,45,77,47,115.34,0,Storm,No,92.01,Spring
2025-07-17,S004,P0107,Furniture,West,276,108,105,100,682.2,10,Cloudy,Yes,708.36,Summer
2024-06-28,S002,P0107,Furniture,West,381,92,119,107,344.32,10,Rainy,Yes,335.77,Winter
2024-12-15,S004,P0182,Clothing,East,247,15,70,41,254.87,5,Cloudy,Yes,275.19,Spring
2025-07-26,S006,P0450,Furniture,East,393,65,122,82,780.41,15,Storm,No,731.07,Winter
2025-11-23,S017,P0311,Electronics,Central,318,34,63,24,615.84,20,Cloudy,Yes,619.25,Spring
2025-12-13,S019,P0112,Stationery,Central,307,60,117,81,991.29,20,Sunny,Yes,998.43,Monsoon
2025-07-29,S003,P0307,Stationery,North,438,92,128,111,394.89,5,Sunny,Yes,368.34,Monsoon
2024-04-03,S013,P0464,Furniture,West,205,48,76,45,849.61,10,Rainy,No,851.58,Summer
2024-07-26,S014,P0493,Food,Central,104,117,139,137,139.26,20,Storm,No,149.71,Monsoon
2024-08-05,S013,P0182,Electronics,East,55,16,40,30,914.64,0,Cloudy,No,935.88,Summer
2025-09-20,S003,P0010,Clothing,East,498,56,115,92,687.57,10,Storm,No,712.48,Winter
2025-11-09,S019,P0213,Electronics,Central,43,31,67,64,998.3,5,Cloudy,No,994.39,Spring
2025-09-14,S009,P0291,Clothing,East,116,47,89,70,211.77,5,Rainy,Yes,180.6,Summer
2024-12-19,S001,P0388,Medical,Central,382,116,168,141,54.92,5,Sunny,Yes,69.19,Monsoon
2024-02-18,S010,P0382,Electronics,East,354,78,153,114,588.9,10,Sunny,No,551.31,Winter
2025-07-25,S009,P0367,Furniture,Central,198,6,43,38,706.99,10,Storm,Yes,704.91,Spring
2024-09-17,S011,P0355,Clothing,South,56,118,129,119,805.71,10,Rainy,No,800.93,Monsoon
2024-08-04,S018,P0489,Electronics,West,327,97,112,112,848.78,5,Cloudy,No,824.13,Summer
2025-01-11,S006,P0232,Food,Central,364,35,86,61,532.64,10,Rainy,Yes,557.79,Winter
2025-07-15,S009,P0453,Furniture,Central,351,75,81,71,160.89,15,Sunny,No,149.87,Winter
2024-06-14,S008,P0184,Electronics,East,24,82,149,120,591.05,0,Sunny,Yes,601.79,Spring
2024-12-15,S012,P0459,Furniture,South,352,32,44,37,445.46,5,Storm,No,462.53,Winter
2025-06-28,S018,P0236,Furniture,East,219,11,35,20,473.03,15,Rainy,No,515.13,Winter
2025-05-19,S001,P0103,Furniture,East,90,9,49,42,330.1,5,Storm,No,302.82,Monsoon
2025-03-31,S004,P0183,Electronics,Central,410,37,43,31,924.72,5,Storm,Yes,881.71,Monsoon
2025-07-06,S007,P0045,Clothing,East,404,106,159,140,166.3,15,Rainy,Yes,181.9,Winter
2024-07-30,S013,P0328,Clothing,South,348,88,133,97,126.32,0,Storm,No,111.9,Spring
2024-03-31,S010,P0167,Furniture,South,126,56,91,65,882.85,5,Rainy,Yes,865.72,Summer
2024-11-28,S020,P0229,Medical,Central,371,32,73,41,663.35,5,Rainy,No,695.74,Spring
2024-12-29,S004,P0343,Medical,West,244,63,108,73,247.5,5,Sunny,No,232.15,Monsoon
2024-01-07,S002,P0080,Clothing,East,241,41,45,36,204.32,0,Storm,Yes,186.67,Winter
2025-04-08,S001,P0491,Furniture,East,475,47,43,37,405.88,5,Sunny,No,405.62,Winter
2024-01-17,S014,P0479,Clothing,South,365,49,71,47,949.06,15,Storm,Yes,919.16,Winter
2024-07-10,S016,P0215,Medical,West,486,116,147,131,687.37,10,Storm,No,657.64,Monsoon
2025-02-03,S001,P0457,Electronics,South,265,85,110,86,599.9,15,Rainy,Yes,620.83,Summer
2025-05-14,S001,P0088,Stationery,West,334,104,164,129,949.71,0,Storm,Yes,982.7,Spring
2024-03-13,S010,P0377,Food,East,171,114,160,142,626.86,20,Storm,Yes,612.04,Spring
2024-02-12,S005,P0204,Electronics,West,427,31,73,55,587.33,10,Rainy,Yes,634.8,Spring
2025-08-02,S019,P0468,Food,West,180,95,114,110,313.78,0,Sunny,No,339.11,Summer
2025-09-27,S002,P0467,Medical,Central,470,29,50,29,953.65,15,Cloudy,Yes,956.43,Spring
2025-08-05,S003,P0041,Furniture,North,27,29,36,22,292.75,15,Rainy,No,316.42,Summer
2024-01-26,S012,P0327,Medical,East,445,112,151,143,904.91,20,Sunny,Yes,917.44,Summer
2024-02-06,S018,P0077,Furniture,South,257,24,35,23,55.25,5,Cloudy,Yes,29.5,Winter
2025-12-16,S008,P0278,Stationery,West,81,35,104,65,586.74,15,Rainy,No,628.67,Spring
2025-02-03,S006,P0067,Medical,West,244,73,88,73,397.59,20,Storm,No,419.02,Winter
2024-11-07,S001,P0460,Food,South,150,92,130,98,383.03,15,Sunny,No,360.11,Winter
2024-11-12,S004,P0301,Medical,West,366,91,156,116,305.77,20,Rainy,Yes,317.21,Summer
2025-08-27,S008,P0473,Stationery,South,283,15,22,9,20.0,0,Sunny,No,21.77,Winter
2025-08-16,S008,P0458,Furniture,North,381,75,76,72,703.74,15,Cloudy,Yes,712.83,Spring
2024-10-13,S019,P0086,Medical,Central,312,48,59,41,290.04,5,Sunny,Yes,284.14,Monsoon
2025-10-27,S014,P0415,Furniture,East,155,102,125,99,95.6,15,Sunny,No,104.79,Winter
2025-11-01,S001,P0461,Stationery,East,353,59,71,63,248.12,0,Storm,No,217.7,Winter
2024-02-08,S004,P0368,Clothing,South,144,65,91,81,183.46,10,Cloudy,Yes,193.56,Monsoon
2024-03-26,S004,P0211,Clothing,East,430,60,84,64,498.14,0,Storm,No,547.47,Monsoon
2025-05-05,S004,P0398,Electronics,South,74,110,122,112,687.78,20,Sunny,No,643.65,Monsoon
2025-12-02,S002,P0049,Clothing,West,81,112,143,108,373.96,0,Sunny,Yes,415.53,Summer
2025-01-14,S017,P0304,Electronics,North,147,118,169,129,787.58,15,Cloudy,Yes,788.52,Winter
2024-05-23,S013,P0203,Electronics,South,374,36,74,47,235.53,0,Storm,Yes,225.44,Spring
2025-07-28,S015,P0263,Stationery,West,318,28,80,47,897.16,20,Sunny,Yes,902.76,Summer
2025-06-28,S001,P0332,Stationery,East,137,44,93,65,749.7,10,Storm,Yes,797.18,Winter
2025-10-04,S003,P0357,Clothing,Central,304,8,42,9,172.96,0,Rainy,No,144.52,Winter
2024-11-04,S015,P0273,Stationery,Central,397,34,42,25,762.64,10,Cloudy,Yes,750.82,Monsoon
2025-07-30,S003,P0303,Food,West,231,33,79,42,932.73,0,Rainy,Yes,958.8,Monsoon
2025-01-03,S007,P0323,Electronics,South,23,12,24,18,622.27,0,Sunny,No,638.93,Spring
2025-02-03,S013,P0285,Stationery,East,56,66,80,56,705.81,0,Storm,No,694.58,Summer
2025-10-18,S003,P0263,Electronics,Central,35,81,135,104,135.21,10,Storm,No,162.05,Summer
2024-08-19,S010,P0256,Food,South,419,40,62,46,65.2,10,Sunny,Yes,59.19,Spring
2024-07-19,S001,P0487,Stationery,East,352,56,56,55,710.09,20,Cloudy,Yes,667.53,Spring
2025-12-18,S002,P0358,Food,West,100,115,121,117,895.33,0,Storm,Yes,851.58,Spring
2024-05-17,S012,P0263,Clothing,North,71,94,141,118,788.82,20,Cloudy,No,760.37,Winter
2025-01-09,S012,P0197,Stationery,East,375,63,68,58,833.39,10,Sunny,No,822.22,Monsoon
2025-02-08,S004,P0072,Electronics,West,219,58,83,77,341.82,0,Sunny,Yes,388.93,Winter
2025-12-10,S016,P0324,Medical,South,192,85,144,108,199.85,10,Storm,Yes,206.82,Monsoon
2024-12-13,S008,P0097,Clothing,Central,90,49,94,68,87.4,0,Cloudy,Yes,108.54,Spring
2024-03-08,S009,P0105,Clothing,South,278,60,133,93,521.37,5,Rainy,No,546.55,Monsoon
2024-08-10,S019,P0279,Medical,South,86,110,107,107,73.9,5,Sunny,Yes,45.8,Monsoon
2024-01-08,S019,P0339,Electronics,North,44,36,83,57,351.25,10,Cloudy,Yes,384.62,Monsoon
2025-03-19,S002,P0345,Stationery,Central,190,99,98,89,835.75,15,Sunny,No,840.58,Winter
2024-05-26,S013,P0310,Electronics,Central,369,64,139,101,567.99,10,Sunny,Yes,557.08,Spring
2024-09-30,S014,P0041,Food,South,291,101,137,125,386.59,15,Storm,No,395.27,Spring
2024-03-09,S019,P0362,Clothing,South,253,95,134,114,193.36,15,Storm,Yes,214.95,Monsoon
2024-10-05,S003,P0344,Stationery,East,382,74,143,104,467.52,20,Sunny,Yes,471.94,Monsoon
2024-12-01,S002,P0406,Medical,West,446,25,93,65,754.72,15,Cloudy,No,708.26,Winter
2024-11-25,S018,P0273,Stationery,West,240,25,49,31,844.17,20,Storm,No,802.2,Winter
2024-04-13,S002,P0225,Clothing,North,135,118,151,144,920.94,5,Cloudy,Yes,923.5,Winter
2024-04-13,S006,P0280,Stationery,North,143,40,103,69,859.88,5,Cloudy,Yes,865.09,Monsoon
2025-02-03,S015,P0475,Furniture,South,110,44,98,64,443.09,5,Storm,Yes,472.63,Spring
2024-08-20,S010,P0159,Food,Central,139,11,69,33,21.39,10,Cloudy,Yes,3.24,Summer
2024-03-05,S014,P0053,Food,West,402,10,58,38,302.96,20,Rainy,Yes,291.66,Spring
2025-08-02,S017,P0433,Clothing,West,497,5,70,31,85.23,20,Storm,No,96.31,Winter
2025-04-21,S012,P0207,Stationery,South,29,81,130,107,126.92,0,Cloudy,No,98.46,Spring
2024-05-16,S012,P0233,Medical,East,55,12,88,48,599.13,5,Cloudy,Yes,601.8,Winter
2024-02-26,S013,P0349,Furniture,North,411,37,63,46,82.96,15,Cloudy,No,118.1,Summer
2025-05-23,S018,P0291,Furniture,Central,210,60,70,59,31.52,0,Rainy,Yes,26.62,Monsoon
2024-07-17,S001,P0495,Stationery,West,255,8,19,5,645.65,15,Rainy,Yes,665.89,Summer
2024-06-05,S005,P0117,Stationery,West,476,98,138,105,980.57,5,Storm,No,1013.66,Spring
2025-05-18,S006,P0142,Electronics,East,263,83,114,90,394.09,20,Cloudy,Yes,376.61,Spring
2025-10-27,S016,P0445,Stationery,East,307,82,139,104,730.88,15,Storm,No,725.01,Monsoon
2025-11-23,S019,P0092,Clothing,South,403,61,109,86,400.53,10,Storm,Yes,387.2,Monsoon
2025-01-30,S012,P0074,Furniture,Central,295,92,129,90,671.74,10,Storm,Yes,630.86,Monsoon
2024-04-20,S003,P0141,Clothing,Central,64,75,124,94,534.99,5,Storm,No,510.95,Spring
2024-11-03,S001,P0099,Electronics,Central,247,57,108,96,588.35,0,Storm,Yes,633.75,Spring
2025-05-13,S017,P0343,Food,West,467,77,96,93,876.14,20,Cloudy,Yes,876.69,Winter
2024-12-04,S005,P0422,Electronics,West,371,94,105,85,475.96,10,Rainy,No,466.3,Spring
2024-12-04,S003,P0068,Electronics,East,67,73,134,109,858.98,0,Sunny,Yes,843.59,Summer
2025-10-05,S014,P0339,Medical,West,335,69,130,100,627.29,20,Cloudy,Yes,652.16,Monsoon
2025-03-23,S020,P0213,Food,North,449,57,56,50,499.2,10,Sunny,No,505.87,Monsoon
2025-12-09,S013,P0490,Clothing,East,463,26,51,27,315.16,5,Rainy,No,291.46,Spring
2025-07-28,S001,P0482,Furniture,South,251,106,128,108,123.6,20,Storm,Yes,97.45,Winter
2024-08-07,S020,P0266,Electronics,North,354,15,40,37,69.27,0,Cloudy,No,93.94,Monsoon
2024-12-06,S006,P0118,Medical,North,204,62,126,95,254.13,5,Rainy,Yes,219.1,Winter
2025-07-16,S009,P0320,Medical,South,425,110,155,140,421.73,20,Cloudy,Yes,452.91,Monsoon
2025-02-03,S015,P0457,Clothing,Central,327,71,140,109,214.25,20,Cloudy,No,262.3,Spring
2024-05-25,S010,P0201,Medical,Central,262,18,61,49,471.58,5,Cloudy,No,447.52,Winter
2025-09-08,S002,P0418,Food,South,51,53,69,68,577.93,15,Storm,No,580.38,Spring
2024-12-05,S009,P0138,Clothing,West,277,119,179,143,594.35,15,Rainy,Yes,562.09,Summer
2025-06-26,S006,P0235,Clothing,Central,370,40,88,80,690.46,0,Rainy,Yes,698.38,Winter
2025-12-02,S004,P0071,Stationery,Central,60,23,23,21,189.85,0,Cloudy,Yes,173.97,Summer
2025-01-27,S011,P0085,Furniture,West,280,40,52,32,297.75,0,Sunny,Yes,319.26,Spring
2025-05-25,S006,P0494,Stationery,West,263,52,85,46,63.4,0,Sunny,No,33.96,Summer
2024-10-20,S015,P0490,Clothing,Central,409,116,167,135,749.49,5,Cloudy,No,715.57,Monsoon
2025-10-13,S008,P0279,Stationery,East,132,14,56,53,818.87,5,Cloudy,Yes,782.9,Spring
2025-03-21,S006,P0040,Medical,West,475,66,74,71,749.52,20,Cloudy,No,733.81,Spring
2025-07-12,S003,P0077,Clothing,East,96,22,42,29,102.24,5,Rainy,Yes,120.28,Summer
2024-01-22,S014,P0231,Electronics,West,264,74,88,71,119.96,10,Storm,Yes,116.7,Monsoon
2024-09-16,S020,P0494,Food,North,479,96,126,107,738.77,15,Sunny,Yes,721.36,Winter
2025-01-17,S002,P0067,Clothing,South,433,101,161,135,802.41,15,Storm,No,773.5,Monsoon
2025-09-07,S017,P0147,Clothing,Central,391,107,138,124,576.17,10,Rainy,Yes,622.81,Winter
2025-08-09,S005,P0194,Furniture,South,27,29,76,41,682.5,20,Storm,No,703.7,Winter
2024-07-10,S001,P0089,Furniture,Central,271,86,118,80,163.07,10,Storm,Yes,131.5,Winter
2025-05-15,S020,P0423,Clothing,Central,147,60,116,76,314.49,15,Sunny,Yes,268.68,Spring
2025-11-09,S005,P0097,Medical,East,342,109,130,116,747.67,5,Sunny,Yes,732.22,Winter
2024-03-20,S002,P0276,Furniture,South,461,20,72,42,15.32,0,Rainy,Yes,61.37,Monsoon
2024-08-29,S012,P0197,Electronics,Central,87,100,102,100,546.37,5,Sunny,No,553.96,Spring
2025-01-27,S010,P0241,Medical,South,56,113,138,131,837.44,0,Cloudy,No,873.89,Monsoon
2025-08-01,S013,P0215,Clothing,North,334,97,100,93,905.52,5,Storm,No,912.29,Spring
2025-03-15,S001,P0123,Clothing,North,418,9,39,10,948.67,5,Rainy,No,910.78,Monsoon
2024-01-16,S012,P0080,Clothing,North,221,110,120,112,744.57,0,Storm,No,787.89,Monsoon
2025-03-17,S009,P0211,Medical,North,479,43,91,57,421.53,15,Cloudy,Yes,411.18,Monsoon
2024-01-09,S015,P0262,Clothing,West,28,5,8,1,219.61,15,Sunny,Yes,195.92,Spring
2024-09-03,S018,P0354,Furniture,South,279,108,121,109,959.24,5,Storm,No,941.75,Summer
2025-10-19,S009,P0061,Food,West,393,23,41,26,275.89,0,Storm,No,237.45,Spring
2025-07-05,S012,P0307,Electronics,North,235,109,131,126,51.88,0,Storm,Yes,5.45,Monsoon
2025-05-26,S017,P0341,Medical,North,331,101,145,106,223.09,5,Cloudy,Yes,268.8,Summer
2025-02-08,S011,P0497,Stationery,East,321,87,144,120,964.15,5,Cloudy,Yes,922.77,Winter
2025-05-30,S007,P0057,Medical,South,266,52,94,73,466.32,0,Rainy,Yes,511.01,Spring
2024-02-25,S011,P0009,Electronics,South,360,99,140,123,281.87,15,Sunny,Yes,285.47,Monsoon
2025-11-23,S006,P0487,Food,East,172,114,145,110,941.58,5,Cloudy,No,953.19,Winter
2024-03-08,S003,P0025,Food,East,260,115,148,133,236.25,15,Rainy,No,252.36,Winter
2024-12-20,S008,P0041,Stationery,North,170,106,178,142,491.53,5,Rainy,No,488.83,Summer
2025-10-24,S020,P0384,Electronics,West,351,66,105,85,424.22,20,Sunny,No,434.77,Winter
2025-06-01,S004,P0044,Stationery,Central,242,83,97,97,614.62,10,Rainy,Yes,603.04,Winter
2025-12-24,S008,P0012,Medical,West,28,66,108,76,436.46,5,Cloudy,Yes,422.56,Summer
2025-12-08,S019,P0209,Medical,North,213,30,43,27,582.47,5,Storm,Yes,582.63,Spring
2024-11-23,S019,P0492,Food,East,351,55,106,79,225.77,10,Rainy,Yes,241.73,Winter
2025-03-02,S011,P0397,Clothing,Central,434,110,185,149,891.95,20,Rainy,Yes,908.39,Winter
2024-07-21,S012,P0208,Stationery,South,429,111,157,123,68.47,20,Cloudy,No,96.18,Winter
2024-02-10,S008,P0472,Electronics,Central,279,71,97,83,297.36,20,Rainy,No,338.84,Summer
2025-04-08,S019,P0428,Stationery,South,452,108,158,126,785.57,10,Rainy,Yes,740.28,Winter
2025-01-30,S008,P0146,Electronics,South,359,65,91,60,457.4,0,Sunny,No,419.32,Summer
2025-03-23,S020,P0034,Medical,East,53,68,97,77,460.45,10,Sunny,Yes,421.0,Winter
2024-01-29,S009,P0423,Medical,Central,404,6,15,1,246.41,5,Sunny,No,268.55,Winter
2024-03-22,S018,P0443,Stationery,North,67,98,139,103,170.05,10,Rainy,No,186.1,Spring
2024-05-30,S003,P0266,Stationery,East,156,41,74,46,713.57,10,Storm,Yes,695.8,Monsoon
2025-12-05,S020,P0390,Food,East,345,74,123,111,214.3,15,Storm,Yes,258.7,Winter
2024-10-25,S017,P0404,Furniture,South,283,64,108,101,607.22,20,Rainy,No,632.61,Monsoon
2025-03-08,S003,P0070,Food,West,82,77,131,97,638.71,20,Storm,Yes,626.57,Spring
2025-08-10,S017,P0416,Stationery,West,452,77,106,77,870.6,0,Storm,No,888.11,Spring
2024-10-30,S011,P0308,Food,West,494,73,136,109,377.45,20,Storm,No,372.44,Summer
2025-12-09,S014,P0269,Furniture,South,360,106,168,136,25.52,15,Rainy,No,7.33,Summer
2024-08-17,S006,P0223,Food,Central,309,35,71,42,774.6,0,Storm,No,817.26,Spring
2024-02-23,S013,P0002,Stationery,East,248,36,101,67,905.66,10,Rainy,Yes,881.81,Spring
2024-08-03,S015,P0349,Medical,Central,89,13,31,18,13.0,10,Rainy,Yes,14.4,Summer
2025-11-23,S007,P0029,Medical,Central,100,80,134,112,340.33,15,Rainy,No,330.17,Winter
2025-03-25,S001,P0214,Furniture,South,326,98,129,125,834.21,20,Sunny,No,862.58,Monsoon
2024-08-18,S015,P0002,Stationery,Central,415,44,91,52,87.95,15,Cloudy,No,68.98,Spring
2024-05-07,S019,P0194,Furniture,East,77,95,123,113,300.21,20,Rainy,No,313.33,Monsoon
2024-02-18,S006,P0137,Electronics,Central,335,37,59,33,934.15,15,Storm,Yes,980.55,Spring
2024-02-28,S013,P0218,Food,North,62,118,168,153,151.25,0,Sunny,Yes,138.47,Spring
2024-05-01,S020,P0082,Stationery,North,257,19,26,9,788.18,20,Storm,Yes,795.41,Winter
2024-06-02,S002,P0161,Electronics,South,108,15,26,20,992.46,20,Cloudy,No,1007.24,Winter
2025-10-11,S009,P0467,Electronics,East,66,65,88,70,99.0,15,Storm,No,138.91,Monsoon
2024-11-03,S003,P0213,Clothing,Central,187,15,31,16,860.78,10,Sunny,No,847.2,Spring
2025-02-19,S010,P0261,Food,East,119,8,54,42,388.03,5,Sunny,Yes,389.28,Spring
2024-10-28,S001,P0033,Medical,North,154,31,52,41,900.31,10,Storm,No,935.03,Summer
2025-02-11,S016,P0249,Medical,North,152,64,80,55,654.77,20,Rainy,No,647.47,Winter
2024-11-12,S014,P0141,Medical,North,427,48,64,47,948.74,10,Cloudy,Yes,953.5,Monsoon
2024-01-26,S003,P0427,Medical,East,312,7,55,39,204.37,10,Sunny,No,227.86,Summer
2025-09-04,S007,P0075,Food,North,98,81,132,116,640.61,15,Sunny,Yes,627.01,Monsoon
2025-09-25,S008,P0495,Medical,East,355,79,86,75,434.97,10,Storm,Yes,482.89,Winter
2025-08-12,S013,P0440,Furniture,South,430,25,57,56,368.75,20,Rainy,Yes,328.26,Spring
2024-05-10,S004,P0057,Stationery,Central,182,79,91,83,872.47,15,Rainy,No,858.6,Winter
2024-05-23,S008,P0389,Medical,North,281,103,153,140,12.57,0,Rainy,Yes,5.33,Monsoon
2025-01-07,S019,P0224,Electronics,West,79,58,115,79,98.39,15,Sunny,Yes,88.39,Spring
2024-05-24,S008,P0375,Furniture,East,333,115,129,114,236.11,10,Rainy,Yes,242.61,Monsoon
2024-09-10,S012,P0358,Stationery,North,200,60,94,60,859.67,5,Cloudy,Yes,881.51,Monsoon
2024-04-16,S018,P0342,Medical,Central,156,106,155,124,99.16,15,Rainy,Yes,104.22,Summer
2024-10-24,S013,P0067,Medical,West,166,54,89,79,814.64,0,Sunny,Yes,804.66,Spring
2025-10-19,S006,P0112,Furniture,South,165,87,161,121,645.23,5,Cloudy,Yes,609.38,Spring
2024-07-23,S009,P0054,Clothing,East,251,116,154,141,398.82,0,Rainy,No,364.68,Monsoon
2025-05-03,S015,P0218,Clothing,South,197,83,90,73,265.58,10,Cloudy,No,285.24,Winter
2024-01-04,S011,P0094,Clothing,South,196,63,109,90,671.05,0,Rainy,Yes,659.72,Summer
2024-10-01,S004,P0296,Medical,East,173,111,152,118,757.24,10,Cloudy,Yes,779.93,Spring
2025-05-09,S011,P0343,Food,North,182,108,145,114,144.93,20,Storm,No,173.35,Summer
2024-12-20,S010,P0100,Stationery,West,425,96,92,86,708.86,5,Storm,Yes,677.58,Monsoon
2025-09-19,S005,P0220,Electronics,East,463,41,96,66,173.36,20,Rainy,Yes,148.39,Winter
2024-11-26,S017,P0090,Electronics,West,404,59,92,84,730.86,20,Sunny,Yes,766.39,Summer
2024-02-06,S019,P0141,Furniture,South,317,110,130,108,185.17,0,Cloudy,No,135.56,Spring
2025-08-01,S019,P0006,Furniture,East,61,32,35,25,495.0,20,Sunny,Yes,458.07,Winter
2025-11-19,S015,P0293,Medical,Central,487,26,56,26,601.71,5,Rainy,No,636.1,Monsoon
2024-08-04,S018,P0003,Stationery,West,106,60,102,100,239.71,5,Storm,Yes,219.67,Winter
2024-08-26,S013,P0278,Clothing,South,266,103,133,127,495.81,10,Cloudy,No,450.73,Winter
2025-06-02,S002,P0278,Clothing,North,281,119,181,144,375.49,20,Cloudy,Yes,341.66,Summer
2024-05-23,S019,P0299,Medical,West,350,115,163,137,917.22,0,Cloudy,No,869.37,Winter
2024-04-15,S010,P0427,Medical,West,418,61,81,58,992.48,0,Rainy,No,965.95,Summer
2025-12-14,S019,P0219,Medical,East,196,83,117,116,757.29,5,Rainy,No,738.9,Summer
2025-12-16,S003,P0172,Clothing,South,89,77,138,110,545.57,15,Cloudy,No,558.44,Spring
2024-03-24,S015,P0046,Medical,North,423,79,116,88,674.79,15,Sunny,Yes,629.95,Monsoon
2024-07-12,S016,P0092,Furniture,East,132,56,82,60,627.83,0,Sunny,No,640.38,Winter
2025-01-16,S004,P0338,Stationery,East,184,73,143,109,649.26,15,Rainy,No,641.31,Winter
2025-01-19,S017,P0390,Medical,Central,76,13,43,24,154.32,0,Cloudy,No,115.56,Winter
2025-09-30,S016,P0106,Furniture,West,95,97,156,132,331.99,20,Storm,No,315.57,Monsoon
2025-07-15,S001,P0392,Stationery,North,81,40,49,44,225.82,15,Sunny,Yes,265.95,Winter
2024-04-20,S009,P0121,Furniture,West,22,119,150,135,559.68,5,Cloudy,No,537.05,Monsoon
2024-03-23,S016,P0257,Stationery,East,361,70,138,98,659.77,0,Cloudy,Yes,673.94,Spring
2025-09-04,S002,P0457,Stationery,South,77,49,72,57,406.7,20,Cloudy,No,447.0,Monsoon
2025-06-30,S020,P0450,Electronics,North,324,31,40,22,620.85,0,Sunny,No,623.3,Monsoon
2025-02-14,S007,P0044,Food,West,333,74,107,69,540.43,5,Rainy,No,509.25,Spring
2024-10-21,S011,P0289,Medical,Central,28,102,151,136,710.54,15,Sunny,No,695.24,Monsoon
2024-01-22,S015,P0320,Food,East,284,19,36,12,452.94,0,Sunny,Yes,460.46,Monsoon
2025-09-11,S010,P0297,Clothing,East,103,111,136,102,388.66,5,Cloudy,Yes,411.09,Summer
2024-03-28,S019,P0494,Furniture,East,288,51,114,87,391.36,10,Storm,Yes,366.97,Summer
2025-02-24,S008,P0091,Electronics,North,284,75,104,97,17.15,20,Storm,Yes,54.47,Summer
2024-01-24,S006,P0168,Clothing,Central,271,85,157,124,129.46,15,Sunny,Yes,92.32,Winter
2024-06-18,S018,P0016,Food,Central,397,61,106,80,107.52,10,Cloudy,No,142.65,Summer
2024-09-26,S012,P0312,Food,West,219,64,82,81,70.49,5,Cloudy,No,100.94,Winter
2024-07-07,S012,P0045,Medical,West,193,37,68,46,549.61,15,Sunny,No,556.43,Winter
2024-03-09,S011,P0156,Stationery,East,444,89,140,124,37.77,20,Cloudy,No,83.45,Summer
2025-10-26,S020,P0234,Stationery,South,400,52,58,51,426.79,5,Sunny,No,431.96,Spring
2025-02-03,S006,P0008,Furniture,North,400,56,99,77,704.55,10,Cloudy,No,718.98,Spring
2024-01-10,S002,P0408,Food,West,227,120,167,132,75.04,5,Rainy,No,52.79,Summer
2024-12-01,S019,P0072,Furniture,West,41,91,146,120,737.58,0,Sunny,No,775.02,Spring
2024-06-24,S015,P0323,Food,South,125,114,156,142,364.54,15,Storm,No,314.66,Monsoon
2025-06-01,S011,P0336,Clothing,South,54,112,123,115,795.04,15,Storm,Yes,754.9,Winter
2025-11-18,S002,P0027,Furniture,East,450,75,86,73,210.23,5,Rainy,Yes,224.59,Monsoon
2025-02-12,S012,P0113,Furniture,North,261,98,108,107,783.04,0,Sunny,No,787.49,Spring
2024-10-29,S018,P0452,Food,East,376,69,93,73,851.63,5,Rainy,Yes,896.72,Monsoon
2025-07-09,S012,P0077,Stationery,Central,498,113,133,118,384.91,20,Storm,No,349.98,Monsoon
2025-06-17,S002,P0107,Furniture,South,259,101,119,95,390.16,20,Sunny,No,361.08,Winter
2025-04-22,S011,P0173,Food,East,21,17,48,39,870.65,0,Sunny,Yes,903.83,Monsoon
2024-04-12,S003,P0241,Medical,North,111,18,76,42,198.53,5,Cloudy,No,177.57,Monsoon
2025-10-06,S013,P0078,Clothing,South,207,117,164,137,739.5,20,Storm,No,765.02,Winter
2024-04-14,S016,P0355,Clothing,North,268,20,65,57,52.77,10,Storm,No,100.29,Spring
2024-12-18,S005,P0095,Clothing,South,461,108,148,137,216.11,0,Rainy,Yes,170.84,Spring
2024-04-03,S012,P0470,Electronics,Central,226,54,77,63,988.17,5,Storm,Yes,1011.77,Winter
2024-03-08,S020,P0477,Stationery,Central,55,45,82,43,170.07,0,Rainy,Yes,203.91,Spring
2025-04-27,S003,P0256,Stationery,South,239,85,99,91,56.99,0,Sunny,Yes,79.76,Winter
2024-02-11,S002,P0421,Clothing,South,333,116,114,113,956.19,10,Sunny,No,945.43,Monsoon
2025-01-31,S018,P0432,Medical,East,480,58,107,82,712.97,0,Rainy,No,665.06,Summer
2024-05-18,S020,P0005,Furniture,East,255,103,171,138,237.8,20,Rainy,Yes,278.38,Monsoon
2024-10-01,S014,P0183,Food,West,290,74,99,98,496.8,15,Storm,No,506.66,Monsoon
2024-08-06,S008,P0391,Electronics,South,312,50,88,78,558.59,0,Cloudy,No,534.22,Summer
2024-09-22,S017,P0136,Stationery,West,252,38,69,65,949.64,15,Sunny,Yes,903.05,Summer
2024-06-16,S009,P0233,Stationery,East,129,87,139,122,682.24,20,Cloudy,No,712.07,Spring
2025-09-26,S009,P0091,Electronics,East,425,116,172,153,308.2,10,Storm,Yes,266.24,Winter
2024-09-19,S019,P0044,Clothing,South,87,53,91,88,484.85,5,Rainy,No,455.15,Spring
2024-10-15,S009,P0188,Stationery,South,359,55,60,52,219.45,20,Cloudy,Yes,204.61,Summer
2025-03-28,S007,P0031,Medical,West,108,112,128,102,796.03,15,Sunny,Yes,809.88,Summer
2024-09-18,S007,P0289,Electronics,Central,224,76,101,91,60.36,15,Sunny,Yes,44.73,Summer
2025-06-13,S011,P0007,Food,South,498,92,123,118,514.98,5,Cloudy,No,553.32,Monsoon
2024-01-12,S009,P0213,Furniture,West,205,9,56,24,127.78,0,Cloudy,No,146.25,Spring
2024-06-13,S006,P0159,Furniture,Central,56,65,125,100,926.71,15,Sunny,No,964.26,Monsoon
2025-01-06,S015,P0176,Furniture,North,229,116,133,128,712.37,10,Sunny,No,721.65,Monsoon
2025-01-29,S001,P0046,Furniture,South,403,32,71,37,268.99,10,Rainy,Yes,247.38,Monsoon
2025-07-27,S008,P0029,Medical,Central,71,31,34,26,972.18,10,Rainy,Yes,1009.78,Summer
2025-10-31,S016,P0219,Food,Central,492,28,29,27,173.27,10,Storm,Yes,210.97,Spring
2025-06-27,S015,P0149,Electronics,North,123,94,129,119,557.17,15,Sunny,No,577.92,Spring
2024-08-14,S020,P0180,Medical,North,187,93,138,101,662.02,5,Sunny,Yes,648.55,Winter
2024-08-10,S007,P0222,Stationery,East,206,47,52,49,126.98,10,Storm,No,99.15,Summer
2025-04-21,S001,P0108,Stationery,North,51,59,119,79,334.98,15,Cloudy,Yes,314.82,Summer
2024-05-02,S016,P0093,Electronics,East,57,84,136,120,910.63,10,Cloudy,No,955.88,Summer
2024-06-15,S005,P0199,Medical,East,71,55,127,92,841.42,10,Cloudy,Yes,823.14,Monsoon
2025-06-19,S018,P0258,Clothing,Central,437,31,92,67,63.24,5,Rainy,Yes,28.12,Spring
2025-02-01,S011,P0482,Stationery,South,278,79,102,102,106.98,15,Cloudy,No,120.22,Monsoon
2024-07-19,S009,P0445,Electronics,West,36,45,59,46,749.34,15,Rainy,No,709.66,Winter
2025-04-16,S012,P0028,Furniture,Central,346,25,62,46,708.4,0,Cloudy,Yes,662.91,Spring
2025-08-06,S003,P0025,Clothing,Central,334,34,90,62,478.95,20,Cloudy,Yes,480.21,Monsoon
2025-09-03,S015,P0268,Clothing,North,32,99,127,111,178.95,10,Cloudy,Yes,184.56,Monsoon
2025-05-26,S019,P0389,Clothing,North,73,38,60,28,860.94,20,Cloudy,No,857.23,Summer
2024-05-17,S003,P0204,Medical,Central,322,19,62,50,461.54,20,Cloudy,Yes,414.93,Monsoon
2025-12-16,S019,P0159,Food,Central,264,113,143,128,237.46,20,Sunny,No,256.62,Winter
2024-11-17,S015,P0451,Food,West,355,108,145,134,769.49,20,Storm,No,749.69,Winter
2025-03-19,S015,P0285,Clothing,West,192,35,102,74,287.13,15,Rainy,No,310.63,Winter
2025-01-21,S013,P0413,Medical,East,171,35,54,50,656.53,0,Cloudy,Yes,615.97,Monsoon
2024-03-13,S006,P0162,Food,South,483,68,92,65,526.93,10,Cloudy,Yes,526.0,Summer
2024-11-28,S004,P0402,Clothing,Central,64,6,8,3,36.8,20,Sunny,No,39.14,Winter
2024-02-24,S010,P0240,Clothing,Central,63,16,61,53,54.99,0,Sunny,No,69.68,Spring
2025-08-05,S002,P0096,Stationery,North,243,17,61,44,887.26,5,Rainy,No,915.13,Monsoon
2025-12-11,S016,P0023,Medical,South,295,24,60,30,752.04,20,Storm,No,798.89,Spring
2024-10-02,S010,P0348,Food,North,394,29,63,45,171.95,10,Rainy,No,139.8,Winter
2025-10-06,S005,P0472,Electronics,West,183,110,168,150,404.5,15,Rainy,No,415.16,Summer
2024-05-14,S001,P0261,Food,South,421,101,155,140,703.78,20,Rainy,No,718.58,Monsoon
2024-12-24,S019,P0458,Stationery,North,138,79,120,97,875.39,0,Rainy,No,880.28,Spring
2025-12-18,S001,P0478,Furniture,West,458,81,105,103,956.81,20,Rainy,No,937.13,Summer
2025-11-05,S010,P0414,Food,Central,213,75,127,110,621.77,10,Sunny,No,582.65,Monsoon
2025-04-11,S001,P0429,Food,North,187,15,42,27,896.73,20,Rainy,Yes,863.4,Summer
2024-01-12,S014,P0327,Food,Central,369,7,41,1,180.57,15,Rainy,No,184.2,Spring
2024-11-17,S006,P0062,Furniture,Central,343,45,47,47,613.52,5,Sunny,No,581.62,Winter
2024-07-28,S005,P0117,Furniture,West,426,45,82,69,775.85,5,Rainy,Yes,797.54,Monsoon
2024-09-22,S017,P0479,Stationery,North,90,39,58,33,851.16,20,Cloudy,No,822.59,Summer
2025-11-17,S010,P0218,Food,North,104,32,77,65,135.63,20,Storm,Yes,179.57,Winter
2025-06-04,S004,P0123,Stationery,South,382,17,88,56,406.02,5,Storm,No,449.69,Summer
2024-03-23,S005,P0245,Electronics,North,418,38,72,50,827.15,10,Cloudy,No,821.81,Monsoon
2024-09-17,S007,P0252,Clothing,Central,104,27,80,59,617.18,15,Cloudy,Yes,587.24,Summer
2025-03-24,S001,P0426,Stationery,Central,449,39,52,43,736.88,0,Rainy,Yes,726.9,Spring
2025-05-14,S012,P0298,Medical,West,144,60,121,97,488.16,10,Storm,Yes,533.59,Monsoon
2025-04-24,S016,P0393,Medical,North,450,34,52,38,339.07,5,Rainy,Yes,339.22,Monsoon
2025-11-22,S004,P0488,Medical,South,48,46,101,63,734.09,15,Storm,Yes,722.07,Summer
2025-11-23,S002,P0451,Medical,Central,481,10,67,29,635.66,5,Cloudy,Yes,613.65,Summer
2024-09-25,S008,P0460,Food,South,356,22,89,60,334.45,0,Sunny,Yes,371.46,Spring
2025-12-10,S013,P0233,Food,East,445,7,8,1,451.75,10,Storm,Yes,435.04,Monsoon
2024-04-24,S020,P0405,Medical,Central,42,118,163,134,718.32,10,Sunny,No,694.36,Winter
2025-12-18,S001,P0415,Furniture,East,224,67,128,97,524.17,20,Rainy,Yes,479.4,Winter
2024-01-10,S004,P0400,Clothing,East,306,32,55,36,129.45,20,Sunny,Yes,127.43,Summer
2024-02-26,S012,P0138,Furniture,North,417,112,148,116,943.76,0,Rainy,No,912.8,Summer
2024-04-21,S009,P0283,Medical,Central,97,96,145,122,798.04,0,Sunny,No,827.51,Monsoon
2025-08-01,S005,P0448,Food,Central,454,77,110,96,146.75,5,Sunny,Yes,160.96,Summer
2025-12-18,S002,P0215,Furniture,North,359,78,127,102,218.56,20,Cloudy,No,177.97,Spring
2025-07-29,S019,P0387,Clothing,Central,232,30,36,22,547.41,15,Storm,No,555.29,Winter
2025-04-23,S009,P0140,Clothing,Central,352,53,126,87,949.49,15,Sunny,Yes,984.16,Monsoon
2024-03-24,S006,P0166,Clothing,West,41,18,45,29,672.21,15,Rainy,Yes,700.03,Winter
2025-05-31,S008,P0009,Furniture,South,402,10,64,33,144.22,20,Storm,Yes,124.36,Spring
2025-12-08,S006,P0250,Stationery,South,484,111,134,124,123.49,10,Rainy,Yes,157.75,Winter
2025-12-18,S008,P0278,Furniture,West,156,33,45,41,730.95,15,Storm,No,776.77,Monsoon
2025-08-19,S009,P0209,Electronics,East,244,21,68,40,471.5,20,Rainy,No,472.39,Spring
2024-12-05,S018,P0489,Food,Central,346,61,72,69,617.62,20,Storm,Yes,590.85,Spring
2025-12-12,S016,P0246,Furniture,West,168,101,126,116,618.11,20,Sunny,No,577.45,Summer
2025-09-03,S016,P0277,Furniture,North,21,74,73,68,784.28,0,Rainy,No,737.48,Summer
2025-05-03,S006,P0096,Clothing,North,347,37,68,31,544.59,0,Sunny,Yes,515.37,Summer
2025-10-01,S012,P0136,Stationery,East,365,24,54,24,973.07,10,Cloudy,No,987.92,Spring
2024-06-13,S015,P0419,Stationery,West,247,71,130,92,838.05,10,Sunny,No,816.32,Monsoon
2024-01-25,S005,P0445,Electronics,West,228,55,104,80,454.86,20,Sunny,Yes,479.43,Spring
2025-03-15,S005,P0163,Stationery,Central,331,73,85,73,458.12,0,Rainy,Yes,490.34,Spring
2025-06-14,S003,P0091,Electronics,South,460,103,160,124,38.79,0,Storm,Yes,6.47,Monsoon
2025-07-22,S013,P0088,Furniture,East,77,51,98,68,84.21,5,Sunny,Yes,130.22,Summer
2024-11-20,S006,P0409,Medical,South,234,21,92,60,866.58,10,Cloudy,Yes,839.56,Winter
2024-06-20,S002,P0289,Electronics,Central,201,118,160,152,67.79,10,Rainy,Yes,42.35,Summer
2024-10-25,S001,P0099,Electronics,West,266,84,125,99,436.73,15,Rainy,No,438.04,Winter
2025-09-21,S018,P0485,Clothing,Central,332,32,74,52,89.57,15,Sunny,No,81.16,Winter
2025-12-31,S011,P0035,Medical,South,324,99,144,113,567.73,0,Sunny,No,573.39,Spring
2024-12-24,S012,P0480,Food,Central,147,106,149,128,100.27,20,Cloudy,No,76.51,Summer
2025-12-11,S018,P0232,Stationery,Central,149,11,10,7,837.3,10,Storm,Yes,873.76,Summer
2024-12-13,S008,P0458,Stationery,North,261,105,161,141,56.84,5,Rainy,Yes,40.47,Spring
2024-06-21,S008,P0349,Electronics,West,210,39,83,47,811.05,10,Cloudy,Yes,823.57,Monsoon
2024-09-14,S016,P0267,Furniture,Central,420,59,107,79,157.03,20,Sunny,No,144.55,Monsoon
2024-03-23,S016,P0319,Clothing,North,228,30,54,54,406.66,5,Sunny,No,397.09,Summer
2025-04-22,S009,P0273,Electronics,South,388,22,61,22,963.22,0,Storm,Yes,963.17,Monsoon
2025-10-11,S020,P0186,Food,East,361,103,134,115,258.33,5,Sunny,No,267.84,Monsoon
2025-07-27,S011,P0366,Food,North,173,14,61,44,574.93,5,Rainy,Yes,578.7,Summer
2024-12-31,S007,P0213,Medical,South,482,13,39,8,775.54,20,Sunny,No,789.01,Monsoon
2025-02-05,S020,P0099,Electronics,West,37,65,71,55,236.57,0,Rainy,No,235.26,Winter
2024-02-04,S009,P0229,Stationery,Central,297,91,117,97,403.07,0,Storm,Yes,428.62,Summer
2025-03-07,S011,P0259,Clothing,South,191,11,68,34,714.35,20,Storm,No,712.98,Winter
2025-03-12,S004,P0295,Medical,Central,384,58,120,80,52.71,15,Storm,No,35.71,Monsoon
2025-12-23,S011,P0151,Clothing,West,263,29,80,69,92.66,15,Cloudy,No,142.07,Spring
2024-01-24,S017,P0343,Furniture,East,223,10,73,33,796.9,10,Cloudy,No,802.11,Monsoon
2024-08-25,S011,P0219,Clothing,South,495,26,68,45,315.1,0,Storm,No,337.7,Winter
2024-03-27,S020,P0290,Medical,North,496,87,123,99,170.24,15,Sunny,No,209.01,Summer
2025-04-06,S008,P0419,Electronics,West,433,80,80,79,54.64,10,Cloudy,No,30.12,Winter
2025-02-13,S008,P0249,Clothing,East,371,56,105,86,568.49,5,Rainy,Yes,604.7,Summer
2024-08-20,S010,P0262,Clothing,Central,354,16,59,22,256.51,5,Rainy,Yes,242.28,Winter
2025-02-07,S003,P0018,Medical,North,239,60,83,70,266.1,20,Sunny,Yes,260.95,Winter
2024-01-01,S003,P0239,Medical,North,40,7,20,10,750.03,15,Storm,No,740.96,Monsoon
2025-12-11,S016,P0399,Food,East,339,95,126,122,397.56,5,Sunny,Yes,442.9,Monsoon
2024-06-14,S007,P0189,Furniture,West,201,12,55,50,162.59,20,Cloudy,Yes,124.23,Spring
2024-03-15,S005,P0311,Furniture,South,323,64,104,79,908.97,15,Sunny,Yes,875.69,Winter
2025-04-30,S001,P0277,Furniture,East,471,92,91,84,444.14,10,Storm,No,424.99,Winter
2025-05-14,S005,P0492,Furniture,South,400,46,65,36,552.13,5,Sunny,No,511.65,Summer
2024-10-06,S001,P0430,Stationery,South,326,68,93,82,112.03,15,Storm,No,90.7,Winter
2024-11-01,S017,P0351,Medical,Central,74,53,95,60,735.5,15,Rainy,Yes,754.97,Spring
2025-11-21,S017,P0149,Stationery,Central,466,117,127,119,450.8,15,Storm,Yes,404.01,Monsoon
2025-01-10,S019,P0415,Electronics,East,491,50,82,81,77.35,0,Cloudy,Yes,93.12,Monsoon
2024-07-14,S019,P0199,Clothing,East,473,120,167,131,371.67,0,Storm,Yes,330.07,Monsoon
2025-09-30,S009,P0161,Furniture,North,460,42,71,48,681.19,20,Sunny,Yes,687.95,Winter
2025-10-17,S003,P0127,Stationery,West,409,31,87,53,669.56,0,Sunny,No,682.72,Summer
2024-03-09,S016,P0182,Furniture,North,92,17,9,7,293.44,20,Sunny,Yes,291.95,Monsoon
2025-07-18,S017,P0197,Furniture,South,240,45,65,54,353.58,10,Rainy,Yes,374.34,Monsoon
2024-09-29,S013,P0255,Furniture,Central,165,108,133,104,97.62,10,Rainy,Yes,143.96,Spring
2025-08-10,S016,P0073,Stationery,South,447,9,28,28,834.87,10,Cloudy,Yes,852.82,Monsoon
2024-03-25,S001,P0021,Clothing,Central,256,117,170,130,147.36,10,Rainy,Yes,143.82,Spring
2025-02-04,S015,P0432,Stationery,East,86,64,79,69,368.32,5,Rainy,Yes,372.94,Summer
2025-12-14,S007,P0156,Medical,South,439,55,103,93,867.45,10,Storm,Yes,823.29,Summer
2024-08-25,S016,P0187,Electronics,South,458,5,17,1,896.82,15,Sunny,No,872.48,Monsoon
2024-03-28,S002,P0417,Electronics,North,297,45,89,79,71.08,20,Cloudy,No,70.58,Summer
2024-08-11,S019,P0459,Furniture,East,38,51,91,89,588.07,0,Sunny,No,619.83,Winter
2024-02-26,S011,P0267,Stationery,East,393,72,117,92,508.79,20,Rainy,Yes,498.02,Monsoon
2024-07-08,S014,P0431,Clothing,East,454,64,106,82,527.34,15,Rainy,Yes,510.9,Spring
2025-05-20,S014,P0423,Food,East,194,7,40,2,218.09,10,Cloudy,Yes,181.14,Summer
2024-06-26,S017,P0406,Electronics,East,66,59,76,73,616.98,10,Storm,Yes,584.45,Monsoon
2024-07-04,S015,P0319,Furniture,North,402,7,57,43,667.9,15,Rainy,No,706.02,Winter
2024-10-23,S008,P0035,Food,East,321,36,83,59,714.09,5,Cloudy,Yes,701.59,Summer
2025-04-23,S014,P0164,Medical,East,122,85,124,94,982.95,15,Rainy,No,954.72,Spring
2024-12-30,S003,P0177,Stationery,Central,173,108,162,138,857.87,20,Storm,Yes,866.55,Winter
2025-10-17,S009,P0343,Stationery,East,145,96,149,117,927.55,20,Rainy,Yes,970.64,Spring
2025-06-28,S013,P0041,Electronics,East,259,57,93,54,30.88,10,Cloudy,No,-16.76,Winter
2024-02-14,S020,P0447,Food,North,272,43,111,71,549.56,20,Sunny,No,551.68,Winter
2024-03-06,S001,P0422,Electronics,South,269,14,82,50,444.0,5,Storm,Yes,453.27,Winter
2024-12-30,S003,P0399,Electronics,West,408,56,72,56,194.26,15,Storm,No,149.12,Winter
2024-12-17,S003,P0310,Clothing,West,156,36,56,47,855.83,20,Sunny,Yes,884.55,Summer
2025-11-13,S005,P0175,Food,East,146,27,54,48,41.85,15,Rainy,Yes,70.02,Summer
2024-09-02,S002,P0167,Food,East,435,9,30,11,513.63,20,Rainy,Yes,539.92,Spring
2024-05-20,S013,P0108,Electronics,North,416,15,55,52,649.57,10,Storm,No,683.61,Winter
2025-10-29,S011,P0155,Clothing,East,54,77,132,101,539.19,5,Rainy,Yes,524.17,Winter
2024-08-15,S019,P0298,Food,South,68,24,54,36,903.06,0,Cloudy,Yes,948.96,Summer
2025-01-01,S014,P0131,Food,North,353,113,125,104,285.52,0,Storm,Yes,280.48,Monsoon
2024-07-15,S008,P0386,Medical,East,229,75,116,109,197.56,10,Sunny,No,235.33,Summer
2024-01-24,S017,P0142,Clothing,Central,439,110,162,128,851.71,10,Cloudy,Yes,868.35,Summer
2024-05-15,S018,P0028,Food,West,102,61,127,97,979.64,0,Storm,Yes,942.6,Monsoon
2024-06-30,S004,P0365,Medical,North,249,80,100,82,261.89,10,Storm,No,246.98,Spring
2024-10-31,S014,P0107,Stationery,East,348,23,17,17,852.23,20,Cloudy,Yes,821.46,Spring
2024-04-15,S012,P0139,Furniture,South,29,92,157,124,263.63,10,Storm,Yes,258.07,Monsoon
2024-08-03,S014,P0267,Medical,Central,372,38,93,64,134.3,10,Rainy,Yes,182.87,Summer
2024-12-06,S006,P0230,Food,East,454,113,166,152,343.28,5,Storm,Yes,388.99,Summer
2024-08-23,S011,P0271,Food,West,285,37,65,58,227.53,15,Cloudy,Yes,266.22,Summer
2024-07-05,S010,P0007,Stationery,South,423,15,88,48,671.09,0,Rainy,No,624.44,Summer
2024-02-18,S012,P0471,Furniture,East,116,33,100,66,483.79,5,Sunny,Yes,489.09,Summer
2024-04-09,S014,P0290,Clothing,South,180,89,151,125,247.48,5,Storm,No,237.77,Spring
2025-09-29,S011,P0437,Stationery,North,491,43,76,72,609.7,15,Rainy,No,613.9,Monsoon
2024-11-18,S016,P0437,Clothing,Central,391,46,61,51,600.51,15,Cloudy,Yes,600.24,Summer
2024-03-31,S014,P0205,Furniture,South,277,87,144,111,660.77,0,Cloudy,Yes,650.53,Winter
2025-09-09,S010,P0311,Food,West,61,17,44,28,734.31,15,Sunny,No,735.37,Monsoon
2025-11-13,S009,P0253,Food,East,313,19,29,13,885.0,15,Sunny,Yes,872.12,Spring
2025-05-09,S008,P0179,Electronics,South,370,86,134,117,976.35,0,Rainy,No,972.15,Monsoon
2025-02-27,S011,P0056,Clothing,Central,104,110,149,136,228.82,20,Rainy,Yes,211.34,Summer
2024-02-23,S015,P0210,Stationery,East,324,110,150,119,407.1,10,Storm,Yes,413.86,Summer
2024-10-06,S010,P0196,Food,Central,309,75,121,108,237.84,10,Storm,Yes,213.66,Summer
2025-01-15,S016,P0490,Furniture,East,364,26,61,55,809.36,20,Rainy,Yes,781.73,Summer
2024-03-27,S009,P0454,Clothing,West,409,98,118,93,691.52,20,Storm,No,683.7,Summer
2024-05-14,S009,P0129,Electronics,Central,21,63,91,57,95.79,0,Rainy,No,86.18,Spring
2025-11-16,S019,P0285,Stationery,West,62,69,133,104,689.66,0,Cloudy,Yes,673.94,Monsoon
2024-10-05,S020,P0274,Stationery,East,59,78,109,72,807.96,20,Sunny,Yes,816.27,Spring
2024-10-22,S010,P0184,Electronics,South,106,54,68,49,139.73,15,Rainy,No,120.76,Summer
2025-10-27,S009,P0115,Electronics,Central,255,8,40,33,58.96,5,Sunny,Yes,43.53,Winter
2024-11-14,S004,P0456,Furniture,Central,350,116,154,143,262.67,0,Cloudy,No,296.08,Spring
2024-07-01,S001,P0284,Food,West,224,104,114,108,655.82,0,Storm,Yes,657.02,Monsoon
2025-11-23,S007,P0165,Clothing,North,416,21,95,58,365.44,15,Storm,No,375.32,Summer
2025-10-30,S018,P0258,Food,West,290,25,52,29,572.8,20,Sunny,No,550.79,Monsoon
2025-06-14,S013,P0018,Clothing,Central,375,41,46,35,89.67,5,Rainy,No,67.84,Winter
2025-12-23,S007,P0196,Electronics,North,220,23,51,42,233.55,5,Rainy,No,222.69,Winter
2025-12-25,S016,P0376,Clothing,East,184,65,88,61,170.08,20,Storm,Yes,170.77,Winter
2025-08-05,S017,P0126,Medical,East,240,37,60,53,274.25,20,Storm,Yes,285.24,Winter
2025-03-21,S015,P0270,Medical,East,432,59,102,81,558.36,15,Rainy,Yes,553.81,Monsoon
2025-09-24,S013,P0478,Electronics,Central,250,103,127,114,617.03,0,Rainy,Yes,589.73,Spring
2024-01-23,S010,P0068,Stationery,South,146,105,154,129,984.49,10,Storm,Yes,1006.63,Spring
2025-06-21,S011,P0276,Medical,North,24,91,122,94,88.76,0,Storm,No,93.74,Spring
2024-04-29,S013,P0163,Food,West,373,23,31,15,838.37,10,Rainy,No,818.62,Summer
2025-02-04,S005,P0453,Furniture,South,119,95,127,120,216.77,20,Sunny,No,181.07,Summer
2024-04-09,S006,P0463,Electronics,East,49,34,93,55,752.07,20,Storm,Yes,756.97,Spring
2024-02-17,S019,P0416,Stationery,South,488,101,107,96,239.43,10,Storm,No,266.64,Monsoon
2025-09-03,S005,P0455,Electronics,North,23,15,54,16,138.54,20,Rainy,Yes,101.52,Spring
2024-01-15,S011,P0026,Stationery,West,401,41,81,51,883.51,0,Cloudy,Yes,899.72,Winter
2024-08-19,S010,P0320,Furniture,Central,329,24,56,48,204.34,15,Rainy,No,212.32,Summer
2024-03-30,S018,P0102,Furniture,West,142,75,66,65,717.11,5,Storm,Yes,761.08,Spring
2024-03-12,S010,P0454,Clothing,West,173,97,108,90,503.96,15,Sunny,No,461.61,Winter
2025-06-01,S005,P0409,Medical,South,76,87,81,81,404.01,20,Rainy,Yes,414.25,Winter
2025-09-27,S017,P0298,Furniture,South,271,100,159,122,714.9,10,Sunny,Yes,736.28,Winter
2025-11-27,S008,P0076,Stationery,South,306,81,154,121,691.54,0,Storm,No,689.62,Spring
2025-06-15,S001,P0261,Medical,South,141,107,104,99,628.63,10,Cloudy,No,605.38,Monsoon
2024-06-04,S003,P0414,Food,Central,193,36,75,57,147.28,20,Cloudy,No,173.09,Spring
2025-05-26,S020,P0034,Clothing,West,42,24,64,27,139.28,5,Sunny,Yes,97.44,Winter
2024-10-26,S006,P0476,Furniture,East,348,35,109,72,450.19,20,Sunny,Yes,470.59,Summer
2024-11-04,S002,P0470,Food,South,93,49,61,41,610.85,15,Storm,No,581.18,Monsoon
2024-03-08,S003,P0354,Food,West,300,64,133,104,789.69,20,Storm,Yes,800.79,Spring
2024-05-08,S018,P0322,Electronics,North,390,116,126,107,178.44,20,Sunny,No,177.68,Winter
2024-02-18,S007,P0025,Food,East,389,8,40,31,350.64,20,Sunny,Yes,364.19,Spring
2025-02-27,S017,P0264,Electronics,North,305,25,42,35,326.78,5,Cloudy,No,366.01,Winter
2025-01-08,S019,P0380,Clothing,North,160,58,85,84,379.66,0,Storm,Yes,380.26,Monsoon
2024-05-08,S015,P0287,Medical,West,433,11,67,49,484.57,0,Cloudy,Yes,523.54,Spring
2024-08-17,S008,P0348,Furniture,East,102,26,96,63,873.93,10,Sunny,Yes,835.5,Winter
2024-03-02,S007,P0163,Medical,South,130,66,133,103,24.92,5,Rainy,No,-1.21,Winter
2025-03-23,S002,P0458,Medical,Central,109,64,78,73,744.22,10,Rainy,Yes,741.56,Spring
2024-02-06,S008,P0415,Stationery,East,155,17,37,31,318.49,10,Sunny,Yes,352.41,Monsoon
2024-12-20,S007,P0119,Electronics,East,360,45,81,63,654.46,10,Sunny,Yes,676.8,Winter
2025-11-13,S012,P0340,Medical,East,360,112,167,146,552.05,0,Rainy,No,552.14,Winter
2025-03-16,S020,P0412,Medical,East,84,82,104,81,951.52,20,Sunny,No,967.88,Summer
2025-03-29,S017,P0196,Stationery,East,498,30,48,35,76.54,20,Cloudy,No,113.71,Monsoon
2025-11-04,S007,P0279,Stationery,East,50,114,122,114,19.66,20,Storm,Yes,-28.54,Spring
2025-08-31,S003,P0280,Furniture,East,209,13,27,16,956.05,10,Sunny,No,945.67,Spring
2024-04-26,S019,P0464,Medical,South,342,26,25,18,732.87,0,Cloudy,Yes,755.77,Winter
2025-04-05,S004,P0377,Electronics,Central,440,61,105,101,803.56,15,Rainy,Yes,816.68,Spring
2024-09-04,S012,P0114,Stationery,South,178,111,175,139,436.11,5,Storm,No,395.64,Summer
2024-04-14,S006,P0131,Electronics,North,273,46,78,44,381.87,5,Sunny,Yes,425.4,Monsoon
2025-08-10,S011,P0020,Stationery,North,121,68,124,103,858.01,0,Rainy,Yes,861.31,Spring
2024-09-30,S017,P0370,Clothing,South,26,90,150,113,496.12,15,Rainy,No,544.39,Winter
2025-10-05,S010,P0300,Furniture,Central,307,91,93,83,806.53,10,Cloudy,Yes,774.65,Spring
2024-08-26,S016,P0330,Medical,West,476,95,120,102,496.29,20,Rainy,Yes,539.29,Winter
2024-12-20,S009,P0417,Clothing,South,208,111,129,106,743.39,15,Rainy,Yes,693.95,Monsoon
2024-08-12,S017,P0425,Furniture,West,148,84,126,91,120.5,20,Storm,No,126.73,Monsoon
2024-08-13,S001,P0074,Medical,North,142,91,125,112,120.28,10,Rainy,Yes,133.35,Winter
2025-07-12,S010,P0007,Food,East,74,106,139,139,229.86,0,Cloudy,No,186.88,Spring
2024-06-21,S010,P0120,Electronics,East,56,114,143,130,259.83,10,Rainy,No,283.78,Monsoon
2025-10-11,S008,P0284,Furniture,Central,482,66,99,77,30.84,20,Sunny,No,-4.38,Winter
2024-08-26,S001,P0252,Furniture,South,254,88,120,83,885.85,20,Storm,Yes,889.39,Monsoon
2025-01-24,S017,P0419,Food,South,134,49,78,60,151.07,10,Storm,Yes,144.55,Winter
2024-08-02,S016,P0032,Clothing,Central,463,26,61,28,230.69,5,Cloudy,Yes,255.9,Summer
2025-05-03,S020,P0093,Clothing,East,375,42,43,33,385.96,10,Sunny,Yes,390.92,Summer
2024-09-10,S001,P0419,Clothing,North,81,8,36,30,509.33,10,Cloudy,Yes,531.41,Summer
2025-04-30,S009,P0337,Clothing,West,135,67,114,97,904.5,0,Sunny,Yes,913.13,Summer
2024-05-27,S014,P0049,Furniture,South,171,102,120,94,158.29,0,Cloudy,No,180.52,Spring
2024-07-12,S013,P0098,Clothing,Central,427,97,132,102,68.23,10,Sunny,No,50.44,Winter
2025-10-24,S009,P0290,Furniture,South,200,64,90,83,994.61,0,Rainy,No,1019.33,Spring
2025-01-04,S001,P0263,Furniture,West,89,73,126,103,705.71,10,Cloudy,No,666.34,Spring
2024-10-08,S012,P0010,Food,West,211,57,106,69,653.93,20,Rainy,Yes,618.95,Spring
2025-12-07,S008,P0254,Electronics,South,428,34,68,50,848.38,5,Sunny,No,835.76,Spring
2024-09-06,S001,P0132,Furniture,Central,47,68,64,61,611.68,10,Storm,Yes,614.72,Summer
2024-09-02,S016,P0145,Food,East,53,11,37,12,365.38,10,Cloudy,Yes,409.63,Spring
2025-02-06,S010,P0024,Furniture,Central,271,34,53,44,108.38,0,Storm,No,110.41,Winter
2025-09-24,S013,P0144,Food,Central,128,102,172,135,211.5,20,Rainy,No,230.61,Summer
2025-09-27,S010,P0077,Stationery,West,383,108,143,119,172.19,0,Rainy,No,196.38,Spring
2024-03-24,S007,P0221,Electronics,Central,289,73,111,101,930.5,15,Sunny,No,886.65,Spring
2025-03-25,S015,P0179,Medical,East,132,28,77,68,129.14,15,Sunny,No,144.06,Monsoon
2025-05-13,S008,P0499,Food,West,265,99,101,100,770.36,10,Storm,Yes,742.92,Spring
2024-05-20,S002,P0386,Food,South,255,56,72,55,252.24,15,Sunny,Yes,268.09,Spring
2025-08-26,S003,P0243,Medical,West,291,27,43,30,643.15,20,Rainy,No,651.33,Spring
2024-08-14,S004,P0380,Food,South,338,28,28,22,508.58,15,Storm,No,513.99,Spring
2024-08-13,S020,P0237,Furniture,East,188,99,139,132,929.39,10,Cloudy,No,963.87,Monsoon
2024-01-03,S019,P0084,Medical,South,38,84,120,92,620.47,10,Storm,Yes,616.13,Spring
2025-02-25,S005,P0292,Food,Central,462,24,99,60,945.62,20,Storm,Yes,940.11,Spring
2025-05-16,S012,P0066,Food,South,251,110,141,127,627.27,15,Storm,Yes,600.3,Winter
2025-04-08,S007,P0489,Medical,South,204,52,58,42,18.96,20,Sunny,Yes,-3.47,Winter
2025-04-15,S016,P0306,Electronics,West,182,24,98,64,649.21,0,Storm,No,680.27,Winter
2025-06-12,S006,P0283,Stationery,North,109,52,72,68,420.07,10,Rainy,Yes,374.08,Summer
2024-06-23,S014,P0167,Electronics,West,483,27,79,60,301.24,15,Cloudy,No,294.55,Spring
2025-02-23,S007,P0279,Medical,South,113,113,150,128,973.78,0,Rainy,Yes,953.65,Summer
2025-11-20,S013,P0456,Medical,North,393,71,78,77,626.4,0,Storm,No,595.12,Monsoon
2025-08-12,S007,P0430,Clothing,Central,305,51,97,69,975.73,10,Cloudy,Yes,942.48,Spring
2024-01-27,S005,P0222,Clothing,West,389,109,138,119,473.79,0,Cloudy,Yes,499.06,Spring
2025-04-15,S003,P0360,Food,West,387,81,117,87,119.67,20,Sunny,No,153.76,Summer
2024-04-27,S013,P0197,Stationery,North,391,10,6,1,918.44,20,Sunny,Yes,915.54,Summer
2024-01-15,S006,P0070,Furniture,East,32,87,119,92,314.88,5,Cloudy,Yes,286.6,Summer
2024-01-31,S013,P0096,Stationery,North,328,44,50,40,992.41,10,Rainy,Yes,1007.87,Summer
2025-01-04,S007,P0292,Food,East,152,109,141,140,581.25,0,Cloudy,No,539.22,Summer
2024-12-03,S020,P0287,Furniture,West,375,45,69,41,778.64,10,Cloudy,No,770.21,Winter
2025-09-05,S012,P0347,Food,South,355,117,144,118,156.04,20,Sunny,Yes,186.93,Winter
2024-10-20,S017,P0257,Clothing,Central,374,30,45,20,110.15,5,Cloudy,No,141.32,Winter
2025-09-06,S019,P0066,Furniture,West,357,79,96,70,601.71,20,Sunny,Yes,563.08,Monsoon
2024-11-06,S009,P0218,Medical,Central,316,12,39,33,660.3,5,Sunny,No,676.26,Spring
2025-06-11,S015,P0408,Food,Central,180,73,76,64,602.81,5,Sunny,No,617.26,Summer
2025-11-18,S020,P0175,Furniture,East,297,100,142,121,85.09,20,Rainy,No,104.53,Winter
2024-08-23,S001,P0130,Electronics,East,311,100,150,119,211.03,20,Rainy,Yes,161.35,Spring
2025-12-03,S005,P0483,Furniture,South,350,83,132,92,307.79,0,Sunny,Yes,340.03,Spring
2025-01-08,S017,P0035,Medical,South,299,53,66,54,939.34,10,Cloudy,Yes,945.52,Winter
2024-03-06,S016,P0113,Furniture,East,480,41,77,59,402.81,10,Sunny,No,438.62,Winter
2024-12-07,S008,P0077,Electronics,Central,471,58,81,52,929.92,0,Storm,Yes,897.67,Monsoon
2025-04-30,S008,P0168,Stationery,South,434,94,153,128,990.78,15,Sunny,Yes,968.17,Monsoon
2025-01-27,S013,P0290,Food,East,286,39,64,36,164.49,5,Cloudy,Yes,141.59,Summer
2024-07-05,S011,P0476,Electronics,Central,216,29,64,64,913.59,0,Rainy,Yes,943.99,Summer
2024-02-15,S001,P0130,Stationery,East,322,24,27,23,767.09,5,Sunny,Yes,804.94,Spring
2024-01-17,S015,P0097,Clothing,East,274,26,74,55,201.92,15,Sunny,Yes,165.87,Monsoon
2024-04-29,S013,P0256,Medical,South,334,61,103,94,541.6,10,Sunny,No,524.92,Winter
2025-10-22,S015,P0418,Food,East,99,65,114,87,204.25,10,Storm,Yes,207.73,Summer
2025-06-26,S006,P0453,Electronics,North,450,12,66,28,841.11,10,Sunny,No,884.1,Summer
2024-03-21,S018,P0351,Clothing,Central,223,114,132,111,388.52,15,Storm,Yes,385.71,Summer
2024-10-01,S017,P0035,Electronics,East,57,19,55,17,155.93,20,Rainy,Yes,174.4,Monsoon
2025-10-03,S012,P0023,Medical,East,112,37,94,55,406.36,10,Cloudy,No,385.36,Monsoon
2025-09-07,S019,P0402,Medical,West,283,114,146,144,393.12,0,Cloudy,No,373.71,Monsoon
2024-01-02,S012,P0306,Clothing,North,222,9,32,8,583.99,0,Cloudy,Yes,591.1,Winter
2025-08-02,S016,P0239,Food,South,289,78,108,107,195.45,0,Sunny,Yes,224.97,Monsoon
2024-08-23,S015,P0230,Electronics,East,30,25,66,52,214.72,15,Rainy,No,244.47,Summer
2024-12-27,S015,P0302,Stationery,North,139,74,89,83,708.23,5,Rainy,Yes,751.89,Monsoon
2024-08-13,S009,P0395,Stationery,North,491,36,56,34,524.86,20,Cloudy,Yes,525.79,Spring
2024-06-25,S011,P0155,Stationery,East,268,40,49,41,106.21,0,Cloudy,No,65.04,Winter
2024-05-29,S003,P0200,Medical,North,366,43,107,81,701.16,0,Sunny,No,719.03,Winter
2024-09-09,S020,P0325,Stationery,East,475,66,124,87,847.54,15,Sunny,No,820.69,Spring
2024-01-11,S006,P0482,Stationery,East,248,29,61,50,66.45,0,Sunny,No,40.78,Monsoon
2024-01-21,S007,P0461,Stationery,East,72,25,47,19,560.2,15,Rainy,No,606.48,Winter
2024-10-07,S003,P0468,Furniture,Central,192,51,48,43,164.81,0,Storm,No,139.94,Spring
2025-04-13,S017,P0396,Stationery,South,244,49,81,63,405.39,20,Storm,Yes,452.09,Summer
2024-06-03,S012,P0098,Electronics,Central,37,77,118,85,746.62,15,Sunny,No,747.36,Winter
2024-03-09,S002,P0402,Stationery,South,407,43,64,57,928.76,15,Storm,Yes,967.04,Summer
2024-09-29,S013,P0144,Furniture,East,429,54,107,73,782.62,0,Sunny,Yes,763.1,Summer
2024-05-24,S010,P0499,Stationery,West,416,38,80,68,627.99,20,Storm,Yes,621.18,Summer
2024-09-12,S003,P0127,Furniture,South,271,25,68,31,716.23,5,Cloudy,Yes,726.68,Spring
2024-03-14,S013,P0302,Furniture,West,284,56,128,89,649.23,15,Cloudy,No,601.24,Winter
2025-01-10,S003,P0465,Food,Central,389,94,149,110,364.94,20,Sunny,Yes,331.73,Monsoon
2024-08-15,S002,P0095,Clothing,West,341,102,129,125,164.58,10,Rainy,Yes,170.62,Spring
2024-10-03,S009,P0056,Clothing,South,263,60,72,53,735.32,0,Storm,No,715.05,Spring
2024-06-07,S001,P0225,Furniture,East,236,14,32,29,263.82,10,Storm,No,238.45,Spring
2025-12-07,S016,P0388,Medical,South,25,50,102,89,81.05,5,Storm,No,92.72,Spring
2025-01-20,S016,P0467,Furniture,East,214,106,180,142,784.35,15,Rainy,No,781.59,Summer
2025-05-09,S014,P0395,Electronics,South,281,44,88,84,184.4,20,Rainy,No,201.11,Winter
2024-06-12,S020,P0291,Medical,East,163,111,183,146,616.42,20,Sunny,No,612.58,Winter
2025-02-20,S003,P0371,Electronics,East,381,75,83,72,848.42,10,Sunny,No,838.59,Spring
2024-07-11,S017,P0037,Electronics,West,93,46,119,86,937.41,20,Rainy,No,983.55,Spring
2024-03-17,S011,P0036,Furniture,North,218,49,103,64,202.29,20,Cloudy,No,226.21,Winter
2024-12-29,S010,P0238,Food,North,425,21,44,43,731.95,20,Sunny,No,724.06,Spring
2024-05-21,S016,P0016,Food,East,490,7,53,44,666.77,5,Rainy,Yes,654.8,Summer
2025-04-28,S008,P0188,Stationery,North,296,80,115,91,692.66,5,Rainy,Yes,675.44,Monsoon
2025-01-03,S020,P0476,Clothing,South,299,107,159,133,226.87,20,Cloudy,Yes,212.27,Monsoon
2024-02-10,S013,P0392,Food,North,49,40,55,50,749.16,0,Cloudy,Yes,772.43,Monsoon
2025-08-05,S017,P0321,Medical,South,100,87,106,93,583.39,20,Rainy,Yes,541.91,Monsoon
2025-05-15,S002,P0083,Medical,Central,48,26,29,23,417.59,15,Rainy,Yes,407.83,Monsoon
2025-09-21,S004,P0424,Stationery,West,279,82,119,97,889.7,20,Sunny,No,905.89,Monsoon
2025-11-22,S003,P0162,Furniture,Central,404,75,121,109,966.57,0,Rainy,Yes,990.61,Spring
2025-02-01,S010,P0118,Electronics,South,410,86,144,125,292.06,5,Cloudy,Yes,270.33,Spring
2025-04-21,S003,P0056,Clothing,East,300,100,156,139,814.15,15,Storm,Yes,807.57,Spring
2024-01-04,S014,P0214,Electronics,North,325,54,66,63,376.36,20,Storm,Yes,375.7,Spring
2024-04-08,S018,P0369,Electronics,South,463,114,162,122,476.36,0,Storm,No,471.61,Summer
2025-05-23,S019,P0157,Food,East,123,6,40,3,898.7,15,Rainy,Yes,911.19,Spring
2024-10-26,S018,P0275,Clothing,South,467,52,108,83,321.17,20,Storm,No,362.24,Monsoon
2024-08-19,S010,P0192,Food,Central,372,76,92,67,883.92,10,Cloudy,No,844.56,Spring
2024-07-20,S020,P0241,Stationery,South,303,115,130,109,636.93,15,Sunny,No,644.74,Spring
2024-03-26,S016,P0447,Food,South,116,88,87,79,989.15,5,Sunny,No,1024.82,Monsoon
2025-09-08,S013,P0188,Medical,West,275,31,106,70,456.33,20,Cloudy,No,452.71,Winter
2025-06-30,S019,P0222,Electronics,Central,424,112,137,107,362.84,5,Storm,No,339.46,Winter
2024-03-30,S002,P0212,Electronics,South,431,67,103,77,951.11,10,Sunny,Yes,983.21,Winter
2025-01-27,S016,P0084,Food,Central,436,105,133,106,618.77,20,Rainy,Yes,664.91,Summer
2024-07-01,S006,P0156,Furniture,West,214,31,64,52,74.48,15,Sunny,Yes,104.15,Winter
2024-02-15,S012,P0495,Food,Central,240,65,129,90,454.26,15,Sunny,No,450.13,Spring
2024-01-16,S009,P0352,Clothing,East,57,25,88,54,219.28,20,Sunny,No,244.1,Monsoon
2025-01-30,S013,P0178,Furniture,Central,33,67,106,100,357.68,0,Cloudy,Yes,350.83,Winter
2024-02-02,S018,P0442,Clothing,Central,153,46,89,59,697.98,20,Rainy,Yes,736.39,Summer
2024-05-09,S020,P0463,Food,West,463,99,93,92,771.57,10,Cloudy,Yes,793.67,Monsoon
2024-10-05,S010,P0485,Furniture,North,89,86,84,79,512.52,0,Storm,No,483.61,Summer
2024-03-10,S016,P0329,Electronics,Central,493,68,76,59,836.25,15,Sunny,No,828.03,Spring
2024-05-25,S013,P0357,Clothing,Central,83,15,62,32,117.6,5,Rainy,No,71.67,Monsoon
2025-09-10,S012,P0280,Stationery,North,331,74,104,64,724.56,15,Rainy,No,741.57,Spring
2025-12-20,S003,P0351,Electronics,South,103,26,73,64,959.8,0,Sunny,Yes,964.12,Winter
2025-12-27,S009,P0249,Medical,South,377,51,78,42,927.36,5,Cloudy,Yes,937.59,Monsoon
2025-02-10,S015,P0291,Stationery,East,23,101,169,134,154.0,15,Rainy,No,134.2,Monsoon
2024-10-18,S013,P0046,Medical,West,428,19,80,51,824.47,15,Rainy,Yes,817.39,Summer
2024-06-23,S019,P0248,Food,North,140,79,119,80,379.77,0,Sunny,Yes,421.47,Summer
2024-04-14,S016,P0348,Electronics,East,220,48,70,70,973.86,15,Sunny,Yes,938.86,Summer
2025-06-20,S017,P0045,Food,West,294,32,68,65,606.67,10,Rainy,Yes,590.83,Summer
2024-01-11,S002,P0396,Clothing,South,158,21,62,60,96.66,20,Storm,Yes,83.22,Winter
2024-03-21,S006,P0096,Clothing,North,411,75,118,93,357.57,15,Rainy,No,356.7,Monsoon
2024-01-25,S019,P0182,Medical,Central,378,36,78,59,133.61,0,Rainy,Yes,177.54,Summer
2024-09-27,S013,P0222,Electronics,East,319,27,78,61,262.25,10,Rainy,Yes,214.99,Summer
2024-02-23,S013,P0034,Medical,South,468,80,125,101,703.96,10,Rainy,No,735.88,Monsoon
2025-12-06,S016,P0088,Clothing,East,321,20,42,28,184.76,0,Storm,Yes,214.29,Monsoon
2024-03-19,S015,P0482,Medical,North,282,27,53,20,642.08,20,Storm,Yes,633.47,Summer
2024-12-14,S009,P0080,Electronics,East,134,71,125,106,447.92,5,Storm,Yes,412.88,Summer
2025-03-17,S016,P0373,Furniture,West,206,77,139,116,584.64,10,Rainy,Yes,582.46,Monsoon
2025-12-26,S003,P0373,Food,South,240,100,165,126,542.69,0,Sunny,Yes,582.36,Spring
2024-02-22,S016,P0093,Food,North,112,94,115,111,389.08,0,Rainy,Yes,377.7,Monsoon
2024-03-22,S001,P0282,Furniture,South,39,105,131,105,170.4,0,Sunny,Yes,173.85,Monsoon
2025-12-27,S011,P0411,Furniture,North,135,86,119,83,245.4,10,Sunny,Yes,279.73,Summer
2024-02-24,S018,P0266,Food,South,266,110,119,114,238.06,15,Storm,No,202.33,Winter
2024-08-03,S013,P0259,Electronics,Central,488,100,111,92,149.3,5,Sunny,Yes,150.05,Spring
2025-11-21,S002,P0311,Food,Central,398,63,119,92,288.9,15,Cloudy,Yes,326.52,Monsoon
2024-09-08,S011,P0437,Clothing,North,451,103,169,130,987.3,5,Rainy,Yes,1028.84,Spring
2025-10-04,S004,P0408,Medical,East,352,38,78,44,675.9,10,Cloudy,No,706.76,Summer
2025-11-18,S017,P0489,Clothing,East,134,31,53,37,51.03,10,Sunny,Yes,72.8,Summer
2025-10-10,S009,P0275,Clothing,South,437,18,42,36,996.67,20,Sunny,No,1013.11,Spring
2024-10-21,S011,P0129,Food,West,365,110,125,125,563.52,15,Storm,No,581.57,Summer
2025-06-07,S007,P0067,Clothing,West,408,75,100,72,795.96,20,Sunny,Yes,768.43,Winter
2025-11-10,S016,P0131,Clothing,West,499,20,87,60,159.64,20,Rainy,Yes,161.66,Spring
2025-07-27,S020,P0059,Stationery,Central,374,16,72,50,681.1,0,Sunny,No,669.93,Winter
2025-10-09,S019,P0447,Furniture,South,158,120,148,127,124.83,15,Sunny,No,103.69,Spring
2024-03-07,S010,P0084,Clothing,South,455,107,136,136,123.45,10,Cloudy,No,151.63,Spring
2024-05-02,S016,P0468,Furniture,Central,326,32,49,25,717.64,10,Sunny,No,750.14,Monsoon
2024-07-16,S007,P0169,Stationery,Central,194,73,140,104,564.36,5,Cloudy,Yes,586.95,Summer
2024-07-14,S007,P0069,Furniture,South,135,13,74,48,745.39,10,Cloudy,No,786.12,Summer
2024-12-25,S016,P0416,Food,West,202,20,75,36,501.32,20,Rainy,Yes,530.53,Monsoon
2024-08-23,S005,P0239,Electronics,West,493,77,105,98,507.02,20,Storm,No,524.92,Spring
2024-10-15,S001,P0448,Furniture,East,495,50,76,63,791.84,5,Storm,No,793.94,Spring
2024-11-02,S013,P0266,Medical,Central,399,52,103,86,930.93,10,Cloudy,Yes,880.97,Monsoon
2024-08-09,S018,P0016,Electronics,North,102,70,97,72,586.05,0,Storm,Yes,622.88,Winter
2025-10-28,S001,P0415,Clothing,West,117,77,113,101,731.57,5,Cloudy,No,685.15,Summer
2025-11-12,S014,P0036,Medical,North,123,73,97,90,413.91,0,Rainy,No,371.53,Monsoon
2024-03-01,S012,P0382,Electronics,Central,373,57,105,84,946.3,0,Cloudy,Yes,974.5,Monsoon
2025-10-21,S017,P0155,Medical,West,272,67,94,72,45.46,0,Cloudy,Yes,46.72,Spring
2024-08-17,S008,P0217,Food,North,113,26,69,49,361.08,5,Rainy,Yes,393.23,Monsoon
2024-05-30,S004,P0061,Medical,South,466,120,161,156,502.84,20,Sunny,Yes,518.6,Winter
2025-12-18,S017,P0045,Clothing,West,185,14,14,5,458.84,20,Storm,Yes,410.6,Monsoon
2025-01-21,S015,P0207,Medical,Central,91,36,41,39,594.84,15,Cloudy,No,602.51,Summer
2024-09-24,S009,P0207,Furniture,West,425,87,118,101,331.6,5,Rainy,Yes,342.65,Summer
2024-01-11,S013,P0416,Furniture,South,41,33,69,69,279.69,0,Cloudy,Yes,267.8,Monsoon
2024-09-10,S003,P0304,Clothing,North,401,87,86,79,909.74,20,Sunny,Yes,940.49,Winter
2024-05-19,S016,P0376,Stationery,East,320,49,50,47,493.22,20,Sunny,No,453.43,Spring
2024-12-22,S009,P0393,Stationery,South,233,110,141,126,456.08,15,Storm,Yes,409.8,Spring
2025-12-21,S012,P0380,Clothing,West,208,15,36,21,380.0,5,Rainy,Yes,416.0,Summer
2025-11-28,S002,P0313,Food,East,294,118,172,153,463.62,15,Sunny,Yes,452.32,Summer
2025-01-24,S004,P0279,Clothing,Central,75,82,109,86,559.33,10,Cloudy,Yes,519.45,Winter
2024-11-14,S019,P0189,Clothing,East,280,82,118,97,440.38,20,Cloudy,No,415.38,Spring
2025-04-18,S003,P0387,Stationery,East,204,52,73,69,168.84,10,Rainy,Yes,120.57,Winter
2024-10-27,S009,P0088,Electronics,North,32,85,102,80,35.37,15,Rainy,Yes,1.87,Spring
2024-05-19,S001,P0266,Furniture,East,417,28,57,20,307.55,10,Sunny,No,274.96,Spring
2025-04-11,S005,P0107,Electronics,West,392,70,103,90,295.92,5,Rainy,No,341.94,Spring
2024-04-11,S016,P0264,Medical,East,346,32,50,46,506.13,15,Rainy,No,481.54,Summer
2024-11-24,S004,P0162,Clothing,North,293,45,70,50,330.38,20,Cloudy,Yes,337.43,Spring
2024-02-25,S018,P0263,Clothing,Central,167,35,91,60,135.88,10,Storm,Yes,109.41,Spring
2024-09-26,S002,P0291,Stationery,West,352,20,48,29,740.74,10,Rainy,Yes,765.39,Spring
2024-12-05,S017,P0280,Electronics,West,378,67,96,93,109.9,10,Rainy,No,155.61,Monsoon
2024-12-06,S020,P0200,Clothing,South,159,49,79,39,327.42,5,Storm,Yes,374.32,Monsoon
2025-04-30,S013,P0281,Furniture,East,230,97,122,119,612.17,10,Sunny,No,656.89,Winter
2025-06-22,S016,P0347,Electronics,North,141,40,50,49,190.43,10,Cloudy,Yes,176.71,Monsoon
2024-01-22,S010,P0019,Furniture,North,143,85,114,87,580.07,15,Sunny,Yes,584.46,Monsoon
2024-12-20,S013,P0185,Furniture,East,172,101,160,127,50.77,10,Rainy,Yes,39.67,Spring
2025-02-24,S002,P0192,Stationery,East,463,60,81,62,607.39,15,Storm,No,594.99,Summer
2025-08-11,S006,P0413,Furniture,South,40,38,71,50,641.26,5,Sunny,Yes,632.89,Winter
2025-12-15,S002,P0112,Medical,West,99,92,88,86,559.76,0,Storm,Yes,577.96,Winter
2024-02-04,S019,P0354,Food,Central,248,99,155,120,605.38,20,Storm,Yes,564.79,Spring
2025-01-29,S003,P0222,Clothing,North,240,70,134,102,305.37,5,Rainy,Yes,337.65,Winter
2025-11-10,S009,P0028,Clothing,East,112,67,83,65,610.3,0,Rainy,Yes,571.11,Monsoon
2025-01-20,S010,P0128,Medical,East,338,71,132,99,272.55,5,Rainy,No,274.08,Summer
2025-01-11,S012,P0267,Clothing,Central,389,71,66,61,820.97,10,Storm,Yes,848.03,Winter
2024-02-06,S020,P0070,Food,Central,124,28,34,32,170.77,0,Storm,Yes,212.05,Winter
2025-05-17,S012,P0049,Stationery,Central,137,69,101,81,692.74,10,Sunny,No,678.13,Spring
2024-04-03,S016,P0245,Stationery,North,174,25,65,39,147.16,10,Cloudy,Yes,119.82,Winter
2024-01-17,S020,P0053,Furniture,East,276,10,43,3,888.41,15,Storm,No,927.76,Monsoon
2025-02-18,S016,P0387,Medical,North,156,22,44,35,496.74,5,Sunny,No,455.76,Summer
2025-03-28,S009,P0099,Clothing,Central,109,50,88,66,391.05,5,Sunny,Yes,390.72,Winter
2024-02-01,S015,P0237,Food,North,493,8,24,8,185.2,0,Storm,No,215.56,Summer
2025-01-17,S004,P0067,Stationery,Central,362,79,122,92,548.6,10,Cloudy,No,528.43,Summer
2024-04-05,S020,P0132,Electronics,East,267,99,131,100,260.97,5,Storm,Yes,218.75,Summer
2025-03-18,S019,P0343,Medical,Central,265,19,40,36,634.28,20,Sunny,Yes,681.61,Spring
2024-08-29,S010,P0180,Stationery,East,373,72,114,106,456.91,20,Sunny,No,437.76,Summer
2024-08-04,S017,P0083,Stationery,East,120,119,149,111,923.1,15,Rainy,No,877.74,Summer
2025-05-23,S010,P0484,Food,South,50,42,99,71,630.72,5,Cloudy,No,608.49,Monsoon
2025-05-07,S001,P0037,Clothing,South,151,77,115,94,571.98,5,Rainy,Yes,531.84,Winter
2024-12-25,S007,P0218,Stationery,Central,472,101,150,128,938.29,20,Storm,No,895.52,Winter
2025-06-04,S008,P0337,Medical,East,356,75,90,76,156.66,10,Rainy,Yes,116.77,Monsoon
2024-09-27,S016,P0206,Medical,North,314,92,150,132,367.98,0,Sunny,Yes,338.88,Summer
2024-06-11,S003,P0143,Furniture,South,162,65,88,58,196.14,20,Storm,No,156.03,Spring
2024-10-09,S004,P0481,Food,South,382,48,98,81,991.79,10,Rainy,Yes,1028.12,Winter
2025-02-20,S003,P0491,Clothing,Central,193,94,132,100,461.0,10,Sunny,No,455.87,Spring
2024-12-27,S013,P0129,Furniture,North,191,86,124,119,792.78,5,Rainy,No,821.09,Winter
2024-04-26,S006,P0418,Stationery,South,265,116,130,111,938.91,5,Cloudy,No,976.9,Summer
2024-04-11,S004,P0281,Stationery,North,308,56,111,91,90.53,10,Cloudy,No,119.79,Winter
2024-01-29,S020,P0140,Furniture,North,285,46,96,82,522.55,0,Storm,No,539.02,Winter
2025-12-13,S019,P0219,Clothing,Central,334,80,112,72,619.41,20,Sunny,Yes,623.6,Winter
2024-04-17,S003,P0171,Food,East,304,118,140,139,976.71,20,Sunny,No,972.64,Spring
2024-03-09,S014,P0221,Food,Central,236,117,154,127,477.4,20,Cloudy,Yes,480.0,Spring
2025-07-17,S017,P0188,Food,Central,111,7,44,9,993.67,10,Cloudy,Yes,958.27,Winter
2024-12-11,S019,P0286,Clothing,North,490,41,80,75,669.81,0,Sunny,Yes,659.71,Winter
2025-01-24,S009,P0262,Electronics,Central,367,105,175,144,984.33,20,Cloudy,Yes,983.32,Monsoon
2025-09-21,S013,P0293,Clothing,East,478,56,100,72,380.76,0,Sunny,Yes,400.34,Summer
2024-04-06,S020,P0335,Stationery,West,420,30,86,68,964.54,15,Cloudy,No,970.56,Winter
2024-08-13,S002,P0055,Food,Central,436,119,189,149,615.63,10,Cloudy,No,612.03,Winter
2025-10-02,S017,P0390,Food,Central,94,26,79,62,885.68,0,Rainy,Yes,853.09,Summer
2025-07-04,S019,P0203,Stationery,South,79,120,157,128,398.54,0,Storm,Yes,376.04,Summer
2024-06-03,S001,P0371,Medical,Central,198,104,152,130,211.01,15,Cloudy,Yes,177.83,Summer
2025-03-31,S009,P0451,Medical,North,86,61,61,59,438.17,15,Cloudy,No,425.03,Summer
2024-01-17,S002,P0486,Medical,Central,143,63,88,73,477.92,10,Rainy,Yes,465.37,Spring
2025-07-28,S002,P0143,Medical,West,440,22,64,48,521.15,15,Storm,Yes,563.46,Monsoon
2024-05-18,S007,P0232,Stationery,Central,248,97,131,126,911.0,0,Sunny,Yes,903.9,Monsoon
2025-04-03,S007,P0297,Food,Central,94,5,38,5,937.85,20,Storm,Yes,958.89,Spring
2025-05-02,S009,P0146,Furniture,North,39,115,129,109,670.89,10,Sunny,Yes,689.5,Summer
2024-05-26,S002,P0302,Furniture,East,68,7,35,10,477.03,10,Cloudy,Yes,508.72,Spring
2024-01-25,S018,P0032,Furniture,East,426,80,115,102,116.78,20,Rainy,Yes,152.18,Spring
2024-04-17,S010,P0177,Electronics,Central,174,110,169,134,645.76,0,Rainy,No,689.0,Monsoon
2025-12-03,S016,P0144,Medical,Central,474,81,130,105,523.26,20,Cloudy,No,482.94,Spring
2024-09-21,S009,P0085,Clothing,North,299,117,126,116,198.06,20,Cloudy,No,187.92,Monsoon
2025-04-17,S018,P0279,Clothing,North,67,94,162,131,299.78,15,Storm,No,285.96,Winter
2024-06-02,S006,P0410,Stationery,East,158,49,45,40,79.49,0,Sunny,Yes,110.54,Winter
2025-12-08,S013,P0313,Stationery,South,229,11,55,30,186.81,0,Storm,Yes,139.11,Winter
2025-01-20,S007,P0036,Clothing,North,307,39,70,59,733.83,5,Sunny,Yes,688.55,Monsoon
2024-09-20,S012,P0409,Food,Central,129,28,77,55,749.57,10,Storm,No,699.99,Summer
2025-08-09,S009,P0406,Food,South,433,55,99,92,710.9,15,Storm,Yes,678.19,Winter
2025-06-21,S013,P0073,Electronics,South,461,76,133,102,46.71,0,Storm,No,27.58,Monsoon
2024-12-28,S007,P0145,Stationery,South,263,14,79,40,85.41,15,Sunny,No,103.39,Summer
2024-04-03,S014,P0340,Food,East,70,40,60,31,659.55,0,Rainy,Yes,695.9,Spring
2024-02-28,S008,P0373,Clothing,South,118,71,111,75,299.06,15,Cloudy,No,260.51,Winter
2025-03-02,S015,P0409,Electronics,West,361,120,165,129,142.36,5,Cloudy,Yes,123.82,Winter
2024-10-13,S009,P0114,Stationery,East,455,69,140,104,366.45,5,Cloudy,No,342.81,Monsoon
2025-02-22,S003,P0072,Stationery,North,489,55,96,58,486.28,20,Storm,Yes,440.48,Summer
2024-12-28,S020,P0240,Clothing,West,498,68,120,80,582.48,15,Storm,No,594.44,Spring
2024-10-14,S019,P0366,Electronics,South,213,89,137,106,383.36,15,Cloudy,Yes,413.8,Spring
2025-08-21,S005,P0083,Electronics,West,411,105,158,141,910.44,5,Cloudy,No,877.04,Summer
2025-12-19,S005,P0062,Clothing,West,89,116,167,149,724.25,10,Sunny,Yes,743.37,Winter
2024-10-17,S011,P0432,Medical,North,312,70,92,72,944.9,0,Rainy,No,978.56,Monsoon
2024-03-18,S018,P0465,Furniture,West,410,42,94,57,66.74,20,Storm,No,83.35,Summer
2025-09-26,S007,P0392,Clothing,North,254,78,118,116,46.0,15,Sunny,Yes,95.05,Spring
2025-01-01,S009,P0463,Clothing,North,38,120,168,147,68.33,5,Rainy,No,118.22,Monsoon
2024-02-08,S005,P0353,Electronics,Central,84,97,169,131,891.13,5,Cloudy,No,938.0,Winter
2024-07-14,S020,P0433,Stationery,East,425,17,22,16,366.28,20,Rainy,No,351.96,Winter
2025-09-14,S007,P0195,Electronics,North,375,61,85,58,397.51,10,Sunny,Yes,438.44,Spring
2024-01-01,S007,P0276,Furniture,West,124,21,48,46,673.87,5,Sunny,No,693.26,Monsoon
2025-12-13,S011,P0038,Clothing,Central,382,84,111,81,583.75,0,Sunny,Yes,599.18,Winter
2024-10-28,S016,P0121,Food,North,479,57,113,82,950.84,15,Rainy,Yes,912.39,Monsoon
2024-08-01,S019,P0307,Food,West,299,111,165,149,356.59,5,Rainy,Yes,342.84,Summer
2025-11-11,S006,P0159,Furniture,East,74,24,33,21,805.28,0,Storm,No,852.31,Spring
2024-05-11,S003,P0172,Furniture,Central,444,82,91,79,922.86,15,Cloudy,No,970.15,Winter
2025-01-28,S018,P0141,Medical,Central,21,14,48,22,730.56,5,Cloudy,No,681.5,Spring
2025-01-16,S017,P0056,Furniture,South,132,84,113,86,908.45,0,Cloudy,Yes,906.4,Summer
2025-12-11,S017,P0016,Stationery,North,145,59,105,88,72.38,15,Storm,No,57.39,Spring
2025-01-11,S018,P0382,Food,North,294,23,54,34,268.3,5,Rainy,Yes,268.93,Monsoon
2025-06-17,S020,P0032,Food,South,269,83,94,73,14.49,5,Cloudy,No,-31.32,Spring
2024-09-11,S013,P0384,Furniture,Central,218,59,102,74,201.84,5,Storm,Yes,227.48,Summer
2025-07-11,S006,P0043,Clothing,South,315,63,93,74,494.49,0,Cloudy,Yes,511.35,Summer
2025-08-06,S018,P0455,Medical,North,152,25,53,43,516.62,5,Cloudy,No,557.7,Monsoon
2025-10-01,S015,P0145,Clothing,West,408,108,122,122,300.94,5,Storm,Yes,306.47,Spring
2024-10-14,S006,P0317,Medical,South,297,15,33,18,343.85,20,Cloudy,No,391.41,Summer
2024-08-25,S019,P0127,Medical,South,475,46,87,85,411.88,20,Storm,Yes,393.11,Spring
2025-12-17,S004,P0307,Furniture,Central,94,116,145,133,547.36,5,Cloudy,No,520.37,Spring
2024-10-12,S004,P0333,Stationery,Central,201,106,135,112,425.43,0,Storm,No,461.42,Monsoon
2025-08-19,S006,P0311,Stationery,West,113,65,131,93,878.27,20,Cloudy,No,839.67,Monsoon
2025-06-16,S012,P0310,Electronics,North,447,119,146,117,500.51,20,Cloudy,Yes,523.83,Summer
2025-02-12,S018,P0258,Clothing,East,172,44,105,77,476.02,20,Sunny,Yes,435.67,Monsoon
2025-04-02,S019,P0403,Food,North,419,94,119,84,185.08,5,Storm,Yes,143.88,Monsoon
2025-06-08,S006,P0488,Food,North,458,74,105,72,265.84,10,Sunny,No,307.35,Monsoon
2024-11-29,S004,P0083,Electronics,West,333,16,51,17,868.37,20,Cloudy,No,874.91,Spring
2025-01-18,S007,P0402,Food,North,236,101,151,137,397.62,0,Cloudy,No,432.85,Winter
2025-12-27,S013,P0403,Medical,South,103,29,55,48,659.35,5,Sunny,Yes,645.63,Winter
2024-08-12,S015,P0318,Stationery,East,458,52,81,74,782.73,20,Sunny,No,795.69,Summer
2025-12-20,S015,P0089,Furniture,East,155,52,67,51,40.98,10,Sunny,No,41.62,Monsoon
2024-06-09,S006,P0187,Stationery,Central,454,26,63,54,615.28,15,Cloudy,No,643.95,Monsoon
2024-11-17,S017,P0372,Food,South,451,41,49,39,843.09,10,Sunny,Yes,822.53,Spring
2025-04-03,S014,P0383,Furniture,South,142,36,90,67,679.4,5,Rainy,Yes,674.99,Winter
2025-10-03,S012,P0449,Food,West,58,61,94,56,975.33,10,Rainy,Yes,1021.96,Monsoon
2025-10-26,S016,P0139,Medical,West,445,20,61,35,135.0,10,Rainy,No,154.07,Monsoon
2025-05-18,S017,P0219,Stationery,North,46,35,67,66,220.47,15,Rainy,No,194.8,Spring
2024-04-29,S003,P0273,Stationery,Central,368,63,106,74,265.27,0,Storm,No,248.64,Monsoon
2024-07-05,S015,P0140,Food,North,115,69,131,91,474.39,0,Sunny,Yes,469.0,Monsoon
2024-04-02,S017,P0231,Electronics,South,20,102,150,115,942.88,20,Cloudy,Yes,910.14,Spring
2024-03-29,S001,P0310,Food,North,321,80,123,87,450.45,10,Storm,No,401.96,Monsoon
2024-02-21,S010,P0496,Food,North,430,93,117,113,643.73,10,Sunny,No,616.6,Monsoon
2025-10-02,S018,P0414,Stationery,South,191,28,74,34,39.8,5,Sunny,Yes,84.56,Monsoon
2025-07-19,S007,P0057,Electronics,West,52,19,24,23,894.86,5,Cloudy,Yes,904.31,Monsoon
2024-05-10,S018,P0290,Food,North,95,118,169,156,270.27,0,Storm,Yes,303.42,Summer
2025-05-14,S018,P0449,Electronics,West,459,103,141,117,809.71,0,Sunny,No,825.44,Winter
2024-12-17,S018,P0118,Furniture,Central,387,117,136,110,296.87,10,Cloudy,Yes,256.42,Winter
2025-11-06,S017,P0290,Furniture,East,170,97,106,104,459.79,0,Rainy,Yes,437.13,Spring
2024-07-13,S010,P0334,Stationery,North,398,23,58,31,118.04,10,Sunny,Yes,83.67,Monsoon
2024-03-21,S013,P0190,Medical,South,170,117,148,142,146.95,20,Cloudy,Yes,153.58,Spring
2024-09-02,S014,P0014,Stationery,West,294,31,106,67,415.88,20,Cloudy,No,420.5,Spring
2025-06-06,S003,P0318,Clothing,West,342,113,148,120,61.12,20,Storm,No,96.33,Winter
2024-07-03,S007,P0003,Food,Central,343,36,80,64,871.85,20,Cloudy,No,847.35,Spring
2025-05-29,S008,P0030,Food,West,154,37,68,65,737.8,5,Sunny,No,768.71,Spring
2024-12-03,S003,P0260,Furniture,West,491,92,93,84,560.6,0,Storm,Yes,594.55,Winter
2025-06-06,S002,P0058,Electronics,North,57,105,167,129,544.29,5,Cloudy,No,541.57,Winter
2025-06-04,S008,P0397,Stationery,South,355,87,111,94,701.0,10,Cloudy,No,676.53,Spring
2024-05-17,S003,P0004,Medical,East,65,110,148,144,567.22,10,Cloudy,Yes,524.81,Spring
2024-12-28,S012,P0046,Clothing,West,479,101,164,124,936.5,0,Rainy,Yes,927.16,Winter
2024-01-08,S010,P0382,Electronics,East,292,70,127,94,656.22,15,Rainy,No,670.44,Spring
2024-06-18,S007,P0041,Clothing,Central,101,27,72,49,332.67,15,Rainy,No,361.57,Monsoon
2025-07-03,S015,P0214,Stationery,North,305,14,52,50,723.89,15,Sunny,Yes,693.97,Spring
2025-04-27,S011,P0354,Furniture,West,251,36,37,31,19.26,5,Cloudy,Yes,51.07,Summer
2024-12-04,S010,P0295,Clothing,North,500,74,91,84,697.68,10,Sunny,No,714.4,Monsoon
2025-03-17,S017,P0275,Electronics,North,465,113,141,133,235.04,15,Rainy,Yes,262.3,Winter
2025-03-25,S011,P0275,Stationery,West,213,114,155,153,330.92,20,Sunny,No,372.98,Summer
2025-01-12,S008,P0068,Clothing,East,134,93,140,111,412.23,15,Storm,No,410.08,Winter
2025-05-12,S016,P0430,Furniture,South,421,5,41,6,637.89,5,Sunny,No,683.18,Spring
2024-04-29,S013,P0268,Stationery,South,99,19,61,34,188.09,15,Storm,Yes,205.3,Monsoon
2024-06-22,S010,P0149,Food,North,288,77,86,70,178.43,20,Storm,No,160.89,Summer
2024-05-29,S010,P0065,Electronics,West,56,84,92,78,196.73,0,Cloudy,Yes,238.85,Monsoon
2025-12-08,S010,P0160,Food,South,292,104,142,116,259.24,10,Cloudy,Yes,284.05,Monsoon
2025-12-02,S007,P0047,Food,West,412,101,150,132,996.97,0,Cloudy,Yes,987.44,Spring
2024-02-26,S015,P0137,Furniture,North,47,12,30,16,446.23,0,Rainy,Yes,421.96,Spring
2025-11-20,S014,P0304,Electronics,South,222,7,52,20,35.89,20,Sunny,No,62.61,Winter
