Date,Store ID,Product ID,Category,Region,Inventory Level,Units Sold,Units Ordered,Demand Forecast,Price,Discount,Weather Condition,Holiday/Promotion,Competitor Pricing,Seasonality,Month,Year,Reorder
2025-10-16,S018,P0045,4,4,77,8,62,45,252.44,5,3,1,276.09,3,10,2025,0
2024-08-11,S015,P0302,0,2,139,69,98,97,565.63,20,1,0,557.58,0,8,2024,0
2024-10-11,S012,P0310,0,2,99,32,91,70,111.19,15,2,1,70.86,1,10,2024,0
2024-03-21,S003,P0024,5,3,302,42,111,72,886.6,10,0,1,894.34,2,3,2024,0
2024-04-13,S007,P0344,0,2,214,40,99,59,835.77,5,1,1,822.79,2,4,2024,0
2025-04-18,S002,P0118,1,1,214,39,104,69,227.42,10,2,0,261.71,3,4,2025,0
2024-08-04,S015,P0074,0,3,487,77,132,112,220.5,15,1,0,210.06,1,8,2024,0
2025-08-20,S004,P0079,5,3,224,51,63,55,514.43,0,2,1,540.01,1,8,2025,0
2025-01-25,S004,P0350,4,1,325,64,103,87,971.37,0,0,1,989.4,0,1,2025,0
2025-03-21,S004,P0446,5,1,100,63,69,53,972.17,5,1,1,972.94,0,3,2025,0
2024-06-14,S012,P0450,0,3,296,104,127,127,602.96,15,3,1,554.91,3,6,2024,0
2024-03-28,S018,P0085,0,0,394,67,95,61,768.18,5,2,1,784.16,2,3,2024,0
2025-12-31,S008,P0116,1,1,179,56,111,88,443.72,20,3,1,438.87,2,12,2025,0
2024-01-08,S003,P0264,3,1,56,95,128,125,236.65,0,2,1,272.61,2,1,2024,1
2025-08-07,S014,P0182,2,4,315,65,100,70,809.42,5,2,1,768.85,3,8,2025,0
2024-03-03,S005,P0217,3,1,226,98,115,109,256.17,5,2,1,259.8,3,3,2024,0
2025-03-29,S003,P0475,3,3,433,115,146,140,60.08,20,2,0,93.68,1,3,2025,0
2024-08-06,S015,P0147,2,0,462,56,59,49,385.18,15,2,1,361.7,2,8,2024,0
2024-10-30,S019,P0245,4,0,131,12,73,39,70.35,10,1,1,26.07,3,10,2024,0
2024-07-09,S020,P0021,4,2,55,81,90,75,409.74,20,2,0,384.36,0,7,2024,1
2024-07-28,S010,P0235,0,2,362,96,121,106,272.96,5,3,0,290.13,3,7,2024,0
2024-03-16,S008,P0190,0,3,295,32,70,54,141.13,10,2,0,179.22,3,3,2024,0
2025-11-14,S004,P0381,4,3,438,75,90,84,939.54,5,0,0,915.99,2,11,2025,0
2024-12-17,S002,P0048,5,4,124,92,138,122,510.35,10,0,1,550.88,3,12,2024,0
2024-12-07,S014,P0288,1,2,414,21,67,51,169.97,15,3,1,175.14,3,12,2024,0
2025-01-13,S002,P0461,0,3,318,75,101,74,136.17,10,1,1,122.64,0,1,2025,0
2025-07-27,S006,P0452,2,2,472,116,171,132,751.98,5,1,0,788.44,1,7,2025,0
2025-11-16,S002,P0440,2,3,462,99,121,104,167.61,0,1,0,155.86,0,11,2025,0
2024-11-08,S009,P0443,1,1,440,106,124,110,33.43,5,0,0,23.28,0,11,2024,0
2024-01-29,S020,P0223,0,1,79,117,134,123,584.78,10,2,1,538.61,1,1,2024,1
2025-08-13,S007,P0187,2,2,117,37,56,29,11.67,20,0,0,30.36,3,8,2025,0
2024-11-03,S007,P0216,5,4,279,44,102,76,332.92,10,1,0,338.36,1,11,2024,0
2025-07-15,S011,P0239,2,4,446,5,32,14,218.08,20,1,0,228.75,2,7,2025,0
2025-11-05,S008,P0345,0,3,63,41,103,63,623.07,0,1,1,654.91,3,11,2025,0
2024-02-17,S013,P0254,2,3,145,65,98,94,460.86,20,1,1,430.3,3,2,2024,0
2025-03-11,S004,P0234,3,4,132,27,94,61,469.9,20,0,0,444.82,1,3,2025,0
2025-07-15,S009,P0393,4,4,248,119,149,119,455.57,5,1,0,489.56,1,7,2025,0
2024-03-20,S005,P0119,2,3,385,41,63,46,342.49,20,1,1,300.55,1,3,2024,0
2025-02-21,S019,P0485,5,2,189,74,119,93,71.64,15,2,0,60.59,3,2,2025,0
2024-12-26,S008,P0250,3,1,172,101,141,115,542.84,20,2,0,572.83,3,12,2024,0
2025-02-02,S020,P0274,1,4,192,90,148,123,726.94,15,3,1,768.89,1,2,2025,0
2024-05-18,S011,P0173,2,1,463,64,68,65,267.55,10,2,0,238.72,3,5,2024,0
2025-04-26,S003,P0400,5,2,29,100,127,124,999.91,10,3,1,972.33,2,4,2025,1
2024-01-21,S007,P0239,5,1,338,24,37,29,478.83,0,0,1,485.23,3,1,2024,0
2024-06-16,S013,P0204,5,3,179,18,46,45,929.6,20,3,1,947.33,3,6,2024,0
2025-12-14,S012,P0273,2,1,415,43,114,76,807.47,20,3,0,835.73,3,12,2025,0
2025-03-06,S014,P0091,5,0,441,67,90,63,961.18,15,0,0,981.91,1,3,2025,0
2025-03-22,S003,P0143,2,3,442,98,142,125,329.08,5,2,0,362.15,0,3,2025,0
2024-01-30,S011,P0144,4,1,273,113,134,123,492.67,10,3,1,522.45,3,1,2024,0
2024-09-04,S016,P0230,1,2,388,57,113,78,760.58,15,0,1,775.17,1,9,2024,0
2025-12-09,S014,P0382,4,1,144,44,113,76,375.33,20,0,0,378.42,0,12,2025,0
2024-11-09,S006,P0099,3,4,148,34,43,31,322.39,20,0,0,367.48,3,11,2024,0
2024-07-17,S002,P0499,1,0,171,34,58,47,309.24,20,0,1,271.9,1,7,2024,0
2024-04-15,S002,P0130,2,2,466,6,50,32,474.7,15,3,0,458.77,1,4,2024,0
2024-03-16,S003,P0128,1,0,315,85,121,118,160.21,20,2,1,205.12,1,3,2024,0
2025-04-06,S002,P0313,5,2,485,61,107,70,990.13,10,1,1,996.99,0,4,2025,0
2025-11-07,S015,P0353,4,4,61,25,41,30,556.47,5,0,1,506.74,2,11,2025,0
2024-10-22,S019,P0339,3,4,381,41,104,75,80.47,5,3,1,122.86,2,10,2024,0
2024-09-29,S019,P0472,0,4,443,23,20,17,174.26,10,3,0,183.76,0,9,2024,0
2025-12-17,S014,P0377,0,0,226,39,95,61,498.86,0,0,1,508.66,3,12,2025,0
2024-08-22,S006,P0241,4,4,365,112,175,138,951.28,10,0,1,958.9,1,8,2024,0
2025-10-12,S004,P0440,3,1,436,67,92,62,354.48,10,2,0,336.59,0,10,2025,0
2025-11-09,S011,P0060,2,0,225,109,182,147,46.33,0,3,0,27.78,1,11,2025,0
2024-02-25,S007,P0137,4,3,116,71,123,84,758.88,15,0,0,784.88,1,2,2024,0
2024-05-04,S018,P0209,1,3,34,85,128,113,712.68,10,3,0,717.76,3,5,2024,1
2025-10-25,S016,P0242,3,4,446,24,63,45,513.78,10,1,0,505.33,2,10,2025,0
2025-09-05,S017,P0137,1,1,280,100,102,98,283.48,15,0,0,267.47,2,9,2025,0
2025-04-02,S011,P0446,3,3,295,66,99,78,556.4,20,2,1,544.12,1,4,2025,0
2024-02-14,S002,P0065,4,0,182,100,144,120,392.22,5,0,1,391.75,1,2,2024,0
2024-04-12,S009,P0174,4,4,289,63,62,53,415.88,5,3,0,373.36,1,4,2024,0
2024-11-20,S008,P0324,5,1,340,96,165,134,873.66,0,1,1,885.41,1,11,2024,0
2024-04-10,S002,P0167,1,1,409,86,127,121,449.24,10,0,0,489.58,1,4,2024,0
2024-05-29,S003,P0313,2,0,145,72,124,88,684.98,5,1,0,651.98,2,5,2024,0
2024-08-25,S015,P0462,0,0,256,86,121,92,262.77,0,1,1,302.66,1,8,2024,0
2024-12-19,S007,P0197,2,2,320,43,100,73,693.41,15,1,0,727.94,0,12,2024,0
2025-08-11,S019,P0443,5,2,171,94,103,102,978.17,15,2,0,955.62,2,8,2025,0
2025-09-13,S005,P0322,1,2,430,50,94,54,198.23,10,0,0,216.01,3,9,2025,0
2025-08-16,S006,P0103,3,0,206,98,101,96,910.53,10,0,0,935.28,2,8,2025,0
2024-09-20,S015,P0494,1,3,487,110,148,130,749.09,10,1,0,779.51,0,9,2024,0
2024-04-02,S009,P0300,2,1,424,55,61,45,541.21,15,3,1,528.07,1,4,2024,0
2024-01-26,S015,P0466,5,1,337,118,163,143,916.1,5,2,1,930.87,2,1,2024,0
2024-02-16,S015,P0190,5,0,39,43,71,64,106.22,20,2,1,69.79,1,2,2024,1
2025-11-01,S012,P0112,2,4,70,111,171,132,414.03,10,1,0,367.3,3,11,2025,1
2025-12-03,S004,P0486,2,2,208,74,127,105,69.94,10,1,1,38.92,3,12,2025,0
2024-12-07,S007,P0417,3,1,144,21,97,61,213.15,20,1,1,183.87,0,12,2024,0
2024-05-28,S012,P0405,3,0,86,74,91,80,118.83,0,0,1,82.01,2,5,2024,0
2024-09-28,S012,P0263,4,2,46,21,84,58,530.82,0,2,1,528.44,3,9,2024,1
2025-11-05,S014,P0352,1,4,286,43,63,62,70.22,15,2,1,104.95,3,11,2025,0
2024-11-25,S011,P0196,4,0,331,23,25,17,282.27,20,0,0,287.11,1,11,2024,0
2024-04-11,S008,P0212,0,4,426,94,126,91,723.63,5,2,0,716.64,3,4,2024,0
2024-11-16,S016,P0035,1,2,238,45,93,77,380.56,5,3,0,399.24,3,11,2024,0
2025-01-16,S004,P0211,0,4,435,21,49,46,590.6,20,3,0,596.77,0,1,2025,0
2024-12-26,S004,P0180,4,1,73,78,113,100,163.18,15,3,0,135.6,2,12,2024,1
2025-03-15,S009,P0015,3,1,452,76,154,115,617.44,20,0,0,570.07,0,3,2025,0
2024-01-07,S001,P0047,5,0,112,116,151,115,660.77,0,1,0,624.96,1,1,2024,1
2025-04-09,S002,P0080,3,0,194,25,57,38,724.38,20,3,1,734.0,0,4,2025,0
2025-03-29,S017,P0059,0,4,358,59,118,80,447.62,10,3,0,419.18,1,3,2025,0
2025-06-23,S007,P0155,3,3,361,44,50,36,401.31,20,0,0,356.79,0,6,2025,0
2024-05-02,S008,P0257,4,1,23,68,132,105,183.94,15,3,0,187.2,3,5,2024,1
2025-03-22,S014,P0149,1,4,29,63,77,57,580.0,20,3,0,570.44,2,3,2025,1
2025-09-24,S019,P0206,4,2,255,111,168,145,97.25,0,2,0,71.58,0,9,2025,0
2024-08-14,S007,P0464,0,1,190,104,108,104,515.38,0,1,1,518.44,3,8,2024,0
2024-05-29,S016,P0238,4,0,151,30,69,31,161.34,0,2,0,129.05,0,5,2024,0
2024-06-03,S012,P0260,1,1,245,13,61,33,635.07,10,2,0,644.21,3,6,2024,0
2024-02-28,S017,P0197,2,0,208,111,123,119,648.22,0,3,0,659.72,2,2,2024,0
2024-11-25,S011,P0366,1,0,329,65,96,87,958.15,15,1,1,918.5,2,11,2024,0
2025-12-25,S010,P0199,2,1,244,61,117,84,613.71,10,3,0,601.0,3,12,2025,0
2024-12-03,S011,P0042,4,3,68,76,133,109,291.31,20,0,0,328.64,1,12,2024,1
2024-05-12,S017,P0048,5,4,324,95,109,90,563.33,10,0,1,594.65,0,5,2024,0
2024-11-12,S010,P0433,1,0,112,32,74,43,200.09,5,3,0,165.58,2,11,2024,0
2025-09-03,S006,P0370,2,2,212,24,35,24,833.03,20,2,0,863.93,2,9,2025,0
2025-03-30,S016,P0463,3,1,332,41,107,79,241.66,5,2,0,222.61,0,3,2025,0
2025-01-26,S009,P0027,5,4,277,72,98,88,818.72,20,0,1,782.56,3,1,2025,0
2024-10-18,S014,P0047,3,4,62,102,119,102,454.83,20,0,1,419.56,1,10,2024,1
2024-02-24,S001,P0164,1,1,222,69,97,82,392.3,0,1,1,379.79,3,2,2024,0
2024-10-20,S001,P0464,1,2,489,111,139,131,761.25,15,0,1,756.11,2,10,2024,0
2025-07-15,S004,P0025,3,4,392,82,132,105,120.07,10,2,1,93.83,3,7,2025,0
2025-05-26,S010,P0220,1,0,325,73,104,64,520.22,5,0,1,542.07,1,5,2025,0
2024-07-10,S018,P0260,4,0,360,90,118,85,974.91,0,3,0,1020.25,1,7,2024,0
2024-02-14,S012,P0124,5,2,345,54,83,67,749.84,10,0,1,778.69,3,2,2024,0
2024-12-26,S016,P0324,3,3,299,48,90,79,832.08,15,3,0,880.16,3,12,2024,0
2024-10-27,S017,P0204,4,4,123,10,62,50,886.93,10,0,1,930.27,2,10,2024,0
2024-10-19,S012,P0224,2,4,202,115,157,154,867.14,10,2,0,844.46,2,10,2024,0
2025-05-23,S003,P0221,4,3,374,68,114,81,274.05,0,0,0,296.76,3,5,2025,0
2024-03-22,S015,P0180,2,2,187,89,116,97,451.46,15,0,0,418.12,0,3,2024,0
2025-10-16,S006,P0488,1,3,425,12,46,6,412.15,20,2,1,442.26,2,10,2025,0
2024-03-09,S005,P0348,2,1,140,104,158,135,368.53,20,0,0,321.77,3,3,2024,0
2025-08-10,S004,P0014,5,3,90,72,110,85,321.24,10,2,0,296.2,3,8,2025,0
2024-09-25,S016,P0103,1,3,416,38,101,73,222.42,20,3,0,200.98,2,9,2024,0
2025-12-31,S010,P0457,0,3,247,16,69,49,671.16,0,1,0,676.16,2,12,2025,0
2024-05-04,S019,P0189,2,0,122,106,119,104,792.47,0,1,1,778.56,3,5,2024,0
2024-11-12,S003,P0065,0,2,223,96,162,132,530.44,15,2,0,562.77,0,11,2024,0
2024-05-11,S005,P0222,4,2,469,111,185,150,643.4,5,3,1,670.18,0,5,2024,0
2024-06-17,S003,P0129,3,0,102,46,95,81,352.56,20,0,1,392.05,0,6,2024,0
2025-09-21,S020,P0369,4,1,293,16,48,38,595.89,20,3,1,561.31,3,9,2025,0
2024-02-16,S001,P0255,5,0,348,103,145,129,654.62,20,0,0,646.28,1,2,2024,0
2024-09-07,S006,P0226,2,4,432,108,166,141,304.46,0,2,1,323.32,0,9,2024,0
2025-09-13,S005,P0390,0,0,93,45,100,80,736.86,10,3,0,784.4,2,9,2025,0
2025-04-22,S013,P0443,4,4,82,39,72,57,149.47,0,1,1,128.49,0,4,2025,0
2025-08-14,S010,P0255,1,2,389,45,57,47,503.28,20,2,0,499.96,2,8,2025,0
2024-08-08,S016,P0147,4,2,318,50,46,43,288.54,20,3,0,326.77,2,8,2024,0
2024-09-27,S018,P0100,0,0,392,51,114,89,372.28,15,0,1,327.4,1,9,2024,0
2025-05-31,S004,P0066,1,4,250,102,144,127,827.06,20,0,0,845.1,0,5,2025,0
2024-05-27,S011,P0412,2,0,121,82,129,104,505.08,0,2,1,458.97,2,5,2024,0
2024-12-01,S010,P0304,0,0,496,83,103,93,399.03,20,2,0,422.96,1,12,2024,0
2024-01-18,S001,P0306,2,1,208,47,87,80,980.1,20,1,1,960.87,1,1,2024,0
2024-06-23,S008,P0017,4,2,288,85,160,121,776.86,15,1,1,741.64,1,6,2024,0
2024-11-17,S002,P0362,3,0,234,24,53,40,416.27,20,1,0,458.32,1,11,2024,0
2025-06-22,S009,P0313,2,3,212,45,75,46,913.0,10,1,0,917.63,0,6,2025,0
2024-08-18,S012,P0287,5,1,172,103,124,111,693.34,15,0,1,675.04,1,8,2024,0
2025-02-08,S003,P0178,2,1,439,49,97,88,297.55,10,2,1,343.08,2,2,2025,0
2025-07-05,S008,P0125,1,0,158,76,127,110,145.9,20,1,1,169.99,3,7,2025,0
2024-04-12,S018,P0476,3,4,231,47,112,82,109.54,5,2,0,60.06,2,4,2024,0
2024-10-21,S008,P0274,5,2,184,41,75,72,908.86,0,1,0,924.09,2,10,2024,0
2024-02-07,S001,P0153,4,0,448,55,126,95,194.45,10,3,0,232.12,0,2,2024,0
2025-04-10,S015,P0140,3,2,348,74,128,97,890.37,5,0,1,925.48,1,4,2025,0
2025-10-25,S007,P0090,4,4,151,96,97,97,739.25,10,2,0,746.03,3,10,2025,0
2025-02-14,S013,P0121,2,1,362,17,26,18,482.68,5,0,0,433.36,3,2,2025,0
2024-09-24,S006,P0208,5,0,354,51,100,85,71.5,0,0,1,68.04,0,9,2024,0
2025-01-11,S020,P0192,2,0,334,33,45,37,483.4,15,2,1,508.17,2,1,2025,0
2025-11-27,S003,P0470,4,2,406,81,126,121,530.25,20,3,1,550.63,2,11,2025,0
2024-06-17,S016,P0047,4,4,187,114,165,137,125.08,5,3,0,146.77,2,6,2024,0
2025-06-09,S013,P0131,1,3,232,63,92,89,563.21,10,3,1,585.54,1,6,2025,0
2024-12-18,S016,P0017,0,4,378,13,40,37,935.24,0,1,1,983.85,1,12,2024,0
2025-01-18,S012,P0061,3,0,476,53,95,71,381.89,20,2,1,345.19,2,1,2025,0
2024-01-04,S013,P0422,3,3,407,7,45,16,676.76,20,2,0,669.17,2,1,2024,0
2024-10-09,S001,P0124,3,2,116,117,160,153,41.9,15,3,1,53.39,1,10,2024,1
2025-09-04,S018,P0112,1,3,364,95,103,88,743.14,15,0,1,737.04,0,9,2025,0
2025-08-14,S017,P0114,2,1,326,103,156,136,244.53,5,0,1,293.1,2,8,2025,0
2025-10-03,S013,P0403,4,1,367,59,115,84,56.42,10,2,0,100.58,2,10,2025,0
2024-11-03,S005,P0413,2,2,212,28,100,66,478.78,5,2,0,458.85,2,11,2024,0
2025-02-01,S003,P0275,5,3,144,37,61,40,650.24,15,3,0,684.95,1,2,2025,0
2025-11-20,S018,P0112,2,3,329,82,78,74,196.28,20,0,0,218.71,3,11,2025,0
2024-08-04,S020,P0361,3,4,499,29,73,66,749.41,15,1,0,790.85,0,8,2024,0
2025-01-24,S016,P0239,1,4,258,73,126,104,315.34,10,0,1,316.62,0,1,2025,0
2024-11-16,S019,P0297,5,4,231,10,50,36,743.84,0,0,1,719.92,2,11,2024,0
2024-12-03,S016,P0495,5,4,137,53,94,79,504.31,10,2,1,480.04,0,12,2024,0
2024-06-22,S002,P0269,1,2,91,97,152,121,192.21,20,3,1,241.24,1,6,2024,1
2024-05-20,S015,P0192,1,0,451,85,93,89,710.1,0,2,0,681.97,3,5,2024,0
2024-01-07,S010,P0009,4,4,292,75,91,91,26.56,10,1,1,30.13,3,1,2024,0
2025-06-20,S013,P0041,0,4,96,35,76,37,531.19,10,2,1,507.92,2,6,2025,0
2024-11-03,S016,P0029,5,2,370,110,107,105,102.57,15,1,1,90.29,1,11,2024,0
2025-03-20,S002,P0118,3,0,350,105,152,116,977.56,0,2,0,1017.04,3,3,2025,0
2024-03-17,S011,P0009,3,0,370,40,100,64,661.53,5,1,0,704.41,3,3,2024,0
2024-11-02,S018,P0170,2,3,103,77,118,82,836.3,15,3,0,854.0,3,11,2024,0
2024-04-10,S013,P0497,0,2,243,34,49,28,609.12,20,0,0,654.61,1,4,2024,0
2024-08-21,S003,P0396,4,1,202,75,116,89,193.88,20,1,1,209.95,3,8,2024,0
2024-10-01,S004,P0047,1,1,98,53,128,88,162.73,15,2,0,144.4,0,10,2024,0
2024-04-14,S004,P0014,1,1,87,16,44,17,454.36,20,3,0,455.6,1,4,2024,0
2024-01-13,S008,P0293,4,3,169,57,76,71,727.6,20,2,1,768.12,2,1,2024,0
2024-10-02,S010,P0248,1,1,174,39,69,60,72.63,15,0,1,50.23,1,10,2024,0
2025-08-31,S011,P0431,4,4,335,30,55,49,144.13,0,0,0,189.01,0,8,2025,0
2025-03-16,S007,P0246,0,3,437,110,179,141,144.76,10,2,0,155.08,0,3,2025,0
2025-12-12,S013,P0187,1,0,344,67,108,93,332.63,10,1,1,364.28,3,12,2025,0
2025-04-17,S014,P0345,2,3,382,31,67,49,832.97,0,0,1,864.87,0,4,2025,0
2025-11-05,S013,P0274,4,4,98,96,137,113,83.23,20,3,0,81.15,3,11,2025,1
2024-04-21,S013,P0496,0,4,413,36,90,68,174.68,20,3,1,129.11,3,4,2024,0
2024-09-21,S012,P0201,2,0,133,70,140,107,562.41,20,1,0,534.51,3,9,2024,0
2025-05-09,S011,P0234,3,0,73,42,63,58,124.91,5,2,0,109.74,1,5,2025,0
2024-04-09,S004,P0012,0,2,244,97,159,131,325.72,10,1,1,280.19,2,4,2024,0
2025-07-19,S006,P0096,5,4,101,47,99,72,958.88,5,2,1,988.66,2,7,2025,0
2025-04-05,S003,P0296,1,0,323,59,73,73,707.69,5,1,0,685.52,0,4,2025,0
2024-07-20,S020,P0201,4,2,254,19,56,25,532.44,10,0,0,542.14,1,7,2024,0
2025-09-24,S005,P0161,1,3,108,109,161,142,919.5,20,0,1,877.98,2,9,2025,1
2025-01-17,S014,P0096,2,0,375,23,69,45,424.06,5,1,1,431.54,1,1,2025,0
2024-10-22,S016,P0070,3,4,91,28,66,38,623.22,10,2,0,668.4,1,10,2024,0
2025-03-01,S008,P0150,1,1,383,112,161,130,175.58,20,1,0,128.67,2,3,2025,0
2025-04-13,S009,P0397,4,1,309,100,170,139,554.23,0,3,0,561.5,2,4,2025,0
2025-03-11,S012,P0442,1,4,72,99,145,130,304.73,0,3,1,299.7,2,3,2025,1
2025-08-25,S007,P0417,3,2,372,49,123,84,636.44,5,0,0,648.06,2,8,2025,0
2024-11-27,S004,P0070,2,2,380,42,86,50,274.67,20,0,1,323.22,2,11,2024,0
2024-09-12,S019,P0324,0,4,94,96,121,106,763.86,15,2,0,762.81,3,9,2024,1
2025-10-10,S012,P0233,2,1,426,117,161,156,408.82,10,3,1,428.29,1,10,2025,0
2025-10-12,S014,P0423,3,4,360,94,110,106,797.72,15,0,0,769.5,0,10,2025,0
2024-12-11,S002,P0024,1,4,300,78,112,76,853.9,10,3,1,893.32,2,12,2024,0
2025-03-27,S010,P0082,0,2,253,5,34,22,995.74,5,0,0,1033.95,3,3,2025,0
2025-01-15,S008,P0220,5,2,360,120,161,151,61.27,10,3,1,83.87,2,1,2025,0
2025-05-03,S011,P0419,1,4,59,21,62,48,524.25,15,1,0,475.18,3,5,2025,0
2024-08-22,S005,P0196,3,3,216,16,58,52,112.17,10,3,1,150.27,2,8,2024,0
2025-03-26,S015,P0441,3,2,199,97,140,100,750.79,15,3,1,762.4,3,3,2025,0
2025-08-26,S003,P0128,4,0,393,54,93,66,321.36,5,0,1,296.14,0,8,2025,0
2024-07-29,S008,P0254,2,2,285,82,116,104,750.37,10,1,0,764.99,3,7,2024,0
2025-06-24,S018,P0350,3,4,475,6,39,19,140.66,20,3,1,132.75,3,6,2025,0
2024-01-15,S017,P0393,2,4,154,32,27,24,949.19,15,2,1,949.85,2,1,2024,0
2024-10-11,S013,P0301,5,2,62,44,71,39,921.72,5,0,0,925.36,2,10,2024,0
2024-02-29,S006,P0062,1,3,145,16,40,33,458.84,20,3,1,414.34,1,2,2024,0
2024-12-21,S009,P0376,1,2,287,71,127,111,175.29,5,0,0,200.27,0,12,2024,0
2025-06-20,S012,P0029,2,0,52,38,109,73,631.26,15,1,0,626.78,2,6,2025,1
2024-09-18,S001,P0126,1,4,415,18,51,44,236.12,20,0,0,186.38,2,9,2024,0
2024-07-02,S008,P0214,5,1,496,114,141,106,805.08,15,0,1,777.53,0,7,2024,0
2024-05-02,S013,P0036,2,1,277,91,95,84,230.95,20,0,0,279.09,3,5,2024,0
2025-07-20,S008,P0238,0,0,253,6,31,19,298.68,10,2,1,322.64,2,7,2025,0
2024-06-03,S001,P0389,5,4,23,57,62,48,546.13,0,0,1,591.23,2,6,2024,1
2025-06-26,S003,P0023,3,0,141,58,82,79,972.83,5,2,0,994.0,1,6,2025,0
2024-03-27,S019,P0032,2,3,317,17,47,39,640.84,15,1,0,598.32,0,3,2024,0
2024-11-18,S007,P0070,4,2,494,107,142,122,324.88,10,1,1,298.24,2,11,2024,0
2025-04-05,S015,P0136,1,2,258,45,68,61,540.57,5,1,0,535.76,3,4,2025,0
2024-08-08,S013,P0263,1,1,447,114,133,124,100.3,5,0,1,147.14,3,8,2024,0
2025-02-18,S005,P0063,1,2,457,62,122,87,257.35,15,1,1,217.54,2,2,2025,0
2025-02-14,S003,P0012,1,3,210,92,127,122,586.5,10,2,1,628.24,3,2,2025,0
2024-12-05,S013,P0255,1,4,82,10,32,29,176.31,20,2,1,169.63,0,12,2024,0
2024-08-07,S020,P0316,3,1,485,28,52,35,451.55,5,2,0,405.01,1,8,2024,0
2024-03-03,S018,P0407,1,4,64,40,62,54,425.04,20,0,0,399.95,1,3,2024,0
2024-12-18,S020,P0113,1,1,487,77,119,99,394.5,5,3,0,347.11,0,12,2024,0
2025-08-21,S002,P0392,3,0,139,25,36,21,660.3,10,2,0,663.67,2,8,2025,0
2024-06-29,S012,P0486,4,0,141,80,112,90,914.84,0,1,1,935.19,1,6,2024,0
2025-07-09,S001,P0270,2,2,178,27,50,48,99.35,5,0,1,109.52,2,7,2025,0
2024-12-14,S005,P0397,1,0,387,27,40,37,31.69,20,0,1,52.16,0,12,2024,0
2025-12-22,S006,P0375,2,4,359,55,88,82,343.2,10,0,1,306.85,0,12,2025,0
2024-08-16,S001,P0486,5,0,360,80,105,81,313.75,10,2,1,276.48,2,8,2024,0
2025-09-08,S005,P0170,5,2,182,108,151,137,643.25,0,1,0,686.92,0,9,2025,0
2024-06-20,S009,P0108,3,2,345,118,153,113,731.99,10,0,0,726.65,3,6,2024,0
2024-01-02,S013,P0180,4,4,44,54,98,72,969.41,15,3,0,968.72,2,1,2024,1
2024-06-15,S003,P0176,3,4,251,14,24,6,29.88,10,1,1,75.05,3,6,2024,0
2024-12-12,S014,P0081,1,2,324,83,104,103,437.01,5,0,1,447.74,2,12,2024,0
2025-02-23,S004,P0026,2,0,376,75,145,111,272.61,10,2,1,252.35,3,2,2025,0
2025-01-04,S004,P0014,3,3,21,59,72,54,825.66,20,0,1,823.69,1,1,2025,1
2024-04-28,S018,P0199,3,1,177,105,150,120,494.21,10,2,0,453.32,2,4,2024,0
2025-04-01,S005,P0386,5,2,42,38,85,56,270.77,10,3,0,277.19,1,4,2025,1
2025-08-26,S016,P0294,3,4,136,75,92,68,820.22,15,0,1,866.78,1,8,2025,0
2024-02-05,S015,P0089,3,3,277,78,137,101,680.76,20,1,1,645.5,3,2,2024,0
2025-03-09,S009,P0164,5,2,60,92,121,109,997.3,5,3,0,1030.71,1,3,2025,1
2025-07-19,S020,P0301,4,4,186,114,154,121,463.58,0,3,0,492.24,2,7,2025,0
2024-05-31,S010,P0445,4,1,310,80,113,107,925.68,20,2,0,953.63,1,5,2024,0
2025-11-01,S020,P0312,5,4,268,78,136,106,47.09,10,3,0,37.39,0,11,2025,0
2025-12-08,S010,P0160,0,4,141,11,78,48,921.63,10,3,1,873.65,2,12,2025,0
2024-11-03,S003,P0097,2,3,400,61,120,100,276.73,15,2,0,287.23,0,11,2024,0
2024-02-27,S017,P0451,4,2,283,106,110,106,318.01,20,1,1,308.35,2,2,2024,0
2024-02-29,S015,P0259,2,2,147,9,31,28,918.85,5,3,1,896.25,0,2,2024,0
2025-05-15,S009,P0384,5,2,324,62,93,63,591.01,10,0,1,575.43,1,5,2025,0
2024-02-20,S009,P0334,2,0,103,114,153,140,858.54,5,3,1,876.31,1,2,2024,1
2024-05-15,S010,P0365,5,1,351,27,55,55,231.53,20,2,0,262.04,0,5,2024,0
2025-04-15,S004,P0004,4,1,149,32,70,51,680.42,20,0,0,670.14,3,4,2025,0
2025-05-08,S010,P0097,3,0,52,48,95,55,331.89,10,1,1,308.0,1,5,2025,1
2025-11-07,S014,P0208,2,2,183,92,91,90,658.85,10,1,0,634.79,2,11,2025,0
2025-12-03,S006,P0431,5,0,293,86,156,126,907.46,10,1,0,908.19,3,12,2025,0
2025-04-27,S011,P0336,1,3,85,99,140,105,765.29,5,0,1,809.98,0,4,2025,1
2025-03-06,S004,P0241,1,0,423,118,152,129,267.95,10,3,0,264.33,2,3,2025,0
2025-05-27,S005,P0071,3,1,81,116,173,149,534.54,15,2,0,489.95,2,5,2025,1
2024-11-19,S002,P0003,2,1,461,96,102,97,492.71,5,1,1,474.05,2,11,2024,0
2025-05-16,S013,P0220,2,4,422,102,146,141,138.11,15,3,1,151.46,2,5,2025,0
2025-01-17,S008,P0116,5,1,27,119,162,129,198.67,0,0,1,211.34,3,1,2025,1
2025-01-27,S010,P0234,5,0,277,80,99,89,74.63,0,0,0,54.45,2,1,2025,0
2024-12-16,S008,P0373,3,3,481,67,91,79,173.23,15,3,1,125.14,3,12,2024,0
2025-01-10,S020,P0025,4,2,384,88,130,128,381.44,10,3,1,408.56,3,1,2025,0
2025-12-07,S005,P0106,5,2,79,58,100,76,132.36,10,0,0,129.8,3,12,2025,0
2025-11-09,S004,P0262,5,0,286,39,106,68,703.72,15,3,0,736.79,3,11,2025,0
2024-04-18,S012,P0361,2,1,274,30,70,58,780.18,20,1,1,827.49,1,4,2024,0
2024-07-31,S019,P0343,2,3,372,66,92,77,12.71,0,3,1,53.4,3,7,2024,0
2024-09-19,S006,P0448,1,1,349,34,71,53,271.48,0,0,0,231.46,1,9,2024,0
2024-04-28,S006,P0169,0,4,68,113,153,151,19.58,5,0,1,35.92,0,4,2024,1
2024-12-16,S016,P0410,2,3,113,19,59,34,962.69,10,3,1,996.26,3,12,2024,0
2024-06-12,S013,P0399,0,0,73,58,115,85,804.24,15,3,1,772.37,1,6,2024,1
2025-05-14,S001,P0361,5,0,77,118,162,134,55.51,10,1,0,71.01,3,5,2025,1
2025-03-19,S018,P0457,4,2,358,98,133,103,352.29,15,3,1,317.16,1,3,2025,0
2025-05-22,S002,P0260,3,0,465,26,51,20,327.43,10,2,0,374.44,2,5,2025,0
2024-03-21,S004,P0255,5,2,255,61,115,87,97.14,15,3,0,91.85,1,3,2024,0
2024-02-06,S017,P0288,3,4,305,75,70,65,793.87,20,0,0,807.62,3,2,2024,0
2024-08-16,S012,P0367,2,2,452,63,109,74,769.74,20,3,1,767.05,3,8,2024,0
2024-12-15,S002,P0460,3,4,201,111,159,141,552.21,10,1,0,572.42,3,12,2024,0
2024-09-17,S007,P0367,0,2,332,30,39,32,930.91,15,2,1,902.47,3,9,2024,0
2025-04-06,S002,P0284,2,0,254,89,148,116,143.29,15,2,1,93.72,2,4,2025,0
2024-05-11,S013,P0215,4,3,73,54,124,86,610.1,10,0,0,610.51,0,5,2024,1
2024-10-28,S018,P0441,0,0,251,108,114,106,418.62,20,1,1,398.51,2,10,2024,0
2025-10-01,S006,P0258,4,1,385,42,97,75,921.98,5,3,0,970.11,1,10,2025,0
2025-08-19,S014,P0414,1,0,312,90,151,125,677.5,20,3,1,656.09,1,8,2025,0
2024-05-28,S009,P0075,1,1,47,90,95,83,274.31,5,1,1,322.66,0,5,2024,1
2025-04-08,S017,P0402,5,1,72,83,151,116,866.19,20,3,0,855.08,1,4,2025,1
2025-03-02,S015,P0425,3,1,423,92,137,102,63.26,10,1,1,33.57,0,3,2025,0
2025-04-04,S002,P0220,0,0,110,92,97,86,962.85,20,0,1,924.79,2,4,2025,0
2025-08-21,S011,P0306,1,0,453,37,48,27,471.67,5,0,0,425.66,0,8,2025,0
2024-03-15,S017,P0082,2,0,421,95,138,105,227.76,5,2,1,229.82,0,3,2024,0
2024-08-14,S020,P0272,2,0,472,32,85,64,337.76,10,3,1,309.6,0,8,2024,0
2025-04-01,S011,P0196,1,4,143,120,190,151,919.42,5,0,0,965.31,3,4,2025,1
2025-06-13,S010,P0460,5,3,440,103,148,116,804.79,15,0,1,803.47,3,6,2025,0
2024-06-20,S007,P0443,5,4,415,73,97,97,630.66,5,3,1,647.69,1,6,2024,0
2025-10-24,S003,P0028,3,1,438,14,60,51,33.52,10,3,1,-12.69,0,10,2025,0
2025-02-21,S004,P0274,1,0,218,62,117,92,438.69,0,3,1,427.64,3,2,2025,0
2025-01-01,S010,P0392,2,4,495,69,83,65,789.02,10,2,1,799.68,1,1,2025,0
2024-06-09,S005,P0153,5,1,293,33,56,31,798.8,20,3,1,778.3,3,6,2024,0
2024-02-12,S012,P0109,2,0,22,78,131,106,541.78,0,1,1,522.25,2,2,2024,1
2024-08-14,S018,P0237,5,0,335,111,129,117,123.48,20,3,0,158.71,3,8,2024,0
2024-09-13,S008,P0052,0,0,70,30,103,66,492.32,10,3,1,478.03,0,9,2024,0
2025-05-12,S012,P0414,0,4,250,47,95,76,696.52,5,1,1,703.08,0,5,2025,0
2024-09-09,S011,P0450,2,4,422,33,95,68,283.91,10,2,0,247.34,0,9,2024,0
2025-05-13,S005,P0457,4,3,302,18,57,19,91.15,10,0,1,127.02,3,5,2025,0
2024-01-20,S019,P0109,1,0,454,69,100,99,814.52,20,0,0,805.03,2,1,2024,0
2025-01-09,S017,P0262,1,4,220,33,109,72,735.89,10,0,1,699.28,2,1,2025,0
2025-09-20,S019,P0338,3,4,370,26,96,64,148.97,5,0,1,116.88,2,9,2025,0
2025-05-14,S012,P0199,2,4,138,13,42,19,241.68,5,3,1,243.47,0,5,2025,0
2024-04-15,S019,P0090,2,4,380,71,118,101,836.52,10,0,1,844.38,0,4,2024,0
2025-01-20,S016,P0455,4,2,484,33,81,56,359.37,10,1,0,358.06,2,1,2025,0
2024-08-23,S020,P0368,1,3,59,70,118,101,219.4,5,2,0,185.14,3,8,2024,1
2025-05-08,S002,P0066,4,0,365,66,99,86,594.88,15,1,1,547.12,3,5,2025,0
2025-08-09,S020,P0497,4,2,95,12,28,12,923.22,20,0,1,969.04,2,8,2025,0
2025-04-04,S019,P0421,3,0,330,65,95,85,227.17,15,0,1,237.25,0,4,2025,0
2025-04-09,S007,P0268,4,4,325,80,88,74,384.43,5,1,1,345.29,2,4,2025,0
2025-05-02,S004,P0048,2,3,481,83,113,111,878.98,20,3,0,879.31,1,5,2025,0
2025-01-14,S013,P0180,4,0,467,10,77,44,434.67,15,3,0,463.63,2,1,2025,0
2024-09-17,S007,P0003,5,2,264,103,112,107,290.43,20,3,1,281.29,1,9,2024,0
2025-11-01,S019,P0130,0,0,125,93,129,103,368.65,5,2,0,361.26,0,11,2025,0
2025-11-27,S012,P0287,4,4,223,101,130,104,556.58,20,0,0,554.83,0,11,2025,0
2025-12-23,S006,P0052,3,0,223,99,104,97,750.34,15,2,0,778.65,3,12,2025,0
2024-06-13,S014,P0046,1,1,219,86,81,76,825.02,15,1,0,867.61,3,6,2024,0
2025-09-15,S020,P0030,3,4,39,97,136,111,617.83,20,2,1,596.48,2,9,2025,1
2025-11-03,S008,P0315,3,2,496,107,148,130,202.8,20,0,1,203.85,3,11,2025,0
2024-06-10,S007,P0266,1,2,64,40,104,79,359.6,15,3,0,350.15,0,6,2024,1
2024-12-21,S019,P0003,0,3,437,40,82,44,963.43,15,2,1,1006.4,3,12,2024,0
2025-05-30,S019,P0129,5,4,170,48,77,45,957.14,20,2,0,988.45,2,5,2025,0
2024-12-13,S009,P0035,2,3,417,63,125,96,897.56,0,1,0,895.76,1,12,2024,0
2024-12-27,S011,P0039,4,3,284,73,79,63,255.78,0,2,0,245.67,0,12,2024,0
2024-08-11,S007,P0121,5,3,477,78,96,85,947.65,5,0,1,947.55,2,8,2024,0
2024-07-26,S003,P0347,5,4,447,36,87,65,164.44,0,3,1,126.43,1,7,2024,0
2025-01-15,S017,P0144,2,3,337,45,102,66,870.08,15,1,1,838.37,1,1,2025,0
2025-05-04,S004,P0358,4,4,296,9,53,31,399.78,5,0,1,395.5,3,5,2025,0
2025-11-21,S006,P0281,0,3,127,53,86,80,332.18,20,0,0,368.36,0,11,2025,0
2025-01-09,S013,P0144,2,3,114,68,98,85,424.9,10,1,1,411.41,3,1,2025,0
2024-10-03,S005,P0243,1,3,431,35,87,60,857.75,5,2,0,822.33,2,10,2024,0
2025-10-07,S019,P0025,2,2,284,73,129,109,787.48,10,1,1,762.58,2,10,2025,0
2024-09-17,S012,P0287,4,1,263,112,148,142,455.36,10,0,1,431.34,1,9,2024,0
2024-05-04,S018,P0090,0,1,199,116,187,149,206.97,20,0,0,221.96,1,5,2024,0
2024-03-21,S011,P0216,5,0,215,83,120,91,635.4,5,2,1,672.23,3,3,2024,0
2024-06-14,S013,P0139,2,1,195,34,64,44,656.48,10,2,0,667.02,2,6,2024,0
2024-07-07,S013,P0053,1,2,457,7,20,5,665.4,0,2,1,636.46,3,7,2024,0
2025-02-10,S013,P0159,3,3,288,102,103,97,269.83,5,0,0,228.26,2,2,2025,0
2024-05-14,S011,P0443,2,4,289,112,113,112,44.8,10,0,0,80.84,2,5,2024,0
2025-12-15,S018,P0159,0,4,296,27,92,54,461.98,20,1,1,455.48,1,12,2025,0
2024-11-11,S005,P0177,0,4,207,57,72,63,310.54,0,3,0,312.87,1,11,2024,0
2024-11-02,S007,P0211,4,4,24,103,138,120,601.03,0,2,1,605.85,2,11,2024,1
2025-10-23,S017,P0392,4,1,219,111,139,125,270.35,15,0,0,282.88,1,10,2025,0
2024-07-11,S009,P0359,4,4,456,13,22,14,296.7,15,1,0,308.47,3,7,2024,0
2024-06-04,S015,P0373,1,3,45,73,75,64,972.61,10,3,1,949.53,3,6,2024,1
2025-05-20,S015,P0357,1,1,131,48,83,64,787.87,15,3,1,837.67,3,5,2025,0
2024-09-29,S009,P0419,2,2,417,55,83,49,475.45,5,3,1,515.02,1,9,2024,0
2025-03-29,S007,P0243,2,1,146,99,103,91,466.23,0,0,1,468.34,3,3,2025,0
2025-07-16,S002,P0443,5,3,286,20,56,26,642.13,5,3,1,628.17,1,7,2025,0
2024-11-28,S001,P0497,1,0,27,26,83,66,588.85,15,2,1,617.76,0,11,2024,1
2024-04-01,S002,P0031,0,3,147,25,51,46,689.09,10,3,1,732.17,1,4,2024,0
2024-08-26,S001,P0353,2,1,182,76,138,116,807.47,15,1,0,830.79,3,8,2024,0
2025-05-11,S006,P0279,0,1,381,61,104,86,547.31,15,2,0,516.29,2,5,2025,0
2024-03-11,S001,P0398,5,0,291,24,60,42,821.22,20,2,1,807.93,3,3,2024,0
2025-09-26,S018,P0420,2,3,458,51,129,90,246.4,0,2,1,262.23,0,9,2025,0
2024-11-26,S005,P0092,1,3,229,87,104,97,105.29,0,3,0,59.67,2,11,2024,0
2024-04-11,S019,P0132,1,1,36,78,133,109,661.34,20,1,1,673.74,3,4,2024,1
2024-08-01,S014,P0421,0,2,355,67,91,62,803.01,0,0,1,789.1,3,8,2024,0
2024-11-07,S007,P0099,4,3,59,32,61,55,110.21,5,1,0,113.38,3,11,2024,0
2025-10-15,S006,P0406,3,0,315,50,112,83,705.52,15,2,0,743.8,2,10,2025,0
2025-06-30,S014,P0392,5,4,327,61,93,73,554.58,10,0,1,589.07,2,6,2025,0
2025-01-19,S013,P0001,5,2,412,75,128,112,366.41,15,0,1,361.16,2,1,2025,0
2024-11-05,S009,P0471,4,0,23,43,60,47,857.16,0,1,1,884.31,3,11,2024,1
2025-04-16,S009,P0416,0,2,202,24,38,22,373.41,20,2,1,348.4,3,4,2025,0
2024-11-28,S004,P0305,5,1,425,66,98,67,827.45,20,3,0,859.4,3,11,2024,0
2024-02-27,S004,P0446,3,0,491,103,136,114,880.99,15,3,0,872.64,3,2,2024,0
2024-11-08,S008,P0079,1,4,288,10,54,20,569.26,10,2,1,569.5,2,11,2024,0
2025-03-18,S002,P0281,2,1,168,105,129,120,140.87,0,3,0,138.46,1,3,2025,0
2025-12-15,S019,P0101,4,0,86,102,130,100,563.7,15,1,1,553.23,3,12,2025,1
2024-09-29,S012,P0098,0,1,417,60,106,70,98.7,15,3,0,91.05,2,9,2024,0
2024-12-24,S008,P0103,5,1,335,110,167,128,154.36,0,1,1,196.78,3,12,2024,0
2024-02-25,S016,P0012,0,3,144,84,101,83,23.6,0,1,1,4.11,0,2,2024,0
2025-07-15,S017,P0023,0,3,267,84,129,120,698.12,0,3,0,685.78,2,7,2025,0
2025-12-14,S009,P0340,5,1,336,39,61,32,658.21,0,3,1,614.87,0,12,2025,0
2025-10-26,S016,P0444,4,0,217,34,80,48,976.85,0,3,1,1017.24,2,10,2025,0
2025-05-27,S016,P0202,5,3,254,76,112,111,49.35,20,3,0,29.84,0,5,2025,0
2024-12-29,S013,P0456,1,0,340,43,80,48,283.12,0,0,1,295.7,2,12,2024,0
2024-12-15,S020,P0447,5,3,479,55,95,87,96.92,15,2,1,98.99,2,12,2024,0
2025-03-12,S019,P0278,5,3,179,82,121,93,546.81,5,1,0,562.06,2,3,2025,0
2025-03-16,S018,P0486,5,2,485,103,138,102,917.94,10,1,0,874.72,2,3,2025,0
2024-01-31,S007,P0055,3,3,411,45,87,61,310.31,10,3,0,275.51,2,1,2024,0
2025-09-02,S020,P0241,5,1,138,34,68,67,365.67,15,1,0,329.08,1,9,2025,0
2025-04-30,S014,P0114,5,3,90,25,41,27,41.91,0,1,1,84.45,2,4,2025,0
2025-03-25,S002,P0312,5,4,463,83,124,104,868.11,5,0,0,860.87,3,3,2025,0
2025-06-17,S013,P0377,1,0,75,62,83,81,879.0,5,2,1,880.87,2,6,2025,1
2024-10-25,S002,P0354,4,3,245,55,82,64,466.73,15,2,0,446.17,3,10,2024,0
2025-05-27,S014,P0166,2,2,77,28,104,67,938.46,20,1,0,901.99,2,5,2025,0
2025-04-10,S015,P0325,0,2,66,37,57,47,721.19,0,2,1,680.31,1,4,2025,0
2025-07-17,S005,P0084,3,3,214,10,59,49,913.13,20,3,0,950.26,0,7,2025,0
2024-11-12,S007,P0002,4,1,393,103,139,121,630.19,0,3,0,670.04,1,11,2024,0
2025-05-25,S016,P0233,2,4,298,108,136,98,883.88,5,3,1,855.57,2,5,2025,0
2025-07-14,S005,P0029,5,1,162,84,149,114,821.92,5,3,1,776.81,3,7,2025,0
2025-11-14,S014,P0092,3,1,315,112,159,140,337.8,0,1,0,292.7,0,11,2025,0
2024-02-06,S014,P0432,4,2,67,103,132,112,374.88,15,0,0,406.91,2,2,2024,1
2024-05-04,S007,P0314,1,2,375,115,143,122,531.78,20,3,0,502.76,0,5,2024,0
2025-03-13,S005,P0315,4,4,331,113,139,123,530.14,20,2,0,515.53,2,3,2025,0
2025-09-16,S004,P0378,3,0,139,95,115,103,11.57,0,2,0,8.06,3,9,2025,0
2024-12-07,S009,P0405,1,1,199,76,119,106,21.18,5,0,0,40.18,3,12,2024,0
2024-04-26,S006,P0100,0,1,371,47,83,58,727.15,20,2,0,773.16,3,4,2024,0
2025-10-23,S015,P0402,2,2,89,66,105,65,466.01,20,0,0,505.6,3,10,2025,0
2024-08-01,S001,P0174,2,0,315,92,125,103,75.55,5,1,0,53.6,2,8,2024,0
2025-09-01,S009,P0212,1,4,79,115,174,155,708.21,10,1,0,729.19,1,9,2025,1
2024-11-05,S003,P0228,4,2,130,72,92,81,121.11,0,2,1,148.89,2,11,2024,0
2024-12-14,S004,P0421,4,3,492,66,135,102,317.26,10,1,1,281.59,1,12,2024,0
2025-01-31,S020,P0447,1,1,385,115,145,138,14.07,0,2,1,32.78,3,1,2025,0
2025-06-17,S007,P0165,3,3,412,89,145,126,32.26,10,0,0,46.15,0,6,2025,0
2025-03-27,S020,P0287,4,2,363,20,36,27,165.92,0,1,0,117.45,0,3,2025,0
2024-10-04,S011,P0277,2,2,92,95,139,103,252.38,0,1,1,233.52,1,10,2024,1
2025-11-22,S020,P0457,4,4,45,18,35,32,95.26,15,0,0,63.16,0,11,2025,0
2024-07-21,S003,P0417,5,4,385,102,168,134,87.76,15,3,0,94.54,0,7,2024,0
2025-12-01,S020,P0133,0,4,349,95,163,134,475.84,5,1,0,440.21,0,12,2025,0
2025-04-09,S006,P0145,0,0,269,8,32,2,121.76,15,1,1,117.88,1,4,2025,0
2024-04-19,S019,P0212,3,0,186,76,111,107,794.51,20,1,1,790.61,1,4,2024,0
2025-01-28,S011,P0279,5,3,53,48,88,51,436.84,15,1,1,443.56,1,1,2025,0
2024-04-27,S013,P0036,4,2,323,81,120,100,559.54,15,2,0,527.16,1,4,2024,0
2025-10-22,S001,P0388,3,3,358,12,20,7,818.86,20,2,0,859.19,1,10,2025,0
2025-09-22,S010,P0471,2,1,315,62,77,64,684.7,10,3,1,664.67,1,9,2025,0
2024-05-10,S018,P0421,0,2,456,42,58,35,902.06,0,0,1,852.14,2,5,2024,0
2025-03-18,S014,P0280,3,3,379,80,135,95,324.95,15,2,1,315.55,2,3,2025,0
2025-07-22,S003,P0332,1,3,216,112,151,125,162.72,5,2,0,126.15,2,7,2025,0
2024-03-27,S020,P0093,2,0,90,87,132,103,894.65,20,2,0,937.68,1,3,2024,1
2024-12-29,S008,P0365,4,1,135,28,83,45,17.36,15,2,0,52.04,3,12,2024,0
2024-02-08,S003,P0073,5,0,310,66,124,101,122.03,15,0,0,168.2,3,2,2024,0
2025-06-19,S018,P0409,4,1,475,83,93,78,477.73,0,3,0,496.14,3,6,2025,0
2025-04-25,S010,P0149,3,2,252,70,126,90,736.48,15,0,0,721.77,3,4,2025,0
2025-10-06,S020,P0014,0,4,262,79,115,79,61.1,10,3,1,91.99,3,10,2025,0
2024-10-11,S004,P0310,3,0,149,21,67,50,282.46,10,1,0,233.88,0,10,2024,0
2024-06-28,S011,P0044,3,0,153,105,154,139,490.07,20,1,0,526.27,1,6,2024,0
2025-01-27,S012,P0028,5,1,141,89,147,107,175.61,20,3,1,199.05,2,1,2025,0
2025-04-20,S013,P0243,0,3,224,65,104,74,748.69,20,2,1,722.06,0,4,2025,0
2025-04-04,S018,P0327,0,4,215,91,134,101,686.05,0,0,0,645.79,0,4,2025,0
2024-09-30,S019,P0395,3,0,430,17,60,23,397.24,5,0,1,420.67,0,9,2024,0
2025-07-14,S015,P0180,3,1,25,91,85,81,21.84,0,0,1,24.37,3,7,2025,1
2024-01-25,S004,P0363,1,2,337,16,47,9,660.04,5,1,0,705.09,2,1,2024,0
2024-04-23,S009,P0394,2,1,376,28,52,34,472.29,0,0,1,486.17,3,4,2024,0
2024-10-10,S009,P0092,2,2,417,12,50,26,339.33,0,2,1,315.15,1,10,2024,0
2024-07-01,S004,P0468,2,1,350,67,72,63,545.23,15,3,1,517.07,3,7,2024,0
2024-03-13,S001,P0478,1,4,312,98,132,104,28.58,15,0,1,-6.53,0,3,2024,0
2025-02-04,S003,P0277,3,2,314,5,58,27,483.36,15,2,0,517.76,3,2,2025,0
2025-08-03,S011,P0042,2,1,294,50,80,61,406.61,0,1,1,393.15,3,8,2025,0
2025-01-28,S015,P0377,3,3,358,29,62,38,897.5,10,3,1,896.15,3,1,2025,0
2025-08-30,S015,P0495,1,2,142,67,85,81,794.81,10,0,1,794.78,0,8,2025,0
2024-02-13,S019,P0120,1,2,227,20,56,23,463.79,20,1,0,428.69,3,2,2024,0
2025-04-27,S002,P0464,0,2,484,84,91,76,704.28,5,2,1,655.72,3,4,2025,0
2024-04-18,S013,P0167,1,0,78,68,135,96,228.37,5,1,0,220.99,2,4,2024,1
2024-02-16,S006,P0357,0,0,323,27,42,38,129.54,5,1,0,155.3,2,2,2024,0
2025-08-18,S016,P0042,1,2,40,22,58,18,616.32,5,1,1,567.88,0,8,2025,0
2025-03-02,S009,P0268,2,4,375,108,178,148,695.43,5,1,1,659.74,3,3,2025,0
2025-09-02,S001,P0286,3,3,112,96,156,117,950.8,10,3,1,935.59,0,9,2025,1
2025-07-06,S004,P0408,3,4,279,33,92,52,662.73,10,2,1,618.04,2,7,2025,0
2025-11-17,S020,P0413,2,2,492,10,26,3,292.21,15,3,1,267.35,2,11,2025,0
2024-06-10,S019,P0297,0,4,422,8,61,29,124.9,5,1,0,147.04,2,6,2024,0
2024-04-22,S008,P0038,2,0,186,34,45,30,740.37,5,2,1,727.92,1,4,2024,0
2024-05-28,S007,P0324,0,1,130,83,113,102,393.46,5,1,0,389.23,2,5,2024,0
2024-02-02,S006,P0390,0,3,374,77,87,70,145.14,15,0,1,141.0,2,2,2024,0
2025-08-14,S007,P0303,2,4,303,114,123,118,417.58,20,0,1,416.5,1,8,2025,0
2024-09-09,S019,P0460,1,4,146,46,100,63,230.18,20,3,1,274.81,1,9,2024,0
2025-05-31,S008,P0043,4,2,37,59,107,82,484.48,0,2,1,479.72,2,5,2025,1
2025-01-02,S015,P0440,4,0,171,35,71,66,25.77,10,3,0,-8.05,1,1,2025,0
2024-05-21,S001,P0441,5,2,467,95,121,110,791.96,10,2,0,804.64,3,5,2024,0
2024-10-30,S003,P0318,0,2,238,101,147,108,547.01,5,0,1,575.78,3,10,2024,0
2025-01-27,S003,P0288,5,3,207,64,95,93,371.92,5,1,0,386.74,2,1,2025,0
2025-07-06,S008,P0165,0,1,78,88,145,108,872.42,5,2,0,897.74,3,7,2025,1
2024-03-05,S018,P0348,4,1,210,49,98,67,506.44,0,2,0,503.46,3,3,2024,0
2024-07-11,S003,P0056,3,1,476,118,142,137,89.37,5,3,1,68.21,1,7,2024,0
2024-06-03,S018,P0478,3,4,467,31,94,54,32.46,15,0,0,79.42,1,6,2024,0
2025-10-22,S017,P0331,0,4,30,42,48,44,31.82,5,0,0,65.31,1,10,2025,1
2025-08-30,S010,P0088,0,3,360,94,152,117,450.8,10,2,0,457.53,0,8,2025,0
2024-02-18,S018,P0147,3,3,95,50,87,58,956.65,20,1,1,999.06,2,2,2024,0
2024-04-29,S018,P0363,1,1,41,45,79,71,446.48,10,0,1,414.93,0,4,2024,1
2025-04-04,S016,P0394,3,4,296,25,68,49,130.28,0,0,1,120.74,3,4,2025,0
2025-07-13,S019,P0342,3,0,279,47,96,78,479.17,10,2,0,526.13,3,7,2025,0
2025-05-05,S008,P0229,0,2,480,10,43,8,125.71,0,0,1,115.87,2,5,2025,0
2025-08-20,S015,P0347,5,2,289,33,90,73,203.76,0,2,1,207.6,1,8,2025,0
2024-11-21,S014,P0190,2,1,328,82,107,104,909.36,10,3,0,899.12,0,11,2024,0
2024-12-25,S014,P0412,2,1,177,62,92,87,223.54,15,1,0,247.69,1,12,2024,0
2024-05-22,S017,P0172,1,0,447,80,113,108,152.2,10,2,1,149.66,3,5,2024,0
2025-02-23,S005,P0103,3,4,347,39,66,55,560.26,20,0,0,585.78,3,2,2025,0
2024-11-05,S001,P0079,0,1,447,79,119,88,563.69,15,2,1,536.14,0,11,2024,0
2025-03-03,S003,P0307,5,1,111,67,116,101,38.16,10,2,0,37.47,0,3,2025,0
2025-10-05,S009,P0084,4,2,371,65,106,99,379.47,20,1,0,331.22,1,10,2025,0
2025-12-10,S012,P0025,0,1,89,50,53,50,279.94,15,3,1,293.56,2,12,2025,0
2024-04-06,S010,P0139,5,1,326,101,135,101,329.38,10,3,0,362.06,2,4,2024,0
2024-01-14,S006,P0053,3,3,90,71,102,79,781.02,15,1,1,765.05,3,1,2024,0
2025-03-03,S012,P0072,2,0,255,14,19,11,924.18,15,0,1,909.0,0,3,2025,0
2024-01-30,S010,P0065,3,3,401,109,120,106,137.43,5,3,0,156.23,3,1,2024,0
2024-03-20,S017,P0304,1,4,29,104,151,124,52.09,0,3,0,5.37,3,3,2024,1
2024-03-08,S007,P0095,5,1,174,90,86,80,784.55,20,3,1,755.09,2,3,2024,0
2024-10-11,S019,P0035,1,0,316,49,71,61,856.59,20,3,1,830.77,2,10,2024,0
2024-10-15,S017,P0436,5,4,107,120,192,158,14.29,0,0,1,56.71,1,10,2024,1
2025-11-20,S004,P0390,0,2,74,28,64,40,429.85,20,2,1,402.61,2,11,2025,0
2025-05-22,S016,P0060,2,1,410,51,104,86,561.56,0,2,0,519.78,1,5,2025,0
2024-08-19,S016,P0481,5,1,303,57,92,65,196.9,0,1,1,236.38,1,8,2024,0
2025-11-19,S013,P0206,5,0,73,55,106,73,661.96,0,3,1,623.88,3,11,2025,0
2025-01-07,S014,P0372,2,1,121,48,88,50,845.59,15,0,0,807.87,0,1,2025,0
2025-05-02,S004,P0063,0,4,361,82,128,97,516.3,5,2,1,543.1,2,5,2025,0
2024-01-31,S013,P0310,5,1,70,99,96,92,503.15,0,1,0,550.36,3,1,2024,1
2024-03-19,S016,P0252,4,1,358,101,155,124,794.8,5,0,1,774.16,3,3,2024,0
2025-03-16,S002,P0017,3,0,470,20,62,34,321.41,15,0,1,315.67,1,3,2025,0
2025-03-17,S016,P0338,4,0,88,44,103,79,492.58,0,2,0,499.47,2,3,2025,0
2025-06-02,S012,P0393,0,1,48,55,92,61,595.13,15,3,1,606.82,3,6,2025,1
2024-05-11,S014,P0177,0,4,448,51,100,63,36.63,10,0,1,24.69,2,5,2024,0
2024-09-10,S004,P0173,3,2,140,87,133,96,94.09,0,0,1,130.98,1,9,2024,0
2025-11-04,S016,P0302,1,1,462,59,117,85,902.4,10,2,0,854.44,0,11,2025,0
2025-08-09,S017,P0416,5,1,70,108,135,129,693.96,5,1,0,677.56,0,8,2025,1
2025-03-22,S009,P0025,0,0,123,68,102,98,841.98,20,2,1,813.39,3,3,2025,0
2025-08-15,S007,P0178,1,1,68,80,108,91,76.6,20,0,0,74.13,0,8,2025,1
2024-07-23,S001,P0322,5,0,232,56,101,62,520.22,20,1,0,488.28,2,7,2024,0
2025-11-07,S014,P0479,4,2,441,100,136,119,937.79,20,1,0,968.68,1,11,2025,0
2024-05-31,S003,P0325,3,4,143,24,80,61,845.68,15,0,0,827.55,2,5,2024,0
2024-09-19,S008,P0409,0,4,371,81,111,86,246.1,5,2,0,215.29,1,9,2024,0
2025-10-24,S009,P0338,4,3,483,9,21,11,279.98,0,3,0,255.82,3,10,2025,0
2024-02-26,S014,P0460,0,2,460,119,134,114,605.58,0,2,1,645.64,2,2,2024,0
2024-04-24,S017,P0129,2,2,312,99,128,121,526.74,20,1,1,571.71,0,4,2024,0
2024-12-03,S007,P0074,1,3,446,79,140,116,807.78,5,1,0,851.33,1,12,2024,0
2025-02-22,S004,P0163,4,4,150,115,145,142,495.45,10,2,1,515.41,0,2,2025,0
2024-05-28,S020,P0018,5,2,205,65,123,100,823.15,0,1,0,837.69,1,5,2024,0
2024-11-12,S013,P0005,2,1,347,94,114,107,539.56,5,0,1,575.32,2,11,2024,0
2024-10-31,S009,P0444,1,4,127,115,143,115,635.04,15,2,0,663.97,0,10,2024,0
2025-03-08,S014,P0309,5,0,468,109,115,105,701.5,20,0,0,658.14,3,3,2025,0
2024-02-23,S007,P0322,0,1,348,87,128,88,448.97,5,3,1,399.28,2,2,2024,0
2024-09-12,S011,P0232,2,3,284,96,143,135,848.49,15,0,1,877.75,0,9,2024,0
2024-10-15,S019,P0115,1,2,121,15,54,31,190.07,15,1,1,234.55,1,10,2024,0
2024-07-22,S005,P0046,0,3,154,94,97,94,407.02,15,3,1,417.06,1,7,2024,0
2025-04-09,S009,P0148,5,4,443,91,119,112,232.24,5,2,1,201.29,1,4,2025,0
2024-07-30,S001,P0149,0,3,327,32,52,40,424.15,15,2,1,453.4,0,7,2024,0
2025-08-19,S013,P0352,3,4,370,87,111,106,20.22,5,2,0,57.36,3,8,2025,0
2024-04-07,S020,P0481,5,0,305,12,26,5,931.75,15,3,1,972.57,0,4,2024,0
2025-05-31,S018,P0022,4,3,337,53,87,62,674.55,5,0,1,721.36,1,5,2025,0
2024-12-13,S009,P0060,0,2,469,64,67,62,324.14,20,1,0,317.43,0,12,2024,0
2025-01-04,S014,P0458,3,1,494,60,84,68,616.8,10,2,1,618.5,1,1,2025,0
2024-02-24,S015,P0224,1,4,116,24,31,17,191.31,15,3,0,167.33,0,2,2024,0
2025-12-27,S003,P0105,0,3,307,67,117,86,121.37,5,1,0,83.74,2,12,2025,0
2025-08-20,S016,P0347,1,1,22,72,147,111,188.76,0,3,0,163.38,3,8,2025,1
2025-02-07,S016,P0233,5,1,211,80,96,76,162.24,0,3,0,158.26,3,2,2025,0
2025-11-02,S010,P0166,1,2,338,62,108,72,138.03,0,2,1,168.19,1,11,2025,0
2024-09-18,S013,P0146,5,3,111,35,99,74,98.3,5,3,0,64.59,1,9,2024,0
2025-03-18,S017,P0103,2,4,396,108,155,117,139.97,0,2,0,173.18,0,3,2025,0
2025-07-30,S014,P0048,1,0,327,59,81,54,812.88,20,0,0,781.52,2,7,2025,0
2025-10-25,S015,P0224,1,4,371,96,126,95,532.01,20,0,1,490.41,2,10,2025,0
2025-12-01,S003,P0470,1,0,482,43,81,48,433.45,20,3,0,388.22,1,12,2025,0
2024-04-06,S003,P0394,4,2,257,89,161,125,814.7,10,3,0,790.19,2,4,2024,0
2024-07-05,S015,P0388,5,4,451,55,52,47,422.09,10,0,0,403.48,2,7,2024,0
2024-08-04,S001,P0003,2,2,114,15,90,52,266.72,0,3,1,260.1,1,8,2024,0
2025-04-16,S020,P0185,5,4,374,56,126,88,728.65,10,0,1,740.5,2,4,2025,0
2024-05-18,S007,P0247,5,3,27,29,27,26,699.07,5,1,0,734.97,2,5,2024,0
2024-03-29,S005,P0379,5,4,174,103,131,122,479.25,0,2,0,440.9,3,3,2024,0
2025-04-05,S001,P0053,5,4,319,36,56,38,573.74,15,2,0,528.83,0,4,2025,0
2024-02-07,S016,P0119,5,2,269,56,109,77,595.13,20,3,0,638.66,0,2,2024,0
2025-07-20,S012,P0230,5,4,52,39,96,70,890.25,0,3,1,889.73,0,7,2025,1
2024-07-15,S011,P0472,4,4,260,49,81,67,512.56,20,1,0,553.47,1,7,2024,0
2025-03-02,S010,P0354,5,2,446,91,145,122,798.01,5,2,1,810.19,2,3,2025,0
2024-07-23,S007,P0286,1,2,100,82,109,103,795.55,15,0,0,775.92,0,7,2024,1
2025-11-24,S020,P0117,1,0,101,27,51,49,808.75,10,1,0,801.81,0,11,2025,0
2024-12-14,S005,P0437,5,0,421,50,91,89,772.39,20,3,1,749.14,1,12,2024,0
2025-04-13,S004,P0422,4,2,450,101,104,98,783.84,20,3,1,812.06,3,4,2025,0
2024-07-29,S004,P0079,5,1,486,51,69,51,711.08,20,0,1,710.92,3,7,2024,0
2024-07-25,S017,P0088,1,1,244,58,97,97,252.86,15,0,0,236.99,0,7,2024,0
2025-10-06,S014,P0212,2,4,360,36,68,35,427.5,5,0,1,391.3,1,10,2025,0
2024-05-29,S013,P0396,3,4,414,6,74,41,944.21,0,3,0,928.04,3,5,2024,0
2025-11-07,S014,P0206,5,0,492,87,122,86,67.23,20,0,0,114.5,0,11,2025,0
2024-01-09,S007,P0455,4,0,443,40,102,63,921.25,15,2,0,915.87,1,1,2024,0
2024-07-21,S005,P0267,4,1,471,43,40,38,542.06,15,1,1,564.57,0,7,2024,0
2025-06-17,S008,P0427,0,4,194,101,141,131,33.19,20,3,1,42.44,0,6,2025,0
2024-09-22,S019,P0378,1,4,341,69,88,81,57.26,0,0,1,52.13,2,9,2024,0
2024-12-24,S008,P0054,0,0,173,41,109,73,675.71,15,1,0,677.68,1,12,2024,0
2024-04-10,S005,P0244,3,4,95,96,139,113,91.13,0,3,0,83.62,1,4,2024,1
2025-08-25,S014,P0226,5,4,306,71,135,110,873.29,20,2,1,873.17,2,8,2025,0
2025-06-01,S004,P0356,3,4,85,67,131,102,138.09,20,2,1,174.42,2,6,2025,1
2025-07-26,S002,P0268,3,2,209,20,74,48,119.23,10,0,0,126.41,0,7,2025,0
2024-11-06,S010,P0456,0,3,170,67,67,58,150.72,20,1,0,142.9,3,11,2024,0
2024-05-05,S015,P0461,0,4,300,49,45,43,423.4,20,2,1,404.37,2,5,2024,0
2025-05-31,S011,P0046,4,0,345,63,129,101,670.55,5,2,0,707.18,2,5,2025,0
2025-02-08,S001,P0293,5,1,193,74,94,66,738.55,0,3,1,775.15,2,2,2025,0
2025-09-25,S016,P0258,1,2,297,78,119,116,957.72,20,1,1,926.66,0,9,2025,0
2024-07-29,S013,P0302,1,4,145,111,183,146,449.79,20,3,0,460.48,1,7,2024,1
2024-07-03,S004,P0278,3,1,232,8,51,31,388.19,0,1,1,349.65,0,7,2024,0
2024-04-01,S002,P0153,2,2,98,44,70,60,68.32,10,0,1,36.47,1,4,2024,0
2024-11-27,S016,P0261,4,4,152,53,53,50,210.53,20,3,0,219.13,3,11,2024,0
2024-11-21,S001,P0138,4,0,257,75,95,91,489.33,15,3,1,502.68,2,11,2024,0
2024-11-07,S005,P0192,4,3,310,57,80,75,847.82,20,1,0,818.17,1,11,2024,0
2024-02-12,S016,P0140,4,1,20,109,167,128,296.36,5,2,0,246.41,2,2,2024,1
2025-08-22,S010,P0046,2,2,450,70,80,78,169.8,20,1,0,176.11,1,8,2025,0
2024-08-03,S011,P0175,3,4,332,69,100,79,638.82,15,0,1,616.12,2,8,2024,0
2025-10-23,S014,P0285,5,4,492,5,63,33,14.24,0,2,1,31.51,3,10,2025,0
2025-07-05,S013,P0424,4,1,35,119,179,151,675.52,10,2,1,722.72,3,7,2025,1
2024-05-07,S012,P0099,1,0,256,52,82,54,19.27,0,0,1,45.11,2,5,2024,0
2025-05-20,S007,P0421,5,4,205,9,47,16,905.46,20,3,0,876.37,1,5,2025,0
2024-06-23,S003,P0302,3,2,302,29,97,61,675.45,20,1,0,681.96,2,6,2024,0
2025-06-19,S018,P0315,0,0,393,105,124,112,849.19,0,2,1,898.39,1,6,2025,0
2025-10-18,S017,P0239,2,1,364,88,101,81,438.22,15,3,1,415.62,3,10,2025,0
2024-10-11,S003,P0451,4,2,490,58,110,82,323.08,15,1,0,292.54,3,10,2024,0
2024-09-12,S014,P0414,1,0,120,26,56,37,72.22,0,0,0,25.01,2,9,2024,0
2024-04-20,S003,P0398,4,0,262,35,49,46,823.42,20,2,1,852.83,1,4,2024,0
2025-08-15,S002,P0471,2,2,83,15,10,8,383.62,0,0,0,411.88,3,8,2025,0
2024-04-14,S020,P0386,2,3,366,12,40,37,301.97,15,3,0,292.14,1,4,2024,0
2025-04-20,S011,P0301,3,2,427,59,127,88,110.27,0,3,1,105.68,3,4,2025,0
2025-08-30,S014,P0247,5,0,424,112,150,114,134.72,20,2,1,110.35,2,8,2025,0
2024-05-20,S012,P0160,4,0,428,10,11,3,318.55,15,1,1,319.86,1,5,2024,0
2024-11-12,S005,P0030,3,0,328,48,79,56,970.57,20,3,0,979.21,0,11,2024,0
2024-07-19,S015,P0308,5,1,122,86,92,88,348.14,15,0,0,367.62,1,7,2024,0
2024-12-02,S008,P0239,4,3,103,18,39,37,500.97,0,1,0,514.85,0,12,2024,0
2025-01-19,S018,P0059,3,1,125,56,57,57,369.19,0,2,1,354.98,0,1,2025,0
2024-02-14,S011,P0434,4,3,35,30,50,32,182.41,10,1,1,204.29,3,2,2024,0
2024-06-29,S004,P0174,3,1,451,38,35,34,833.13,5,2,1,821.02,0,6,2024,0
2025-01-16,S005,P0407,3,3,358,26,88,49,882.85,0,2,0,844.7,0,1,2025,0
2025-09-05,S018,P0151,3,1,239,86,93,91,765.45,20,1,1,734.36,0,9,2025,0
2024-05-09,S020,P0034,3,0,455,70,128,97,217.15,0,2,0,245.62,1,5,2024,0
2025-06-15,S016,P0243,0,0,257,27,60,37,530.22,15,2,1,551.78,2,6,2025,0
2024-08-12,S013,P0293,3,1,478,30,63,48,401.94,10,0,1,394.44,2,8,2024,0
2024-03-27,S020,P0173,2,4,171,61,106,84,237.88,0,2,0,234.41,1,3,2024,0
2025-01-11,S009,P0331,1,1,431,68,95,78,388.55,5,3,0,382.72,3,1,2025,0
2024-10-10,S011,P0101,5,1,494,34,37,30,80.64,0,0,0,85.24,0,10,2024,0
2024-07-14,S010,P0422,0,4,381,82,114,80,913.26,0,2,1,940.27,1,7,2024,0
2025-10-31,S017,P0301,4,4,282,102,126,101,235.3,5,2,0,232.74,3,10,2025,0
2024-11-16,S001,P0192,3,0,453,29,72,46,217.49,15,1,0,252.78,3,11,2024,0
2025-05-26,S013,P0391,5,0,434,89,122,101,233.24,15,0,0,251.82,3,5,2025,0
2025-08-04,S020,P0468,4,0,422,9,16,7,977.47,10,2,0,984.29,2,8,2025,0
2025-02-04,S015,P0328,0,2,52,73,99,87,480.03,10,1,1,486.98,2,2,2025,1
2024-02-02,S013,P0146,3,3,443,93,152,121,36.57,5,0,1,-6.48,1,2,2024,0
2024-02-28,S004,P0067,4,4,208,71,71,61,333.5,15,2,1,322.61,1,2,2024,0
2024-07-30,S019,P0481,0,0,86,116,138,119,437.88,15,1,0,403.76,0,7,2024,1
2024-07-25,S017,P0169,4,4,23,23,45,41,826.34,20,2,0,857.1,3,7,2024,1
2024-04-03,S006,P0213,3,3,167,87,128,106,703.31,10,2,0,692.42,1,4,2024,0
2025-11-05,S006,P0141,5,0,113,94,126,120,399.62,0,0,1,373.59,2,11,2025,1
2025-05-20,S017,P0393,0,4,230,102,134,127,995.36,0,2,1,1020.9,0,5,2025,0
2024-07-31,S013,P0439,3,4,279,10,30,29,82.46,15,3,1,70.58,0,7,2024,0
2024-04-27,S008,P0366,2,3,383,22,61,32,489.91,0,2,0,448.16,2,4,2024,0
2024-06-23,S013,P0087,1,2,449,7,41,35,185.46,0,0,1,188.93,1,6,2024,0
2025-01-01,S002,P0429,5,0,111,32,69,67,893.76,20,3,0,865.38,0,1,2025,0
2025-03-30,S012,P0466,3,3,46,81,74,71,774.69,5,3,1,817.57,1,3,2025,1
2024-01-29,S006,P0371,3,2,27,48,54,50,228.36,0,2,1,258.05,0,1,2024,1
2024-11-26,S014,P0062,3,3,307,85,126,87,215.05,20,3,0,204.56,0,11,2024,0
2024-06-26,S003,P0337,0,0,27,56,107,87,21.86,5,0,1,17.74,3,6,2024,1
2024-08-11,S019,P0088,0,2,230,43,120,82,504.58,0,0,0,525.83,2,8,2024,0
2024-12-06,S001,P0312,4,4,109,86,144,124,978.24,15,2,1,934.99,3,12,2024,1
2024-08-26,S020,P0041,1,3,30,83,128,121,315.76,15,0,0,341.48,0,8,2024,1
2024-07-25,S015,P0379,0,3,97,53,58,56,245.68,20,0,0,294.54,3,7,2024,0
2025-06-17,S011,P0176,3,3,425,58,107,89,753.05,5,3,1,787.74,2,6,2025,0
2025-09-14,S016,P0036,3,2,466,53,96,76,191.71,0,1,1,148.17,2,9,2025,0
2024-04-03,S015,P0160,3,3,108,80,118,105,243.95,0,1,0,236.57,2,4,2024,0
2025-09-12,S016,P0041,0,4,147,43,87,51,453.79,5,2,1,430.98,1,9,2025,0
2025-03-27,S013,P0219,1,1,236,69,125,98,762.72,15,1,1,714.7,0,3,2025,0
2025-01-24,S011,P0070,5,4,257,44,81,63,381.4,20,1,1,379.48,2,1,2025,0
2024-01-05,S012,P0197,2,1,26,115,160,137,496.54,15,3,0,540.57,3,1,2024,1
2024-05-07,S012,P0261,5,4,217,77,89,77,765.32,10,0,1,792.45,1,5,2024,0
2025-03-10,S001,P0358,5,3,396,36,71,41,44.16,10,0,0,57.26,2,3,2025,0
2024-09-17,S013,P0204,5,0,146,82,119,109,22.21,0,3,1,36.65,1,9,2024,0
2024-06-18,S013,P0301,0,4,444,59,84,65,505.64,20,3,1,521.49,0,6,2024,0
2024-05-26,S016,P0001,1,2,157,100,128,103,702.02,0,2,0,750.72,0,5,2024,0
2025-03-17,S017,P0486,1,4,107,27,51,40,707.01,5,1,1,705.66,2,3,2025,0
2024-03-01,S020,P0056,5,3,403,28,78,66,266.76,15,3,0,260.83,3,3,2024,0
2025-01-21,S004,P0005,1,1,83,40,55,34,39.37,5,3,1,37.16,3,1,2025,0
2024-08-04,S016,P0388,0,0,287,106,120,96,606.96,10,2,0,650.17,0,8,2024,0
2025-11-29,S002,P0500,0,1,475,48,73,58,941.58,15,3,1,929.42,1,11,2025,0
2025-12-16,S008,P0189,2,0,225,97,96,95,605.89,20,2,0,583.84,2,12,2025,0
2024-01-04,S011,P0348,2,3,346,109,120,119,637.44,0,2,0,684.4,3,1,2024,0
2024-12-22,S005,P0446,4,0,239,65,103,97,736.93,10,3,1,747.65,1,12,2024,0
2024-03-30,S015,P0489,1,4,174,111,179,144,987.35,15,1,1,954.16,2,3,2024,0
2024-06-23,S011,P0463,2,1,405,89,128,123,114.41,0,1,0,80.43,1,6,2024,0
2025-11-17,S011,P0447,3,0,83,90,122,88,637.21,15,3,0,596.25,1,11,2025,1
2025-01-25,S008,P0133,1,1,354,87,162,127,966.59,15,3,1,997.43,3,1,2025,0
2024-12-14,S013,P0296,5,2,399,80,89,82,577.11,5,0,1,612.44,2,12,2024,0
2025-02-01,S020,P0303,3,2,236,45,107,84,799.54,5,2,1,801.52,1,2,2025,0
2024-11-19,S010,P0075,5,2,94,109,131,117,504.83,15,0,0,469.57,3,11,2024,1
2024-10-07,S013,P0031,0,3,454,95,151,121,634.77,5,1,1,634.27,3,10,2024,0
2024-07-02,S018,P0201,0,4,458,67,128,103,306.11,5,2,0,355.22,1,7,2024,0
2025-02-04,S018,P0202,1,3,56,72,126,108,289.54,5,0,1,309.65,0,2,2025,1
2025-04-13,S005,P0108,3,3,355,25,59,51,447.46,15,3,0,426.57,3,4,2025,0
2025-11-25,S006,P0475,1,2,422,114,137,113,950.89,15,0,0,968.83,2,11,2025,0
2024-02-23,S013,P0126,1,2,80,70,122,101,597.46,5,1,0,610.16,1,2,2024,1
2024-11-05,S013,P0141,5,4,372,81,106,82,778.09,0,0,1,805.86,3,11,2024,0
2024-04-29,S019,P0246,0,2,62,20,73,41,232.69,20,1,0,239.99,1,4,2024,0
2025-10-22,S018,P0095,2,2,379,60,105,69,133.98,10,2,0,90.33,3,10,2025,0
2025-06-15,S004,P0093,4,3,448,79,110,103,755.97,5,3,0,802.54,0,6,2025,0
2024-05-05,S002,P0044,1,0,40,21,60,47,656.11,0,0,0,662.36,2,5,2024,1
2025-03-09,S010,P0338,4,4,356,5,29,10,55.7,20,1,0,96.16,0,3,2025,0
2025-06-19,S002,P0122,1,3,486,50,112,78,515.48,0,1,0,531.74,2,6,2025,0
2024-05-17,S014,P0039,4,1,328,75,115,78,365.47,5,0,0,388.38,2,5,2024,0
2025-02-13,S003,P0323,5,1,253,15,48,21,940.8,5,1,0,944.39,2,2,2025,0
2025-03-05,S009,P0064,4,2,440,24,61,34,385.15,20,2,1,359.9,0,3,2025,0
2025-10-17,S004,P0194,3,4,65,51,79,62,154.87,5,3,1,132.23,2,10,2025,0
2025-06-23,S012,P0359,4,1,392,117,163,126,823.13,15,0,1,782.68,3,6,2025,0
2024-06-23,S013,P0245,4,3,182,101,126,115,351.72,20,0,1,356.89,2,6,2024,0
2025-11-04,S012,P0363,3,0,84,23,73,37,738.07,0,2,0,779.91,2,11,2025,0
2025-03-25,S008,P0157,5,2,201,107,158,126,293.95,15,0,0,296.01,0,3,2025,0
2024-04-02,S003,P0381,0,0,344,15,24,9,945.42,5,2,1,952.95,1,4,2024,0
2025-11-24,S013,P0008,4,3,280,98,126,96,502.83,20,3,0,522.62,0,11,2025,0
2024-09-07,S017,P0463,3,3,398,89,150,112,51.93,15,3,0,98.39,2,9,2024,0
2025-06-10,S011,P0468,5,3,200,11,59,28,385.3,10,3,0,432.27,0,6,2025,0
2025-05-09,S010,P0476,5,0,170,38,41,41,740.65,20,3,0,730.01,1,5,2025,0
2024-02-28,S012,P0456,5,3,202,5,63,34,335.27,10,2,0,295.99,3,2,2024,0
2024-04-13,S016,P0004,3,1,240,67,74,69,533.81,5,1,0,524.88,1,4,2024,0
2025-01-18,S015,P0337,2,3,173,51,79,68,541.06,10,1,0,501.93,1,1,2025,0
2024-01-06,S013,P0216,5,1,203,118,165,153,119.56,10,3,1,73.59,2,1,2024,0
2025-05-05,S005,P0167,2,0,360,39,62,36,494.18,15,2,1,524.16,3,5,2025,0
2024-04-20,S008,P0027,5,1,425,7,14,5,350.68,0,2,1,377.42,1,4,2024,0
2025-05-06,S017,P0096,3,1,168,41,67,62,763.29,5,3,0,775.05,2,5,2025,0
2025-11-13,S017,P0313,3,3,440,59,91,61,709.4,0,1,1,729.51,3,11,2025,0
2024-05-15,S007,P0047,1,4,225,9,28,16,929.81,15,2,0,881.58,2,5,2024,0
2024-08-15,S009,P0187,0,1,192,59,82,79,514.77,0,2,1,495.2,0,8,2024,0
2024-02-18,S016,P0144,4,2,113,10,4,1,663.83,10,2,1,635.03,0,2,2024,0
2025-05-18,S005,P0170,0,1,206,47,63,56,105.92,0,0,1,124.22,0,5,2025,0
2024-08-03,S019,P0496,5,3,319,54,55,49,139.18,20,1,0,101.22,3,8,2024,0
2024-03-17,S005,P0023,3,3,299,84,114,95,728.1,5,2,0,731.46,0,3,2024,0
2025-01-09,S017,P0477,4,2,249,85,127,120,911.74,0,1,0,910.02,2,1,2025,0
2024-10-23,S018,P0446,4,2,43,77,82,70,743.31,15,1,0,742.81,1,10,2024,1
2025-07-29,S019,P0112,4,2,419,54,107,69,278.78,5,2,0,229.14,0,7,2025,0
2024-08-13,S008,P0150,1,3,171,95,137,102,127.91,5,0,1,82.47,0,8,2024,0
2024-02-22,S012,P0167,1,0,348,36,73,39,125.02,10,0,1,138.29,1,2,2024,0
2025-09-18,S009,P0091,0,2,170,46,79,39,817.76,10,3,0,789.69,0,9,2025,0
2025-10-03,S007,P0298,5,4,344,82,120,107,818.68,5,1,0,801.11,2,10,2025,0
2025-03-20,S006,P0097,4,4,208,23,48,43,501.0,15,1,0,469.5,3,3,2025,0
2024-11-13,S003,P0219,3,4,103,118,144,119,690.49,5,2,1,647.44,2,11,2024,1
2024-01-13,S002,P0068,3,2,328,17,55,31,30.51,0,0,1,56.85,3,1,2024,0
2024-01-10,S016,P0389,4,4,425,18,63,42,854.19,0,1,0,824.42,0,1,2024,0
2025-05-05,S002,P0053,4,1,99,36,63,29,695.12,20,3,0,657.43,2,5,2025,0
2024-01-02,S010,P0116,5,4,487,33,38,24,432.86,5,3,0,418.19,2,1,2024,0
2024-04-22,S003,P0459,1,0,134,18,48,26,85.53,10,1,1,47.37,1,4,2024,0
2025-06-27,S010,P0179,1,1,191,81,109,82,158.72,10,2,0,171.2,0,6,2025,0
2025-12-29,S005,P0164,3,4,428,14,54,54,863.1,5,2,0,890.88,3,12,2025,0
2024-04-25,S006,P0393,2,1,315,59,112,95,153.22,10,0,0,202.7,1,4,2024,0
2025-05-07,S018,P0255,4,0,375,57,125,85,340.13,5,2,1,328.45,1,5,2025,0
2024-03-26,S008,P0186,1,3,317,96,145,112,582.1,5,3,0,602.41,1,3,2024,0
2024-05-16,S005,P0428,4,4,491,19,34,12,367.25,5,1,1,346.72,2,5,2024,0
2024-02-27,S014,P0191,1,2,402,22,28,19,383.69,0,3,0,403.3,2,2,2024,0
2024-01-31,S014,P0077,3,4,95,51,55,50,252.6,0,1,0,259.52,1,1,2024,0
2025-02-25,S002,P0310,3,0,389,48,66,66,293.9,5,1,1,249.9,1,2,2025,0
2025-03-09,S017,P0157,5,3,368,117,171,136,714.29,10,2,1,756.21,0,3,2025,0
2024-04-04,S006,P0422,5,0,287,53,64,51,406.4,0,3,0,378.29,1,4,2024,0
2024-11-16,S007,P0139,1,2,354,87,126,102,173.18,10,3,0,187.84,0,11,2024,0
2024-01-29,S010,P0097,4,3,142,41,75,41,115.4,5,3,1,125.11,0,1,2024,0
2024-03-28,S011,P0048,0,2,311,77,105,69,986.63,15,0,0,941.2,1,3,2024,0
2025-05-27,S004,P0170,2,0,119,45,108,83,728.43,5,3,1,748.7,3,5,2025,0
2025-08-24,S005,P0350,2,2,427,53,110,73,870.12,0,3,1,849.13,2,8,2025,0
2025-11-28,S020,P0334,4,1,354,23,72,62,993.48,20,2,1,995.11,0,11,2025,0
2024-10-24,S020,P0311,1,3,204,84,103,101,891.77,15,2,1,865.68,3,10,2024,0
2024-05-26,S015,P0161,3,1,412,116,160,125,868.86,0,1,1,868.75,0,5,2024,0
2025-08-13,S016,P0132,2,3,206,50,49,45,187.39,15,3,0,163.18,3,8,2025,0
2025-01-07,S017,P0433,4,1,459,41,82,56,858.43,5,0,1,852.51,1,1,2025,0
2025-06-02,S008,P0359,4,2,250,38,73,71,624.41,0,1,1,648.51,0,6,2025,0
2025-01-19,S012,P0239,2,0,101,77,96,92,230.82,15,2,1,247.74,3,1,2025,0
2024-07-03,S011,P0310,2,3,394,18,60,33,207.48,10,2,1,163.93,0,7,2024,0
2025-04-10,S002,P0308,2,2,39,74,103,73,154.06,5,0,0,136.08,1,4,2025,1
2024-08-06,S003,P0141,2,2,47,32,50,23,277.15,5,0,0,235.51,1,8,2024,0
2025-06-21,S014,P0176,0,3,129,90,107,96,832.24,0,1,0,871.74,1,6,2025,0
2025-05-08,S019,P0200,1,0,263,73,117,107,965.93,15,1,1,951.4,2,5,2025,0
2024-11-27,S016,P0443,0,2,360,110,166,146,24.04,15,2,0,67.42,3,11,2024,0
2025-04-06,S007,P0382,3,4,446,114,152,112,454.84,20,1,0,414.58,2,4,2025,0
2024-12-22,S001,P0155,0,0,127,29,98,62,955.55,10,3,0,986.93,1,12,2024,0
2025-02-27,S006,P0235,2,1,230,50,96,62,431.59,10,1,1,392.93,1,2,2025,0
2025-01-25,S004,P0045,1,2,165,113,172,145,637.77,20,3,0,681.56,3,1,2025,0
2025-05-23,S002,P0342,0,4,403,101,164,130,108.71,15,1,1,109.05,1,5,2025,0
2025-07-18,S015,P0212,5,4,215,19,51,21,951.05,10,3,0,997.81,2,7,2025,0
2025-06-03,S001,P0461,2,2,165,39,87,71,314.32,15,3,1,331.65,2,6,2025,0
2025-01-18,S014,P0124,4,4,450,109,170,132,324.3,5,1,0,370.22,3,1,2025,0
2025-08-14,S011,P0265,3,4,239,21,75,51,977.58,5,1,1,967.89,2,8,2025,0
2025-05-31,S006,P0486,0,3,80,85,136,111,844.6,10,3,1,878.33,3,5,2025,1
2025-03-23,S003,P0293,2,2,25,85,161,124,161.52,20,1,0,182.28,0,3,2025,1
2024-07-10,S013,P0395,0,2,142,88,111,92,201.89,5,0,1,224.52,2,7,2024,0
2025-10-04,S005,P0145,0,3,31,86,119,113,119.82,20,3,1,82.09,1,10,2025,1
2025-01-05,S016,P0492,5,2,487,112,140,115,109.67,0,1,0,101.04,1,1,2025,0
2024-11-17,S020,P0438,1,2,344,62,73,62,305.77,5,0,0,321.74,1,11,2024,0
2025-09-20,S007,P0311,1,0,327,74,74,64,526.53,10,3,1,569.19,2,9,2025,0
2025-01-08,S005,P0138,0,4,78,120,124,123,334.26,5,1,1,292.6,0,1,2025,1
2025-12-26,S013,P0473,3,1,302,88,125,96,747.74,15,1,1,741.35,0,12,2025,0
2025-02-06,S016,P0222,2,4,72,79,156,119,318.47,5,0,0,363.85,3,2,2025,1
2025-09-13,S002,P0491,4,1,216,59,97,61,359.39,0,2,0,354.33,0,9,2025,0
2025-02-11,S003,P0111,5,1,35,19,40,20,435.09,5,0,1,420.86,0,2,2025,0
2024-05-05,S011,P0461,3,0,24,45,79,79,719.63,5,3,0,716.17,0,5,2024,1
2025-09-08,S003,P0294,5,4,128,72,81,75,565.35,20,2,0,609.98,0,9,2025,0
2024-07-21,S004,P0232,3,0,120,11,63,32,56.32,10,0,0,48.44,2,7,2024,0
2025-08-13,S013,P0019,4,0,30,41,68,32,988.08,15,3,0,966.52,3,8,2025,1
2024-03-12,S018,P0397,0,4,260,17,52,33,281.93,10,3,0,271.96,0,3,2024,0
2025-12-14,S008,P0025,1,3,252,68,106,99,844.64,20,3,0,804.91,1,12,2025,0
2024-08-19,S002,P0133,1,2,107,16,41,18,817.99,20,3,0,866.95,3,8,2024,0
2024-09-27,S019,P0236,1,3,188,93,146,122,277.21,5,0,1,319.7,1,9,2024,0
2025-10-14,S016,P0500,0,1,248,90,120,87,532.31,20,2,1,530.1,3,10,2025,0
2024-09-27,S007,P0356,1,2,412,42,82,77,359.48,5,2,1,375.43,2,9,2024,0
2024-01-14,S019,P0390,4,0,363,32,75,51,196.04,0,0,0,180.09,1,1,2024,0
2025-11-02,S013,P0500,2,0,98,113,141,135,914.98,5,1,0,956.65,2,11,2025,1
2024-03-11,S005,P0237,1,2,162,59,78,59,951.98,20,1,1,966.82,1,3,2024,0
2024-07-10,S018,P0044,0,4,156,8,61,28,458.11,10,1,1,419.94,1,7,2024,0
2025-05-29,S013,P0375,2,3,240,70,84,81,446.93,10,0,1,406.71,1,5,2025,0
2024-06-29,S002,P0331,3,2,324,40,101,63,498.68,15,1,1,459.6,3,6,2024,0
2024-02-06,S020,P0359,5,4,314,39,48,44,536.81,10,2,0,509.46,3,2,2024,0
2024-08-13,S012,P0327,0,0,395,110,161,144,500.22,5,0,1,528.79,3,8,2024,0
2024-07-08,S003,P0086,3,1,277,94,153,123,741.7,5,2,1,708.72,3,7,2024,0
2025-11-13,S006,P0348,1,0,262,59,71,70,185.74,10,0,0,223.87,3,11,2025,0
2025-05-15,S010,P0428,3,0,467,36,63,56,54.72,0,1,1,61.45,3,5,2025,0
2024-04-12,S009,P0340,2,1,175,107,165,144,458.09,10,0,0,507.07,3,4,2024,0
2024-12-27,S009,P0352,4,2,174,95,139,106,776.78,20,1,0,775.22,2,12,2024,0
2025-11-06,S003,P0100,2,2,92,50,72,71,251.92,15,0,0,237.86,2,11,2025,0
2024-09-28,S009,P0159,3,2,486,91,124,103,397.12,15,0,1,441.65,1,9,2024,0
2025-04-10,S005,P0239,5,3,310,106,168,146,295.52,0,0,1,295.41,0,4,2025,0
2025-05-13,S019,P0064,1,4,167,13,21,21,459.32,5,0,1,437.62,1,5,2025,0
2024-12-26,S017,P0341,4,3,358,111,104,101,258.92,10,3,0,296.79,2,12,2024,0
2024-07-20,S008,P0416,5,4,241,79,92,74,226.67,15,2,0,269.96,3,7,2024,0
2024-09-24,S011,P0412,4,3,491,43,90,71,181.57,15,1,0,199.46,2,9,2024,0
2025-03-02,S015,P0280,3,4,303,30,58,39,94.74,20,2,1,137.45,2,3,2025,0
2025-06-23,S014,P0239,2,4,246,93,135,103,935.53,10,2,1,932.37,3,6,2025,0
2025-03-07,S012,P0066,4,0,65,101,138,99,907.78,5,0,1,915.81,1,3,2025,1
2024-05-08,S002,P0044,1,1,226,90,109,80,809.41,20,3,0,805.43,3,5,2024,0
2024-10-24,S017,P0379,5,2,309,66,121,100,865.67,0,1,1,889.72,1,10,2024,0
2024-05-19,S001,P0413,2,0,134,119,192,152,853.73,10,1,1,866.55,3,5,2024,1
2024-01-01,S001,P0427,4,4,98,82,112,79,105.9,5,2,1,66.26,3,1,2024,0
2024-11-03,S020,P0349,2,0,227,66,82,67,843.3,20,3,0,819.33,2,11,2024,0
2025-10-13,S016,P0149,0,2,31,28,42,27,179.07,20,2,0,149.11,0,10,2025,0
2025-02-04,S010,P0235,1,0,217,94,119,90,422.73,15,2,1,387.55,0,2,2025,0
2024-02-04,S015,P0452,5,4,350,88,159,120,450.03,10,0,1,496.31,2,2,2024,0
2025-01-01,S003,P0090,5,3,276,114,149,136,355.35,20,0,0,344.41,1,1,2025,0
2024-05-23,S016,P0193,2,0,162,105,162,143,924.24,0,1,0,965.86,2,5,2024,0
2025-12-15,S001,P0437,5,3,185,80,129,107,588.65,15,1,1,545.41,3,12,2025,0
2025-05-26,S006,P0373,2,4,498,91,131,111,762.31,5,3,1,722.85,0,5,2025,0
2024-04-27,S001,P0473,3,1,39,113,154,150,447.11,10,3,0,457.76,1,4,2024,1
2024-05-16,S010,P0116,3,3,346,78,115,103,203.76,15,2,1,197.51,3,5,2024,0
2025-08-19,S012,P0397,2,0,32,85,123,117,211.5,5,3,0,250.83,2,8,2025,1
2025-11-29,S016,P0257,0,1,393,98,162,129,501.21,5,1,1,508.25,1,11,2025,0
2025-03-13,S004,P0256,3,2,340,53,83,47,87.36,20,0,1,67.18,2,3,2025,0
2024-10-23,S006,P0496,0,2,492,111,141,117,706.24,0,1,0,743.48,1,10,2024,0
2025-09-25,S002,P0174,2,1,49,74,115,108,586.94,10,1,0,602.26,3,9,2025,1
2024-05-22,S003,P0413,4,0,124,75,132,111,924.93,0,3,0,898.49,3,5,2024,0
2025-03-02,S009,P0371,1,2,326,99,133,128,888.64,15,3,0,933.3,2,3,2025,0
2025-10-27,S002,P0014,3,0,199,60,99,80,783.73,5,2,1,735.87,1,10,2025,0
2024-02-23,S004,P0225,1,0,218,103,125,117,435.42,15,0,0,440.37,2,2,2024,0
2024-12-17,S018,P0291,1,2,243,12,31,17,101.07,0,1,1,73.78,3,12,2024,0
2024-02-28,S008,P0150,3,0,84,61,80,62,53.28,10,2,0,63.52,3,2,2024,0
2025-11-03,S008,P0228,5,1,59,14,54,20,213.8,10,0,0,253.56,2,11,2025,0
2025-06-23,S014,P0362,4,4,477,39,83,49,508.41,0,0,1,493.07,2,6,2025,0
2024-05-20,S005,P0019,3,4,450,71,94,75,744.49,5,2,1,706.76,3,5,2024,0
2025-05-25,S003,P0031,0,0,448,9,33,16,592.36,10,2,0,625.08,3,5,2025,0
2025-01-26,S018,P0027,5,1,216,61,67,53,213.67,5,3,0,229.66,3,1,2025,0
2025-09-15,S001,P0175,5,0,406,119,146,130,812.14,20,2,0,783.79,3,9,2025,0
2024-04-21,S019,P0369,4,0,303,54,108,90,859.93,20,0,1,856.28,1,4,2024,0
2025-04-23,S008,P0395,4,1,401,35,33,33,287.89,10,0,0,246.44,3,4,2025,0
2025-09-22,S010,P0292,5,1,160,51,74,58,784.6,20,0,1,735.83,1,9,2025,0
2025-04-18,S018,P0112,2,2,28,61,80,51,46.63,10,3,0,44.65,0,4,2025,1
2024-03-06,S006,P0076,4,2,245,28,51,34,266.95,15,1,1,229.67,3,3,2024,0
2024-07-07,S002,P0488,5,1,370,69,124,87,324.16,20,0,1,345.9,0,7,2024,0
2025-07-07,S004,P0262,1,3,387,10,53,38,356.23,0,1,0,356.92,0,7,2025,0
2025-11-28,S020,P0404,0,1,232,14,72,45,877.09,5,2,0,829.56,1,11,2025,0
2024-10-28,S001,P0055,4,3,338,8,31,8,54.16,5,0,0,95.35,2,10,2024,0
2025-01-22,S008,P0290,4,0,445,79,80,71,387.28,0,2,1,432.8,3,1,2025,0
2025-09-13,S019,P0151,3,1,261,89,145,112,446.61,10,1,0,416.11,2,9,2025,0
2025-04-11,S012,P0287,4,2,181,100,112,97,450.56,15,0,0,436.75,2,4,2025,0
2025-04-04,S008,P0398,2,0,422,58,98,62,829.54,5,1,0,872.11,0,4,2025,0
2024-12-15,S007,P0461,3,4,180,20,41,15,426.81,5,3,1,434.41,3,12,2024,0
2025-03-04,S014,P0013,5,3,154,102,157,127,745.43,5,3,1,782.38,1,3,2025,0
2025-03-08,S011,P0303,4,0,201,21,71,36,249.02,10,3,1,210.92,3,3,2025,0
2024-12-29,S016,P0359,3,3,249,57,115,87,743.29,15,3,1,722.22,3,12,2024,0
2025-08-30,S019,P0144,1,3,323,52,114,85,385.58,15,0,0,353.25,0,8,2025,0
2024-02-19,S013,P0164,3,3,308,71,131,94,513.15,15,3,1,491.68,1,2,2024,0
2025-06-15,S010,P0141,2,4,162,78,127,107,108.47,10,1,1,75.03,0,6,2025,0
2024-09-22,S018,P0430,4,3,330,101,111,97,669.77,5,3,1,629.37,2,9,2024,0
2024-01-07,S015,P0267,3,4,270,111,125,102,211.11,20,0,1,203.76,3,1,2024,0
2025-03-31,S004,P0496,0,2,475,60,97,81,96.0,5,1,1,145.31,0,3,2025,0
2024-06-09,S003,P0362,5,1,279,47,83,54,634.32,20,3,0,651.53,3,6,2024,0
2025-12-23,S001,P0126,3,0,426,71,93,81,843.02,0,2,1,887.94,2,12,2025,0
2024-09-28,S003,P0487,4,3,260,24,56,45,736.23,10,3,0,699.41,3,9,2024,0
2025-05-17,S019,P0121,5,1,305,83,97,86,48.42,10,2,1,59.76,0,5,2025,0
2024-08-25,S018,P0247,0,2,468,42,105,74,495.32,15,1,1,505.1,0,8,2024,0
2025-03-05,S004,P0178,5,4,248,46,78,51,124.66,15,1,0,170.29,1,3,2025,0
2025-09-07,S014,P0032,4,1,230,92,98,97,298.02,20,0,0,269.53,1,9,2025,0
2025-02-04,S008,P0174,5,2,434,61,103,78,268.09,0,0,0,244.92,1,2,2025,0
2024-08-14,S020,P0313,0,3,313,117,151,117,214.14,0,3,1,258.93,1,8,2024,0
2024-04-02,S002,P0266,3,1,419,95,128,106,769.17,20,1,1,725.52,1,4,2024,0
2024-08-22,S008,P0482,1,2,168,107,130,107,338.19,5,3,1,343.49,1,8,2024,0
2025-05-11,S004,P0417,2,4,41,25,52,33,34.0,5,1,0,-12.62,3,5,2025,0
2024-03-19,S005,P0049,5,0,57,69,131,105,29.95,20,2,1,40.44,0,3,2024,1
2024-11-27,S009,P0497,5,0,237,70,108,107,309.13,15,2,0,279.4,0,11,2024,0
2025-03-15,S018,P0260,3,4,67,33,84,49,285.77,10,3,0,326.54,1,3,2025,0
2025-01-16,S013,P0395,3,4,410,74,115,109,457.75,20,0,0,505.27,3,1,2025,0
2025-10-20,S007,P0443,2,0,179,47,86,46,976.06,0,1,1,982.15,2,10,2025,0
2025-02-16,S002,P0393,2,1,335,112,165,132,725.8,20,2,0,751.86,0,2,2025,0
2024-06-03,S007,P0387,4,4,38,46,116,80,602.74,0,2,0,579.55,2,6,2024,1
2024-11-25,S014,P0359,1,4,256,95,147,115,559.26,0,1,1,601.38,2,11,2024,0
2025-06-16,S014,P0254,3,0,403,20,32,20,443.23,0,2,1,397.14,1,6,2025,0
2025-02-12,S020,P0456,0,0,24,42,66,39,995.79,10,1,1,998.04,0,2,2025,1
2025-06-19,S007,P0480,0,3,370,31,83,60,524.19,10,1,0,521.4,3,6,2025,0
2024-11-21,S007,P0103,5,2,233,27,56,26,76.38,0,2,0,57.56,3,11,2024,0
2024-03-03,S012,P0322,1,3,339,64,102,92,76.1,20,0,0,114.43,1,3,2024,0
2025-08-21,S007,P0040,4,3,393,44,96,57,769.32,10,3,1,775.43,0,8,2025,0
2024-07-01,S013,P0170,4,0,154,77,81,73,798.92,20,0,0,813.4,2,7,2024,0
2024-06-21,S006,P0244,1,1,21,105,122,109,100.42,20,3,1,65.07,2,6,2024,1
2025-06-07,S008,P0287,2,4,433,61,108,78,333.82,20,2,0,359.82,0,6,2025,0
2024-11-15,S006,P0485,5,1,449,71,114,81,87.42,20,1,0,121.64,1,11,2024,0
2025-05-16,S006,P0013,0,4,375,105,118,111,562.33,15,0,0,577.54,2,5,2025,0
2025-09-23,S012,P0270,3,2,306,117,143,119,380.46,0,0,0,350.04,3,9,2025,0
2025-01-12,S016,P0204,1,1,488,37,59,59,610.71,0,0,1,625.43,3,1,2025,0
2025-04-27,S002,P0190,1,0,331,85,135,104,182.03,20,1,1,212.77,2,4,2025,0
2024-03-25,S018,P0143,3,0,234,111,111,108,448.94,0,3,0,430.36,0,3,2024,0
2025-12-27,S002,P0034,3,0,106,120,170,147,521.18,15,1,0,512.82,3,12,2025,1
2024-06-25,S001,P0160,0,0,247,10,55,17,206.7,20,0,1,197.63,0,6,2024,0
2025-04-22,S003,P0094,5,2,310,112,151,146,570.53,15,1,0,529.35,3,4,2025,0
2024-06-22,S008,P0158,5,3,423,6,49,9,380.78,0,1,0,418.5,3,6,2024,0
2025-01-23,S007,P0140,3,3,381,41,59,42,149.02,10,0,0,140.42,1,1,2025,0
2024-09-27,S006,P0019,4,4,67,67,116,79,369.98,20,1,1,364.95,1,9,2024,1
2024-12-21,S009,P0047,4,3,350,108,159,141,215.37,20,0,1,220.53,1,12,2024,0
2024-09-24,S011,P0191,4,4,36,19,82,42,194.56,5,3,0,191.28,3,9,2024,1
2025-10-06,S004,P0096,0,1,203,116,116,106,427.19,10,1,0,410.86,2,10,2025,0
2024-01-23,S016,P0428,3,1,244,108,166,137,597.64,15,0,0,620.74,1,1,2024,0
2025-11-25,S014,P0397,0,0,225,43,49,35,765.54,20,2,1,726.33,2,11,2025,0
2025-06-08,S005,P0340,0,2,105,43,104,71,206.48,20,3,0,231.67,2,6,2025,0
2024-12-20,S006,P0155,0,2,254,55,84,55,10.83,5,1,1,-19.13,2,12,2024,0
2025-03-23,S006,P0177,1,4,66,97,111,102,687.87,10,2,1,638.36,1,3,2025,1
2025-11-15,S011,P0391,3,4,212,111,145,130,765.43,0,0,0,754.19,1,11,2025,0
2025-09-03,S020,P0092,3,1,221,73,89,67,493.43,20,0,0,446.12,3,9,2025,0
2025-09-17,S002,P0109,0,4,326,101,120,116,649.12,5,3,0,649.11,1,9,2025,0
2025-10-31,S014,P0092,3,4,112,59,76,58,317.98,15,3,0,271.46,3,10,2025,0
2024-12-20,S005,P0295,4,4,371,98,119,94,805.51,0,2,1,771.6,1,12,2024,0
2025-10-31,S004,P0310,2,0,363,56,76,73,309.92,10,0,0,334.13,0,10,2025,0
2025-07-01,S003,P0077,1,1,206,19,70,59,980.93,20,0,1,1006.89,1,7,2025,0
2025-03-21,S002,P0456,4,1,44,64,74,72,130.34,15,0,0,126.37,0,3,2025,1
2025-11-22,S001,P0229,0,1,171,103,128,94,274.56,10,3,1,260.25,0,11,2025,0
2024-02-07,S005,P0325,2,4,292,99,129,114,183.48,20,0,0,142.94,1,2,2024,0
2025-12-06,S012,P0020,3,0,336,36,105,72,573.38,0,3,0,531.03,3,12,2025,0
2024-12-11,S009,P0370,5,2,494,86,142,123,428.3,0,2,1,396.69,2,12,2024,0
2025-08-07,S002,P0192,4,4,153,43,104,72,543.77,5,1,0,563.2,0,8,2025,0
2025-12-06,S006,P0348,0,1,418,28,67,35,674.73,20,3,0,664.6,2,12,2025,0
2024-01-20,S011,P0050,3,3,420,58,98,90,282.02,15,3,0,291.93,2,1,2024,0
2024-03-06,S020,P0169,4,4,333,41,115,77,828.71,20,2,1,820.79,0,3,2024,0
2024-12-14,S006,P0345,2,1,183,49,76,67,467.33,15,2,1,438.39,3,12,2024,0
2025-10-08,S010,P0385,0,4,269,76,93,88,215.48,20,2,1,202.4,2,10,2025,0
2025-10-01,S001,P0385,0,0,319,26,77,55,569.24,15,2,1,618.82,1,10,2025,0
2025-07-04,S004,P0293,0,3,87,53,88,81,106.01,5,1,0,77.14,1,7,2025,0
2024-12-26,S011,P0258,4,0,404,32,86,48,286.09,10,2,1,299.12,1,12,2024,0
2025-05-21,S001,P0273,0,4,407,64,100,72,165.4,5,1,1,155.41,1,5,2025,0
2025-08-17,S005,P0313,4,0,354,58,100,74,196.99,0,3,0,208.88,3,8,2025,0
2024-11-28,S001,P0381,4,4,332,36,72,36,629.24,0,1,1,674.42,1,11,2024,0
2025-01-12,S010,P0034,1,3,390,116,132,121,477.45,5,2,0,459.72,2,1,2025,0
2025-12-01,S020,P0429,0,3,328,61,77,66,973.08,20,1,0,987.22,3,12,2025,0
2024-01-08,S003,P0401,2,1,403,9,68,42,868.39,15,3,1,904.61,1,1,2024,0
2025-05-07,S017,P0323,5,4,443,97,108,90,813.55,0,2,1,799.89,3,5,2025,0
2024-05-29,S012,P0212,5,1,453,38,113,76,756.04,0,1,1,778.24,1,5,2024,0
2024-08-03,S009,P0176,0,4,155,17,32,28,463.66,15,0,0,488.91,0,8,2024,0
2025-08-04,S012,P0289,0,1,160,81,81,73,156.54,10,0,1,109.13,0,8,2025,0
2025-05-01,S010,P0440,2,1,385,61,112,94,162.9,5,1,1,127.55,2,5,2025,0
2025-08-20,S017,P0208,2,0,175,23,50,50,266.83,20,1,0,291.38,2,8,2025,0
2025-08-24,S017,P0247,3,4,456,69,112,79,380.62,15,2,1,395.46,3,8,2025,0
2024-12-16,S004,P0333,3,1,135,44,61,47,158.59,20,2,0,186.39,3,12,2024,0
2025-06-20,S004,P0488,0,0,479,34,83,71,369.92,0,3,0,359.77,3,6,2025,0
2024-02-27,S008,P0117,5,4,248,77,115,100,252.25,5,1,1,271.22,0,2,2024,0
2025-07-19,S005,P0268,0,2,162,16,65,53,736.0,0,1,1,776.61,2,7,2025,0
2025-08-22,S003,P0101,2,2,409,79,128,99,107.29,0,2,1,89.18,1,8,2025,0
2024-07-21,S019,P0221,1,4,71,74,114,101,602.31,10,1,0,609.24,3,7,2024,1
2024-09-14,S016,P0264,0,1,406,57,102,85,497.68,5,0,1,480.54,0,9,2024,0
2024-10-08,S006,P0250,1,1,367,76,117,98,629.66,0,2,0,677.38,2,10,2024,0
2024-07-02,S018,P0422,3,3,53,102,138,119,103.62,15,3,1,87.86,2,7,2024,1
2024-11-10,S007,P0293,5,3,276,44,87,54,477.16,10,0,1,519.92,2,11,2024,0
2025-02-09,S016,P0335,4,4,422,26,65,26,665.96,10,0,1,711.63,0,2,2025,0
2025-04-28,S011,P0231,0,4,498,114,146,123,153.54,10,2,0,176.21,3,4,2025,0
2025-02-17,S007,P0107,5,1,48,57,77,69,975.24,10,0,0,927.19,3,2,2025,1
2024-11-25,S020,P0258,2,1,238,106,140,120,562.49,5,3,1,592.24,2,11,2024,0
2024-06-13,S013,P0353,5,4,186,97,154,117,475.17,0,1,0,503.29,1,6,2024,0
2024-03-01,S010,P0057,2,3,71,12,63,42,283.29,10,3,0,277.1,1,3,2024,0
2024-06-04,S008,P0168,4,0,467,24,70,51,578.35,20,0,0,537.15,3,6,2024,0
2024-05-23,S015,P0383,3,3,415,103,117,97,957.63,10,0,0,998.14,2,5,2024,0
2025-04-16,S014,P0219,2,4,205,47,65,49,262.8,0,3,1,226.83,0,4,2025,0
2024-01-17,S016,P0145,4,1,309,60,84,52,874.35,10,3,1,903.36,3,1,2024,0
2025-07-25,S015,P0313,5,3,419,19,53,43,800.61,0,3,0,808.0,0,7,2025,0
2025-04-21,S019,P0174,2,0,251,118,164,155,653.94,0,2,1,622.11,1,4,2025,0
2025-08-11,S005,P0133,3,0,170,5,58,34,28.68,5,0,0,10.92,2,8,2025,0
2025-08-11,S006,P0052,1,0,493,50,121,85,161.08,5,3,1,131.69,0,8,2025,0
2024-03-11,S014,P0139,3,3,187,116,140,126,661.59,5,0,1,641.88,2,3,2024,0
2025-03-26,S015,P0225,2,3,83,111,126,125,449.51,5,1,0,437.55,3,3,2025,1
2024-04-05,S016,P0380,4,1,109,69,129,96,130.49,5,0,0,92.53,2,4,2024,0
2024-08-03,S015,P0009,1,4,66,107,152,129,483.2,20,2,0,444.4,3,8,2024,1
2024-12-29,S003,P0334,5,4,204,44,65,38,946.48,10,2,1,919.42,0,12,2024,0
2025-10-24,S005,P0266,3,3,479,46,47,38,848.94,5,2,1,855.4,3,10,2025,0
2025-09-02,S014,P0089,3,0,430,31,86,68,377.99,15,1,1,410.32,0,9,2025,0
2024-04-22,S009,P0319,0,2,422,25,47,16,212.04,15,3,0,224.57,3,4,2024,0
2025-04-26,S017,P0087,3,2,37,99,124,98,56.03,15,3,0,82.28,2,4,2025,1
2024-04-04,S018,P0226,3,0,234,13,40,10,469.79,15,3,0,505.4,1,4,2024,0
2025-04-25,S020,P0343,5,2,480,120,134,126,329.65,20,2,0,316.21,2,4,2025,0
2024-05-08,S013,P0145,4,2,132,70,77,68,233.3,0,1,1,257.62,0,5,2024,0
2024-07-08,S017,P0265,4,1,393,89,119,98,713.36,15,1,0,730.2,1,7,2024,0
2025-01-18,S007,P0094,1,3,358,23,52,50,750.46,15,3,1,763.65,2,1,2025,0
2025-02-10,S019,P0208,2,3,185,6,62,32,489.01,10,2,0,457.78,1,2,2025,0
2024-04-30,S006,P0131,0,4,401,40,103,71,924.65,10,2,1,974.32,0,4,2024,0
2025-06-15,S005,P0049,3,4,154,13,76,53,432.25,0,3,1,478.73,0,6,2025,0
2024-05-09,S017,P0094,2,0,467,49,86,58,441.8,0,1,1,488.43,2,5,2024,0
2024-01-18,S017,P0269,1,0,121,98,157,135,530.32,5,0,1,536.61,2,1,2024,1
2025-01-18,S005,P0277,4,4,101,17,60,50,638.56,20,1,0,611.19,3,1,2025,0
2025-02-14,S010,P0001,1,1,171,54,103,77,894.81,15,0,1,877.0,3,2,2025,0
2024-03-01,S008,P0201,3,4,406,57,64,55,486.12,5,2,1,512.58,2,3,2024,0
2024-12-24,S019,P0484,5,3,56,33,48,40,893.71,0,1,0,916.31,2,12,2024,0
2025-11-19,S004,P0396,5,0,161,102,112,112,640.39,20,2,1,621.51,1,11,2025,0
2024-11-01,S011,P0449,0,2,440,20,83,44,459.82,0,2,0,497.84,3,11,2024,0
2025-10-03,S008,P0268,1,2,258,59,96,86,877.48,15,0,1,903.33,1,10,2025,0
2025-12-19,S009,P0464,0,0,241,58,91,51,114.14,10,0,0,148.37,0,12,2025,0
2024-12-31,S014,P0341,0,2,62,6,33,2,250.32,15,2,0,222.46,1,12,2024,0
2024-02-13,S008,P0185,4,0,328,18,51,45,579.87,0,2,0,626.54,3,2,2024,0
2024-12-21,S013,P0417,5,4,351,105,152,123,577.61,20,3,1,531.34,2,12,2024,0
2024-01-25,S009,P0184,5,1,342,47,61,43,921.46,0,0,1,944.37,0,1,2024,0
2025-04-01,S006,P0108,4,0,421,11,50,21,702.11,10,0,0,728.97,0,4,2025,0
2024-06-25,S008,P0163,0,2,452,68,84,63,358.29,20,3,0,382.28,0,6,2024,0
2025-09-28,S015,P0459,0,3,274,86,111,87,210.13,15,1,0,195.19,3,9,2025,0
2024-04-24,S018,P0276,3,4,117,79,120,88,703.23,20,3,1,682.85,3,4,2024,0
2024-04-02,S018,P0182,2,3,384,81,138,113,853.69,5,2,1,875.28,0,4,2024,0
2025-09-20,S005,P0342,0,2,311,15,39,25,448.11,0,2,1,422.7,2,9,2025,0
2024-09-08,S001,P0440,4,4,468,33,64,51,153.92,10,2,0,128.29,2,9,2024,0
2025-02-26,S013,P0383,0,1,115,113,173,136,405.62,20,0,0,444.48,0,2,2025,1
2025-01-08,S008,P0408,4,0,480,35,79,45,363.5,5,1,1,345.67,1,1,2025,0
2025-07-02,S008,P0239,0,0,180,18,60,46,722.91,20,3,0,755.02,1,7,2025,0
2025-05-24,S002,P0459,0,4,322,60,64,54,31.89,15,1,1,37.79,0,5,2025,0
2024-03-07,S016,P0221,5,3,388,40,82,66,947.88,0,2,1,969.24,1,3,2024,0
2024-11-13,S017,P0485,2,3,295,94,146,127,337.23,20,0,1,367.07,3,11,2024,0
2025-12-30,S017,P0212,5,3,406,50,84,77,776.87,0,1,1,788.26,2,12,2025,0
2024-07-04,S019,P0359,5,4,35,88,116,109,338.47,0,2,0,383.08,1,7,2024,1
2024-05-21,S009,P0256,1,3,453,48,55,49,318.08,5,0,0,338.81,2,5,2024,0
2024-08-20,S001,P0451,4,2,199,87,122,117,346.32,0,3,0,348.71,3,8,2024,0
2024-06-21,S019,P0289,0,2,20,72,62,62,333.59,10,1,1,286.36,1,6,2024,1
2024-07-05,S019,P0091,2,3,294,32,50,44,873.38,5,1,0,883.35,3,7,2024,0
2025-09-29,S004,P0179,5,3,39,73,120,113,809.13,10,1,1,852.63,1,9,2025,1
2024-07-16,S015,P0484,1,0,328,24,74,53,938.44,20,3,0,971.62,2,7,2024,0
2025-01-09,S016,P0416,5,0,92,35,68,56,796.11,0,3,1,781.94,0,1,2025,0
2025-06-23,S010,P0165,3,4,308,78,146,112,526.46,20,1,0,540.78,1,6,2025,0
2025-02-17,S016,P0313,2,1,242,53,79,48,33.6,0,2,0,15.75,3,2,2025,0
2025-06-24,S019,P0278,3,1,445,10,17,12,314.05,20,3,1,338.84,3,6,2025,0
2024-11-06,S017,P0435,3,0,217,29,75,41,61.91,15,0,1,85.76,2,11,2024,0
2024-04-11,S019,P0328,4,2,254,28,52,32,82.23,5,3,0,81.76,2,4,2024,0
2025-12-06,S013,P0424,3,1,79,42,47,32,663.0,10,2,1,711.44,2,12,2025,0
2024-05-25,S010,P0105,5,1,326,36,81,65,883.13,15,2,1,901.17,1,5,2024,0
2025-02-27,S013,P0022,5,4,213,40,73,42,260.89,0,1,1,273.54,3,2,2025,0
2025-10-14,S009,P0490,5,4,78,19,50,19,75.84,20,0,0,58.58,0,10,2025,0
2025-08-06,S018,P0434,2,3,153,18,63,56,400.96,5,1,1,445.98,1,8,2025,0
2025-05-05,S003,P0124,2,0,75,19,25,23,834.76,5,0,0,793.12,2,5,2025,0
2025-03-28,S011,P0023,4,2,325,103,127,95,769.12,5,1,0,795.97,0,3,2025,0
2024-06-28,S017,P0033,3,3,199,64,69,66,397.4,5,1,0,442.08,1,6,2024,0
2024-01-26,S005,P0281,0,2,466,61,70,55,605.64,10,3,1,611.33,1,1,2024,0
2025-06-14,S005,P0462,1,3,293,7,46,36,726.84,10,3,0,713.88,3,6,2025,0
2025-07-30,S002,P0289,4,2,49,109,159,123,128.45,5,3,0,154.67,1,7,2025,1
2024-10-16,S020,P0129,0,4,371,83,125,97,911.14,5,2,1,929.43,1,10,2024,0
2025-07-03,S013,P0132,3,1,470,51,64,55,293.99,5,3,0,340.29,0,7,2025,0
2024-05-27,S012,P0107,2,4,41,63,113,79,853.17,15,2,0,815.67,1,5,2024,1
2025-03-30,S017,P0106,3,3,218,64,98,77,332.75,15,1,1,296.06,0,3,2025,0
2025-04-19,S005,P0241,1,0,300,115,179,153,381.07,10,2,0,352.42,1,4,2025,0
2024-02-22,S014,P0093,2,2,122,32,78,43,891.03,15,1,0,934.74,2,2,2024,0
2024-10-06,S007,P0078,2,1,401,92,127,118,644.83,20,2,1,673.02,2,10,2024,0
2025-05-13,S003,P0044,1,2,181,83,160,121,535.28,0,3,0,552.9,3,5,2025,0
2024-11-16,S003,P0186,4,1,496,120,144,132,746.15,5,2,0,726.91,0,11,2024,0
2025-12-21,S005,P0084,2,2,109,42,57,51,804.31,5,2,1,844.39,1,12,2025,0
2025-12-17,S004,P0387,1,3,163,93,105,98,667.23,5,2,0,708.15,1,12,2025,0
2025-05-03,S019,P0293,3,4,107,103,131,94,691.24,10,3,0,734.33,0,5,2025,0
2024-12-13,S013,P0470,3,2,63,118,135,131,185.46,20,1,0,165.47,0,12,2024,1
2025-12-29,S019,P0214,3,1,425,105,122,100,606.78,15,0,1,558.38,0,12,2025,0
2025-06-16,S010,P0135,2,4,482,8,49,29,906.76,0,0,1,921.7,0,6,2025,0
2025-11-03,S020,P0006,5,0,254,89,105,84,555.76,5,3,0,592.96,1,11,2025,0
2024-07-23,S011,P0188,4,4,483,65,103,79,45.62,10,2,0,65.31,2,7,2024,0
2024-12-20,S015,P0471,5,2,388,38,75,63,493.94,10,0,1,452.27,3,12,2024,0
2024-05-11,S019,P0411,3,2,432,102,113,98,83.67,10,3,1,40.17,3,5,2024,0
2024-12-15,S011,P0403,5,2,465,84,87,78,586.93,15,3,1,600.03,2,12,2024,0
2024-07-23,S008,P0108,1,2,490,100,106,95,100.79,0,2,0,51.17,2,7,2024,0
2025-05-02,S019,P0443,1,4,438,30,96,65,609.4,5,1,1,606.32,3,5,2025,0
2024-06-29,S003,P0097,3,1,121,38,71,37,579.68,5,1,1,599.68,1,6,2024,0
2025-10-12,S009,P0423,0,3,448,80,126,88,418.16,10,3,0,389.99,0,10,2025,0
2024-06-14,S014,P0041,5,4,53,12,37,6,350.78,0,3,1,362.76,0,6,2024,0
2025-08-25,S011,P0231,0,4,414,51,123,85,681.41,0,0,0,688.33,0,8,2025,0
2025-05-15,S012,P0210,2,4,180,74,123,111,235.83,5,0,0,190.1,1,5,2025,0
2025-04-20,S011,P0196,5,3,251,24,47,23,425.4,0,2,0,462.74,3,4,2025,0
2025-03-20,S001,P0201,2,3,425,109,152,141,159.53,5,0,0,131.23,2,3,2025,0
2024-01-23,S007,P0250,4,4,274,55,74,55,831.48,20,2,0,809.25,2,1,2024,0
2025-05-14,S020,P0149,3,3,360,12,30,24,76.24,10,2,1,96.84,1,5,2025,0
2025-05-17,S014,P0314,1,0,26,44,84,74,345.19,10,1,0,363.6,0,5,2025,1
2025-01-17,S015,P0190,2,3,433,93,114,91,569.67,15,1,0,525.98,2,1,2025,0
2024-11-16,S007,P0462,3,1,344,120,157,140,559.45,20,1,1,588.83,2,11,2024,0
2025-05-15,S005,P0320,0,2,308,65,76,56,515.85,0,2,0,504.26,0,5,2025,0
2024-03-09,S012,P0435,1,4,250,54,105,93,793.37,10,1,1,814.56,3,3,2024,0
2024-12-01,S016,P0161,4,0,202,110,169,139,566.26,10,1,1,611.93,3,12,2024,0
2024-10-29,S013,P0217,5,2,395,12,61,49,528.27,20,0,0,506.52,2,10,2024,0
2024-05-27,S005,P0229,5,4,171,8,27,1,87.92,15,1,0,115.5,0,5,2024,0
2024-04-20,S006,P0301,3,1,499,40,76,59,205.8,20,3,1,201.13,3,4,2024,0
2024-11-30,S014,P0331,0,4,302,66,88,79,322.12,15,1,0,327.13,3,11,2024,0
2025-10-21,S005,P0255,1,2,164,46,108,72,48.99,20,1,1,4.58,3,10,2025,0
2025-06-19,S014,P0176,1,4,103,96,106,101,757.11,10,2,1,740.93,1,6,2025,0
2025-10-19,S015,P0082,1,1,424,55,98,89,552.62,0,1,1,584.06,3,10,2025,0
2025-10-22,S002,P0113,3,3,369,76,70,67,646.47,5,1,0,644.34,0,10,2025,0
2025-01-31,S014,P0282,1,2,407,86,143,118,29.06,10,1,1,28.28,2,1,2025,0
2024-08-23,S017,P0461,3,4,318,67,79,57,704.81,20,1,1,742.97,3,8,2024,0
2025-10-04,S007,P0387,4,1,401,84,109,92,560.7,20,0,1,549.54,0,10,2025,0
2024-09-23,S017,P0395,2,3,221,20,69,51,457.13,15,1,1,467.47,3,9,2024,0
2025-01-31,S010,P0427,5,3,431,18,68,55,208.14,20,0,0,231.71,1,1,2025,0
2024-02-25,S001,P0159,1,3,351,85,125,89,891.3,10,1,0,862.98,2,2,2024,0
2025-05-26,S006,P0472,2,4,388,54,110,90,463.31,15,0,1,473.49,3,5,2025,0
2025-09-23,S001,P0156,2,4,74,118,109,108,623.08,0,1,1,667.76,3,9,2025,1
2025-01-11,S014,P0335,1,1,130,87,116,89,744.43,10,3,1,702.04,0,1,2025,0
2024-05-25,S016,P0090,1,2,154,63,73,66,920.21,0,3,1,958.24,1,5,2024,0
2025-08-16,S005,P0111,1,4,375,76,100,83,32.33,20,2,1,30.3,3,8,2025,0
2025-05-24,S002,P0337,1,1,241,111,156,130,183.27,0,0,0,190.95,2,5,2025,0
2024-09-30,S002,P0448,4,4,32,90,109,97,242.47,15,2,1,273.51,3,9,2024,1
2024-10-20,S012,P0338,0,0,206,16,67,44,461.69,15,1,0,466.15,0,10,2024,0
2025-02-20,S005,P0417,5,4,109,79,117,94,472.81,10,2,0,499.54,1,2,2025,0
2024-03-29,S018,P0442,5,3,328,37,56,35,925.47,15,3,0,920.55,2,3,2024,0
2025-09-05,S007,P0423,5,4,194,74,114,104,852.59,20,3,0,816.54,3,9,2025,0
2025-05-28,S006,P0379,3,1,298,10,39,33,579.71,10,2,1,623.16,0,5,2025,0
2025-01-17,S004,P0116,5,4,300,55,103,78,226.88,10,1,1,251.86,3,1,2025,0
2025-05-31,S013,P0156,3,0,429,18,48,39,916.69,10,3,1,890.87,3,5,2025,0
2024-01-17,S015,P0487,1,4,35,42,52,39,193.86,0,0,0,150.56,3,1,2024,1
2025-12-15,S019,P0471,2,0,325,43,78,54,381.17,10,3,0,374.02,3,12,2025,0
2025-05-26,S004,P0217,5,0,183,49,56,40,703.63,15,0,0,728.92,3,5,2025,0
2025-01-24,S008,P0371,5,2,39,67,110,105,480.12,20,2,0,439.32,0,1,2025,1
2024-09-04,S014,P0049,1,3,329,65,77,57,316.72,15,3,0,288.38,3,9,2024,0
2025-05-29,S002,P0130,4,2,112,64,107,71,394.3,20,2,1,409.67,1,5,2025,0
2024-10-27,S005,P0496,1,3,457,25,35,17,605.11,15,2,0,566.08,2,10,2024,0
2024-01-06,S008,P0175,5,0,218,104,152,141,774.74,0,2,1,754.97,1,1,2024,0
2025-12-18,S015,P0255,0,4,486,19,25,15,147.81,20,3,0,154.09,3,12,2025,0
2025-03-04,S003,P0135,5,1,262,9,43,16,561.71,15,2,0,518.4,2,3,2025,0
2024-05-20,S018,P0192,4,1,81,8,13,8,574.72,5,2,1,569.33,2,5,2024,0
2025-08-19,S013,P0006,0,2,231,19,46,44,239.93,5,3,1,219.96,0,8,2025,0
2025-08-22,S007,P0097,5,4,291,6,23,15,326.33,5,2,0,362.39,2,8,2025,0
2024-04-11,S005,P0440,4,3,108,54,119,79,630.76,0,3,0,595.37,3,4,2024,0
2025-08-02,S009,P0209,1,4,104,36,92,66,841.37,10,3,0,885.13,1,8,2025,0
2024-01-29,S008,P0384,3,4,118,90,149,126,396.87,20,2,1,430.51,2,1,2024,1
2025-09-05,S018,P0044,5,3,286,41,66,62,438.41,0,3,0,430.14,0,9,2025,0
2025-02-06,S010,P0438,2,0,163,64,116,95,310.46,20,2,0,320.99,2,2,2025,0
2025-04-25,S003,P0129,5,1,192,16,81,50,975.47,20,0,0,977.17,2,4,2025,0
2024-11-16,S007,P0423,0,0,494,120,145,130,570.35,10,2,0,617.58,0,11,2024,0
2025-09-04,S010,P0098,5,1,237,90,134,122,770.63,5,0,1,800.85,1,9,2025,0
2025-08-18,S011,P0094,5,4,286,27,42,24,642.21,5,0,1,652.02,1,8,2025,0
2025-05-10,S003,P0130,1,4,387,39,94,65,542.03,5,2,1,517.5,3,5,2025,0
2024-07-12,S009,P0262,4,4,435,37,87,58,935.4,20,1,0,943.76,3,7,2024,0
2025-03-13,S005,P0093,1,1,341,67,101,95,481.6,15,3,1,462.91,3,3,2025,0
2024-10-11,S014,P0105,1,0,75,75,116,99,136.15,0,3,1,178.72,3,10,2024,1
2024-12-11,S020,P0293,0,0,339,97,122,104,435.5,5,0,1,407.54,2,12,2024,0
2024-01-24,S020,P0009,3,2,303,79,103,89,180.12,15,0,0,150.43,3,1,2024,0
2024-04-07,S006,P0470,3,1,146,113,143,129,249.6,20,3,1,216.16,2,4,2024,0
2025-11-18,S004,P0434,1,4,177,60,125,87,851.09,15,2,0,822.43,2,11,2025,0
2025-01-28,S016,P0224,4,1,455,83,145,121,32.8,10,0,1,3.31,1,1,2025,0
2025-06-03,S020,P0429,5,4,335,54,110,72,213.41,5,1,0,233.76,2,6,2025,0
2024-08-11,S013,P0308,2,2,180,50,82,65,256.28,10,1,1,296.13,1,8,2024,0
2025-12-31,S014,P0371,2,4,429,7,57,21,351.73,15,3,0,303.78,0,12,2025,0
2024-12-22,S019,P0331,4,0,137,39,68,52,483.75,5,1,1,455.66,1,12,2024,0
2025-01-08,S018,P0026,0,2,44,102,111,106,710.03,5,0,0,669.27,2,1,2025,1
2024-10-27,S010,P0086,4,2,92,114,148,131,872.3,5,1,1,845.21,3,10,2024,1
2025-08-09,S006,P0121,1,3,355,105,156,145,295.36,15,3,1,339.56,3,8,2025,0
2024-10-02,S012,P0371,3,3,438,105,140,106,132.9,15,1,1,138.24,3,10,2024,0
2024-11-29,S002,P0202,3,3,457,26,82,65,518.11,0,3,0,518.2,2,11,2024,0
2024-05-15,S015,P0090,5,2,143,115,166,143,578.13,10,1,1,574.37,3,5,2024,0
2024-03-09,S013,P0282,4,4,213,22,30,12,466.16,15,2,0,483.91,1,3,2024,0
2024-09-14,S007,P0038,4,1,288,57,89,57,859.35,5,0,1,889.83,1,9,2024,0
2025-01-26,S007,P0223,5,3,212,43,57,56,321.4,5,2,1,346.43,0,1,2025,0
2025-02-09,S015,P0365,2,1,145,23,28,14,904.63,10,1,0,903.31,2,2,2025,0
2025-03-01,S012,P0239,2,4,46,36,75,35,923.52,10,3,0,910.92,0,3,2025,0
2025-06-08,S017,P0085,1,2,302,66,88,58,77.08,10,1,0,46.43,3,6,2025,0
2024-01-26,S020,P0236,0,0,280,32,95,62,377.55,15,0,0,367.89,0,1,2024,0
2024-02-22,S017,P0019,5,0,430,71,105,98,884.7,15,3,1,878.04,1,2,2024,0
2024-12-04,S007,P0048,4,4,358,96,154,114,274.43,5,0,0,300.64,2,12,2024,0
2024-02-12,S005,P0219,4,0,42,43,41,33,202.55,20,0,1,171.92,3,2,2024,0
2024-03-08,S006,P0474,5,4,103,114,122,106,729.97,0,3,1,701.88,1,3,2024,1
2024-12-16,S018,P0456,5,1,335,98,141,111,956.11,10,0,1,963.81,0,12,2024,0
2025-08-31,S011,P0482,4,1,418,119,138,124,816.78,15,2,0,815.12,3,8,2025,0
2025-08-28,S008,P0451,3,4,173,107,119,113,825.83,20,1,1,798.19,0,8,2025,0
2025-02-26,S020,P0247,5,2,400,56,108,72,337.9,0,0,1,312.15,1,2,2025,0
2025-02-19,S012,P0061,0,3,437,60,85,59,478.44,0,2,0,461.82,1,2,2025,0
2025-08-25,S011,P0082,4,1,129,56,88,73,293.6,20,2,1,324.05,3,8,2025,0
2024-03-25,S003,P0479,5,3,62,106,143,143,158.55,15,3,1,157.81,1,3,2024,1
2024-06-30,S003,P0021,3,1,36,22,53,30,681.95,10,0,1,698.56,3,6,2024,0
2025-08-19,S013,P0422,2,2,62,10,39,39,823.22,5,0,0,852.17,3,8,2025,0
2025-09-19,S017,P0050,2,0,165,22,45,16,610.11,10,1,0,575.85,3,9,2025,0
2025-02-06,S017,P0157,0,4,456,48,90,80,697.96,15,2,1,683.84,0,2,2025,0
2025-11-13,S002,P0301,1,3,187,31,65,36,157.23,5,3,0,110.91,2,11,2025,0
2024-06-01,S016,P0223,2,2,390,14,43,22,690.85,20,0,1,664.78,1,6,2024,0
2025-11-02,S009,P0200,3,4,37,51,76,51,199.57,0,2,0,154.46,0,11,2025,1
2025-04-05,S006,P0004,3,1,88,109,146,119,661.82,20,2,1,698.63,1,4,2025,1
2024-12-08,S007,P0370,3,4,95,10,23,8,517.66,15,3,1,563.37,0,12,2024,0
2025-12-29,S017,P0104,3,3,195,107,159,136,343.81,0,0,0,342.09,1,12,2025,0
2025-06-25,S019,P0281,0,0,322,83,124,112,440.59,0,2,1,436.09,0,6,2025,0
2024-12-06,S014,P0476,2,0,29,57,124,84,965.43,0,1,0,962.88,2,12,2024,1
2025-04-05,S009,P0003,4,3,155,43,76,74,818.57,20,3,1,793.98,1,4,2025,0
2024-09-01,S018,P0482,2,2,223,5,25,22,959.05,10,0,1,962.58,1,9,2024,0
2025-08-17,S013,P0288,5,1,129,73,140,105,294.68,0,1,1,330.2,3,8,2025,0
2025-12-02,S009,P0087,5,1,239,15,41,26,947.11,0,0,0,907.06,2,12,2025,0
2025-03-12,S018,P0355,4,2,124,98,121,98,106.63,10,3,1,87.58,3,3,2025,0
2024-01-04,S011,P0063,4,0,142,13,69,52,965.49,0,2,1,991.98,1,1,2024,0
2025-11-15,S013,P0413,3,0,334,40,85,80,362.7,0,0,1,348.02,3,11,2025,0
2024-03-05,S012,P0016,0,4,103,23,44,34,526.87,20,2,1,496.29,1,3,2024,0
2024-08-05,S003,P0500,5,3,105,29,98,58,488.59,20,2,0,513.36,1,8,2024,0
2024-11-25,S012,P0009,5,1,348,52,56,54,46.02,5,0,0,-3.61,3,11,2024,0
2024-11-18,S004,P0304,3,4,461,64,67,59,844.59,20,2,0,846.64,3,11,2024,0
2025-10-01,S014,P0151,1,2,435,9,89,49,323.9,10,3,0,327.61,2,10,2025,0
2025-12-13,S017,P0187,1,4,152,109,132,123,287.86,15,0,0,335.99,1,12,2025,0
2024-01-24,S020,P0307,1,1,33,41,62,51,714.68,5,3,1,757.82,0,1,2024,1
2024-12-07,S008,P0026,0,1,182,118,126,115,580.65,20,3,0,610.69,0,12,2024,0
2024-04-12,S011,P0138,5,2,478,56,96,94,318.77,15,1,1,278.07,3,4,2024,0
2025-08-25,S004,P0136,3,0,22,18,40,38,474.53,10,1,1,465.13,0,8,2025,1
2024-06-21,S005,P0087,5,0,114,88,120,114,634.53,0,1,0,631.56,3,6,2024,0
2025-11-28,S008,P0031,2,3,287,117,160,124,796.71,5,2,1,795.98,0,11,2025,0
2024-12-18,S020,P0439,1,4,89,56,109,83,911.64,10,0,0,888.58,3,12,2024,0
2024-04-27,S019,P0062,5,3,227,80,98,82,694.39,20,1,1,662.83,2,4,2024,0
2024-09-12,S009,P0492,1,0,401,10,50,46,687.23,5,3,1,733.75,3,9,2024,0
2025-12-13,S004,P0445,0,1,27,57,74,53,214.27,5,2,0,178.97,0,12,2025,1
2025-03-30,S008,P0251,2,1,359,30,69,60,214.71,10,2,1,183.51,0,3,2025,0
2024-01-04,S017,P0149,3,4,241,64,67,64,783.58,0,3,0,808.41,2,1,2024,0
2024-10-17,S015,P0179,0,3,163,27,44,44,478.5,20,2,1,435.03,0,10,2024,0
2025-05-03,S008,P0331,2,4,219,39,69,39,228.36,5,1,1,180.07,3,5,2025,0
2024-10-01,S017,P0410,0,4,389,52,91,75,693.01,10,3,1,729.21,3,10,2024,0
2024-09-04,S019,P0410,4,3,480,41,62,47,760.16,20,2,1,795.75,2,9,2024,0
2024-01-21,S007,P0096,1,1,187,103,172,137,425.53,10,2,0,375.68,0,1,2024,0
2025-08-23,S016,P0320,3,3,122,85,138,100,569.56,10,0,1,529.17,0,8,2025,0
2024-12-31,S018,P0009,5,2,261,102,141,107,340.09,5,3,1,333.17,2,12,2024,0
2025-02-24,S018,P0226,5,3,463,10,42,13,418.24,0,1,1,378.5,2,2,2025,0
2025-01-14,S009,P0330,4,4,69,9,15,15,919.02,15,1,1,881.05,0,1,2025,0
2024-08-30,S008,P0023,2,1,333,20,31,15,793.19,20,1,1,817.83,1,8,2024,0
2024-08-09,S019,P0143,1,4,427,57,74,68,97.82,20,0,0,70.75,1,8,2024,0
2025-07-23,S009,P0099,3,3,376,26,23,17,980.9,20,1,1,933.04,2,7,2025,0
2024-07-19,S008,P0317,3,2,443,31,41,33,302.05,0,3,1,318.22,0,7,2024,0
2025-10-04,S003,P0427,3,4,407,117,174,155,836.4,15,2,1,801.79,2,10,2025,0
2025-01-18,S005,P0213,1,4,37,73,100,74,117.44,5,1,1,88.62,0,1,2025,1
2025-12-31,S019,P0169,2,3,286,96,154,121,950.47,20,1,0,990.37,1,12,2025,0
2024-06-25,S001,P0101,2,1,332,112,180,152,286.38,10,2,0,297.01,3,6,2024,0
2025-08-18,S018,P0487,1,0,79,106,148,140,901.82,5,2,0,925.52,2,8,2025,1
2024-02-24,S017,P0440,4,0,285,28,66,52,800.95,5,3,1,841.75,3,2,2024,0
2024-12-13,S006,P0023,2,4,288,73,84,68,268.53,20,1,1,232.15,2,12,2024,0
2025-12-16,S018,P0042,5,1,345,16,48,39,628.59,0,2,1,620.8,0,12,2025,0
2024-12-11,S001,P0043,0,3,35,9,47,47,782.25,0,3,1,818.54,2,12,2024,1
2025-05-07,S020,P0014,5,3,432,17,69,35,651.07,0,0,0,679.82,1,5,2025,0
2025-11-19,S018,P0417,3,0,78,106,146,128,755.0,10,2,0,720.93,1,11,2025,1
2025-06-18,S002,P0161,2,4,486,103,106,97,183.97,10,3,0,184.11,1,6,2025,0
2024-01-27,S011,P0046,0,0,42,81,74,74,665.42,5,0,1,653.21,1,1,2024,1
2025-01-21,S011,P0190,5,2,308,20,51,25,157.78,10,0,0,158.95,2,1,2025,0
2025-08-13,S007,P0124,2,0,212,98,125,90,717.15,15,2,0,672.45,3,8,2025,0
2025-10-01,S002,P0476,1,4,418,86,120,109,134.51,0,0,1,111.29,3,10,2025,0
2024-09-24,S008,P0265,3,4,340,98,115,104,552.0,15,1,1,551.84,1,9,2024,0
2024-10-01,S010,P0372,3,0,144,24,61,57,150.09,15,0,0,162.0,0,10,2024,0
2024-06-11,S004,P0159,0,2,30,36,60,52,374.57,20,2,1,367.66,1,6,2024,1
2024-10-25,S002,P0096,2,3,343,54,76,54,946.68,10,0,0,972.45,2,10,2024,0
2024-10-27,S014,P0406,0,1,118,115,152,151,671.98,15,3,1,659.71,3,10,2024,1
2025-01-12,S005,P0239,4,2,143,76,142,110,523.56,10,0,1,506.72,0,1,2025,0
2025-12-04,S012,P0100,4,1,347,12,35,20,212.59,5,0,1,183.48,1,12,2025,0
2024-08-15,S015,P0370,1,0,433,23,24,19,103.63,20,3,1,99.1,2,8,2024,0
2025-08-30,S011,P0116,1,4,66,85,130,118,497.66,5,3,1,488.16,3,8,2025,1
2025-09-18,S017,P0440,2,0,409,69,110,90,991.51,0,3,1,987.68,2,9,2025,0
2024-08-01,S005,P0429,4,0,440,8,38,1,115.68,15,3,1,76.88,1,8,2024,0
2024-12-07,S020,P0062,5,4,261,86,151,120,271.25,10,3,1,303.55,1,12,2024,0
2025-01-11,S003,P0414,1,0,332,106,126,118,887.03,0,0,1,868.15,0,1,2025,0
2024-08-19,S014,P0100,3,3,138,55,108,78,349.52,0,1,1,358.18,3,8,2024,0
2024-09-02,S002,P0357,5,1,251,40,72,51,424.09,0,1,0,399.6,3,9,2024,0
2025-01-10,S002,P0266,5,2,342,7,67,46,245.27,15,3,1,238.14,1,1,2025,0
2024-01-19,S013,P0453,4,2,500,10,15,12,525.05,5,3,0,511.18,2,1,2024,0
2025-12-02,S009,P0460,0,1,253,14,37,24,108.95,5,3,0,135.71,2,12,2025,0
2025-03-22,S005,P0319,3,0,312,18,79,39,848.96,15,0,0,875.27,3,3,2025,0
2024-04-28,S011,P0153,3,4,143,43,68,68,795.87,15,1,0,823.89,3,4,2024,0
2024-08-05,S012,P0232,5,2,139,87,139,100,726.62,0,3,0,686.87,3,8,2024,0
2024-10-23,S019,P0414,3,4,166,78,80,79,717.51,15,2,0,766.7,0,10,2024,0
2025-07-19,S017,P0152,3,0,348,82,158,120,748.56,15,0,0,707.53,2,7,2025,0
2024-05-30,S019,P0317,3,3,189,77,91,73,31.06,20,1,1,69.79,2,5,2024,0
2024-08-16,S002,P0209,4,2,170,104,130,103,410.17,20,2,1,456.23,1,8,2024,0
2025-10-17,S006,P0384,3,1,80,63,127,101,972.62,0,1,1,986.81,0,10,2025,1
2025-11-17,S018,P0388,1,1,359,82,110,95,899.54,20,3,0,863.39,1,11,2025,0
2025-11-10,S005,P0208,4,1,80,23,93,57,613.91,10,1,0,566.9,0,11,2025,0
2024-04-05,S007,P0008,4,4,421,75,125,89,384.51,15,2,1,397.55,2,4,2024,0
2024-07-13,S007,P0398,0,4,433,72,118,82,343.48,0,1,1,318.67,0,7,2024,0
2025-06-05,S008,P0001,1,0,159,85,78,77,834.2,5,2,0,832.04,1,6,2025,0
2024-03-05,S007,P0417,4,1,48,19,81,57,508.86,0,3,1,466.98,3,3,2024,1
2025-01-19,S011,P0028,2,4,290,12,58,41,89.3,20,1,1,46.62,1,1,2025,0
2025-10-19,S009,P0009,2,4,230,85,87,84,732.68,5,2,0,746.43,1,10,2025,0
2024-06-15,S020,P0071,0,2,49,96,122,114,728.76,15,3,0,745.9,1,6,2024,1
2025-01-28,S009,P0012,2,0,492,11,47,11,702.29,20,0,1,658.97,2,1,2025,0
2024-07-22,S006,P0104,0,4,123,63,72,67,937.87,10,3,0,923.66,3,7,2024,0
2025-04-20,S004,P0113,2,3,25,31,37,31,87.81,5,0,1,37.86,1,4,2025,1
2025-05-22,S018,P0152,0,1,299,78,114,90,130.05,5,3,1,124.8,0,5,2025,0
2024-02-18,S010,P0028,3,4,92,115,148,130,515.17,0,1,0,508.29,3,2,2024,1
2025-02-11,S006,P0469,3,2,260,73,78,69,905.99,15,3,1,922.72,3,2,2025,0
2025-05-18,S009,P0266,2,3,477,110,171,137,829.05,0,0,0,841.88,1,5,2025,0
2024-08-27,S006,P0279,5,1,408,59,97,63,250.6,0,2,1,285.41,0,8,2024,0
2024-08-22,S014,P0207,5,2,313,101,120,119,497.9,20,2,0,502.36,3,8,2024,0
2025-02-16,S001,P0187,1,4,460,68,98,73,523.09,5,1,1,559.1,2,2,2025,0
2024-07-03,S012,P0008,0,0,134,85,117,97,677.14,0,2,1,726.36,0,7,2024,0
2025-02-18,S019,P0072,0,0,311,24,64,60,527.61,5,2,0,484.89,3,2,2025,0
2025-07-24,S010,P0402,4,2,322,73,129,112,242.87,20,1,1,253.77,3,7,2025,0
2024-12-04,S020,P0367,5,1,428,9,51,37,665.69,20,0,1,659.01,0,12,2024,0
2025-09-12,S010,P0178,2,0,192,113,189,150,517.08,0,2,1,531.81,1,9,2025,0
2024-04-03,S018,P0394,5,3,202,27,66,32,407.64,15,3,0,405.4,0,4,2024,0
2025-01-24,S018,P0253,2,0,419,14,47,43,722.21,15,1,0,721.7,1,1,2025,0
2024-06-06,S002,P0405,5,0,448,111,129,109,520.96,5,0,1,520.35,1,6,2024,0
2025-10-20,S012,P0387,2,4,115,92,137,122,374.99,10,0,0,413.29,3,10,2025,1
2024-02-01,S011,P0437,0,1,364,20,37,20,900.77,5,0,1,928.61,1,2,2024,0
2025-04-16,S008,P0325,3,0,323,55,65,57,359.49,20,0,0,338.91,2,4,2025,0
2024-07-18,S011,P0096,4,1,299,120,152,146,346.78,5,2,1,322.85,0,7,2024,0
2025-02-02,S008,P0176,4,0,105,78,103,78,946.6,5,0,1,983.43,2,2,2025,0
2025-05-31,S016,P0266,0,4,74,76,136,111,375.54,0,0,1,420.7,0,5,2025,1
2025-05-14,S020,P0062,5,0,415,92,116,100,231.96,5,3,1,212.62,1,5,2025,0
2025-09-05,S009,P0407,1,2,267,26,31,19,526.33,10,0,1,534.53,1,9,2025,0
2024-11-10,S007,P0374,3,1,65,46,83,54,116.45,10,1,0,86.68,1,11,2024,0
2025-06-21,S020,P0137,3,2,69,35,80,52,853.04,0,0,1,804.65,3,6,2025,0
2024-12-28,S017,P0243,4,2,110,63,116,77,533.92,0,1,0,553.53,3,12,2024,0
2024-10-05,S005,P0479,0,0,204,21,58,26,531.52,10,2,0,521.74,3,10,2024,0
2024-11-28,S009,P0153,3,3,462,103,162,130,421.36,15,2,0,425.25,0,11,2024,0
2025-11-16,S011,P0404,5,0,163,74,125,104,735.56,15,0,1,782.01,2,11,2025,0
2024-11-07,S001,P0452,1,2,334,20,42,15,985.53,0,1,0,949.14,0,11,2024,0
2025-10-16,S004,P0410,0,1,137,80,125,111,82.02,5,3,1,45.13,3,10,2025,0
2024-11-27,S006,P0350,1,1,194,66,91,58,212.05,15,0,0,217.6,1,11,2024,0
2025-01-30,S015,P0369,0,4,320,84,150,119,152.63,5,1,1,144.94,2,1,2025,0
2025-01-10,S003,P0270,3,3,453,70,117,107,920.05,10,3,1,890.97,2,1,2025,0
2024-03-05,S020,P0048,1,4,84,30,67,58,879.88,0,3,1,892.57,2,3,2024,0
2025-03-01,S018,P0085,2,4,154,67,80,67,720.37,15,3,0,704.87,2,3,2025,0
2024-07-04,S009,P0248,3,4,480,49,98,69,327.64,10,1,1,333.84,0,7,2024,0
2024-05-25,S004,P0201,1,0,336,16,67,38,388.59,20,1,0,362.7,3,5,2024,0
2025-10-22,S007,P0475,4,0,260,27,50,21,690.61,5,1,1,684.9,0,10,2025,0
2024-07-05,S006,P0490,1,4,108,24,86,50,910.55,5,0,1,934.65,0,7,2024,0
2024-08-29,S008,P0405,4,0,303,75,89,74,897.74,10,1,0,913.07,0,8,2024,0
2024-09-30,S013,P0149,3,2,233,20,70,41,739.74,15,0,0,711.63,0,9,2024,0
2025-08-14,S015,P0310,4,4,435,104,164,125,718.34,0,3,1,686.39,2,8,2025,0
2025-03-26,S017,P0467,2,2,55,25,39,18,254.02,20,1,0,250.87,0,3,2025,0
2024-05-21,S004,P0069,0,4,316,76,114,99,139.36,0,3,1,170.59,2,5,2024,0
2024-02-08,S017,P0443,4,4,472,10,51,16,494.06,15,0,1,495.92,0,2,2024,0
2025-11-14,S002,P0104,1,1,283,50,66,51,641.05,15,0,1,683.48,1,11,2025,0
2025-10-22,S006,P0489,3,0,61,109,171,135,327.53,15,3,1,284.17,2,10,2025,1
2025-10-20,S007,P0245,0,0,315,26,102,65,751.79,0,1,1,711.04,2,10,2025,0
2024-01-06,S020,P0496,1,3,315,58,83,78,218.31,20,2,1,218.3,2,1,2024,0
2024-06-04,S005,P0028,1,0,79,31,38,31,868.06,15,3,1,859.07,3,6,2024,0
2025-01-26,S015,P0070,5,1,226,18,27,16,51.43,20,2,1,73.6,2,1,2025,0
2025-09-29,S011,P0107,4,2,402,98,103,101,300.68,5,1,0,293.82,0,9,2025,0
2025-06-17,S018,P0350,2,0,73,24,80,62,184.38,0,1,0,162.83,3,6,2025,0
2025-08-13,S019,P0100,5,1,360,46,53,44,600.36,15,0,0,563.24,3,8,2025,0
2025-11-01,S019,P0255,1,2,20,108,147,111,600.24,5,1,0,628.16,3,11,2025,1
2024-05-25,S010,P0391,3,3,161,29,68,46,554.2,20,3,0,540.87,3,5,2024,0
2024-06-08,S016,P0119,4,4,33,23,46,43,428.24,10,0,1,439.67,2,6,2024,1
2025-09-05,S008,P0067,3,1,337,12,35,30,436.91,20,3,0,389.15,0,9,2025,0
2024-09-24,S010,P0017,3,2,462,25,98,58,645.62,5,3,1,665.74,0,9,2024,0
2025-02-19,S010,P0319,1,1,274,77,156,116,456.96,15,2,0,496.26,0,2,2025,0
2024-10-18,S009,P0237,2,2,237,112,128,113,258.77,0,3,1,222.46,3,10,2024,0
2024-05-01,S014,P0284,3,2,428,105,134,127,48.34,0,2,0,78.95,0,5,2024,0
2024-04-02,S012,P0230,1,3,270,25,75,42,52.2,0,3,1,53.89,0,4,2024,0
2025-12-22,S008,P0028,2,3,51,64,71,59,513.28,15,0,1,508.58,3,12,2025,1
2024-10-21,S007,P0013,1,0,204,72,110,79,307.23,15,2,1,274.73,0,10,2024,0
2025-06-28,S016,P0016,3,2,460,72,127,105,452.35,15,3,0,461.97,2,6,2025,0
2025-11-18,S015,P0473,0,4,431,116,167,155,610.89,5,2,0,643.15,2,11,2025,0
2024-03-21,S016,P0010,1,2,200,79,106,73,248.14,5,0,0,268.09,1,3,2024,0
2025-03-11,S002,P0229,4,4,71,44,95,55,593.42,0,2,1,622.93,0,3,2025,0
2024-02-08,S018,P0035,5,0,30,100,147,131,589.71,20,0,1,616.54,0,2,2024,1
2024-09-12,S020,P0257,1,0,361,95,109,89,786.61,0,0,0,762.16,1,9,2024,0
2025-09-12,S015,P0351,1,4,290,68,112,98,651.55,5,2,0,647.87,3,9,2025,0
2025-02-24,S016,P0246,4,1,484,53,58,49,224.12,10,1,1,269.37,2,2,2025,0
2024-11-26,S019,P0467,1,0,243,28,63,31,673.03,20,2,1,651.94,3,11,2024,0
2025-12-29,S015,P0027,4,4,441,38,65,38,849.64,5,1,1,802.27,3,12,2025,0
2025-02-24,S018,P0484,1,3,48,112,113,112,634.52,10,0,0,594.03,2,2,2025,1
2024-04-24,S017,P0016,1,0,62,61,86,52,508.61,20,2,0,555.07,0,4,2024,0
2025-07-01,S008,P0293,2,0,90,25,70,63,456.78,10,0,0,458.97,3,7,2025,0
2025-07-06,S016,P0342,1,3,108,12,19,3,544.69,15,1,0,542.12,3,7,2025,0
2024-11-02,S019,P0139,3,0,324,56,56,51,934.81,20,2,1,973.91,1,11,2024,0
2025-02-05,S008,P0366,1,1,316,90,150,110,59.53,0,3,0,68.41,3,2,2025,0
2024-12-29,S018,P0286,3,1,238,10,66,31,645.9,5,2,0,644.65,3,12,2024,0
2025-04-16,S014,P0360,5,1,317,107,164,139,189.91,0,2,0,228.39,2,4,2025,0
2024-09-28,S003,P0228,1,3,499,83,101,100,272.99,20,0,1,254.23,1,9,2024,0
2024-05-25,S018,P0065,1,0,101,50,92,77,827.26,15,1,0,804.78,1,5,2024,0
2025-06-29,S009,P0203,2,3,376,69,112,73,50.68,15,2,1,14.43,1,6,2025,0
2024-01-23,S004,P0301,5,3,339,111,110,105,306.9,5,0,1,356.77,2,1,2024,0
2025-02-21,S008,P0023,0,1,75,34,67,37,722.52,0,3,0,706.69,0,2,2025,0
2025-12-18,S004,P0316,1,4,31,26,56,39,752.97,15,0,1,717.43,2,12,2025,1
2025-12-14,S016,P0460,5,2,168,40,67,31,422.23,0,1,0,419.23,3,12,2025,0
2025-07-13,S009,P0041,2,1,297,98,113,88,467.11,20,2,1,431.66,2,7,2025,0
2024-11-30,S020,P0340,4,0,338,28,83,43,382.77,10,1,0,387.36,1,11,2024,0
2024-11-15,S019,P0134,0,2,496,69,119,83,319.23,0,3,1,301.96,2,11,2024,0
2025-09-05,S013,P0456,5,2,367,28,51,21,994.74,5,0,1,1014.44,3,9,2025,0
2025-04-30,S018,P0414,2,3,60,59,95,92,234.8,20,2,0,238.58,2,4,2025,1
2025-02-24,S020,P0029,2,4,383,87,91,85,519.52,10,3,1,502.29,3,2,2025,0
2025-08-31,S019,P0129,3,2,355,88,133,114,808.92,10,0,0,811.96,1,8,2025,0
2025-11-29,S002,P0168,2,1,462,40,115,80,617.26,15,1,1,617.01,0,11,2025,0
2024-11-18,S001,P0293,2,1,236,115,159,128,758.7,10,0,1,762.45,2,11,2024,0
2025-06-02,S013,P0449,2,3,432,82,100,73,139.55,10,1,0,115.36,0,6,2025,0
2025-12-18,S008,P0474,1,2,168,11,32,7,636.3,20,2,1,647.12,2,12,2025,0
2024-05-01,S016,P0356,5,4,109,24,43,32,963.65,15,0,0,956.47,2,5,2024,0
2024-11-19,S004,P0048,0,0,333,13,28,27,112.62,5,0,0,90.71,3,11,2024,0
2024-01-07,S013,P0247,5,4,409,120,144,144,117.26,20,1,1,118.89,3,1,2024,0
2024-06-26,S009,P0229,3,4,315,81,121,93,931.42,0,0,1,974.52,1,6,2024,0
2024-03-18,S016,P0176,3,4,95,98,105,95,62.94,20,0,0,38.06,3,3,2024,0
2025-04-17,S006,P0159,3,2,303,49,89,79,374.81,10,1,0,419.61,0,4,2025,0
2025-01-05,S012,P0147,5,4,428,101,111,108,41.12,15,0,1,16.57,2,1,2025,0
2024-03-19,S018,P0315,5,4,77,22,33,24,935.31,15,3,0,913.86,1,3,2024,0
2025-02-11,S001,P0099,4,0,411,31,54,36,648.61,5,2,1,647.54,3,2,2025,0
2025-05-01,S013,P0493,3,2,201,96,120,86,70.17,0,0,0,80.84,2,5,2025,0
2024-02-03,S005,P0137,4,3,217,82,136,122,331.75,20,0,1,332.05,0,2,2024,0
2024-01-13,S013,P0226,2,0,38,114,188,148,742.9,20,0,1,699.81,1,1,2024,1
2024-12-19,S014,P0028,4,3,108,40,62,46,917.62,10,0,1,893.79,1,12,2024,0
2025-09-09,S020,P0064,3,0,337,32,85,50,116.08,10,2,0,90.17,1,9,2025,0
2025-09-29,S020,P0032,0,1,310,79,133,96,532.42,5,2,1,570.9,1,9,2025,0
2024-04-17,S003,P0442,5,0,160,112,138,130,261.26,5,2,0,214.9,2,4,2024,0
2024-10-01,S017,P0121,3,0,87,120,158,123,652.21,20,3,1,647.16,3,10,2024,1
2025-10-23,S019,P0108,3,0,357,75,97,96,397.98,5,3,1,442.35,2,10,2025,0
2024-05-29,S001,P0033,5,0,82,10,7,7,193.26,5,2,0,232.16,1,5,2024,0
2025-01-23,S018,P0471,5,4,78,10,33,1,842.86,20,2,1,860.01,3,1,2025,0
2025-07-14,S008,P0460,4,1,62,109,129,117,378.94,0,0,1,357.82,3,7,2025,1
2025-08-26,S007,P0162,0,4,281,101,124,94,283.6,20,0,1,297.75,3,8,2025,0
2024-01-04,S001,P0190,0,1,121,98,138,137,462.47,15,2,0,504.07,3,1,2024,1
2024-12-05,S003,P0038,1,4,30,120,156,154,441.55,15,0,0,433.76,3,12,2024,1
2025-12-26,S004,P0205,4,0,66,95,117,99,11.57,15,0,0,15.74,3,12,2025,1
2025-06-19,S007,P0151,4,3,334,6,54,19,762.61,15,2,0,754.58,2,6,2025,0
2025-02-01,S018,P0267,5,0,330,63,103,103,532.67,20,3,0,526.01,1,2,2025,0
2025-09-21,S015,P0433,1,0,57,51,65,42,804.82,15,2,0,772.88,3,9,2025,0
2025-12-10,S012,P0233,5,0,324,35,34,33,943.84,5,1,0,937.0,3,12,2025,0
2024-11-05,S015,P0185,0,0,60,75,101,65,374.86,5,0,1,418.93,1,11,2024,1
2025-05-13,S013,P0309,3,2,253,42,82,77,674.25,5,3,1,673.08,0,5,2025,0
2024-04-04,S006,P0073,4,4,331,96,148,123,940.57,15,0,1,917.2,1,4,2024,0
2024-02-24,S018,P0178,5,1,435,95,124,101,273.74,5,0,0,234.26,3,2,2024,0
2024-11-22,S012,P0255,1,0,242,104,134,126,12.86,20,3,1,-22.99,3,11,2024,0
2025-10-09,S007,P0424,3,1,224,33,89,68,415.91,0,2,1,411.85,2,10,2025,0
2025-07-27,S017,P0094,3,1,332,46,99,82,15.01,0,2,1,13.56,3,7,2025,0
2024-05-19,S003,P0031,0,0,234,14,62,28,924.95,10,3,1,875.57,3,5,2024,0
2025-08-11,S003,P0162,3,4,210,5,45,34,845.4,0,3,1,893.51,0,8,2025,0
2024-08-20,S002,P0017,2,2,438,115,183,155,62.71,20,2,0,26.33,3,8,2024,0
2024-01-05,S018,P0365,0,1,267,37,76,71,878.48,20,1,1,907.0,1,1,2024,0
2025-02-27,S020,P0132,0,4,323,76,115,102,866.55,15,3,0,851.01,3,2,2025,0
2025-10-01,S018,P0043,3,2,426,97,128,119,977.63,5,3,0,1008.11,0,10,2025,0
2024-02-16,S006,P0036,2,1,98,50,124,89,667.35,15,1,0,639.53,1,2,2024,0
2024-09-19,S002,P0208,0,0,288,102,128,107,872.64,5,2,1,864.71,1,9,2024,0
2025-04-03,S018,P0258,3,0,119,80,119,105,989.83,10,0,1,1028.93,0,4,2025,0
2024-08-21,S011,P0172,1,4,215,107,156,137,411.83,5,2,0,415.85,3,8,2024,0
2025-02-06,S006,P0106,4,3,204,62,112,91,358.91,10,3,1,405.0,0,2,2025,0
2024-11-28,S020,P0053,3,2,74,10,71,31,702.84,0,3,1,719.45,1,11,2024,0
2025-06-03,S015,P0350,2,2,218,17,46,45,150.9,10,1,1,171.32,3,6,2025,0
2025-02-19,S003,P0350,3,2,387,84,111,97,321.98,10,3,1,341.84,2,2,2025,0
2025-03-24,S014,P0389,5,2,481,45,121,85,363.77,0,3,0,314.83,3,3,2025,0
2024-12-11,S019,P0133,2,0,129,115,162,151,907.44,10,0,1,954.1,1,12,2024,1
2024-10-16,S015,P0305,4,2,42,111,138,132,767.34,5,0,0,801.79,3,10,2024,1
2024-08-24,S020,P0111,0,2,361,101,98,95,19.63,15,1,1,-1.59,3,8,2024,0
2024-10-11,S010,P0033,1,0,198,21,26,13,434.12,20,0,1,445.28,2,10,2024,0
2025-10-31,S008,P0466,0,0,192,117,185,146,892.99,20,0,1,878.91,3,10,2025,0
2025-01-05,S019,P0007,5,2,218,14,9,6,413.48,15,2,0,420.42,3,1,2025,0
2024-03-16,S008,P0246,4,1,299,54,117,89,482.73,0,1,1,510.56,2,3,2024,0
2025-08-06,S001,P0002,2,4,454,41,87,50,701.9,10,2,0,738.09,2,8,2025,0
2024-12-08,S007,P0195,0,1,187,6,19,9,636.55,0,1,0,593.84,2,12,2024,0
2024-10-19,S019,P0360,3,3,74,63,103,87,191.93,0,1,0,204.7,0,10,2024,1
2024-04-07,S002,P0183,3,2,55,6,45,43,575.6,15,2,0,609.49,2,4,2024,0
2024-01-15,S005,P0316,1,1,97,118,120,115,390.19,15,0,0,362.18,0,1,2024,1
2025-07-30,S003,P0088,4,0,304,106,158,130,330.04,20,2,0,366.11,2,7,2025,0
2025-02-08,S005,P0235,0,1,43,34,65,39,674.33,5,1,1,704.06,0,2,2025,0
2025-04-18,S012,P0432,3,3,257,118,147,109,134.82,15,3,1,96.27,2,4,2025,0
2025-03-17,S017,P0403,1,0,378,26,60,22,728.3,5,2,1,685.05,0,3,2025,0
2025-08-02,S011,P0282,4,2,68,60,63,56,508.1,5,0,0,511.65,1,8,2025,0
2024-06-20,S011,P0470,3,4,380,93,113,89,560.45,0,1,1,581.33,1,6,2024,0
2025-09-15,S010,P0444,1,2,99,70,127,97,900.22,20,1,1,877.83,1,9,2025,0
2024-06-15,S008,P0070,5,3,20,11,47,12,221.61,10,3,0,225.28,3,6,2024,0
2024-10-11,S003,P0216,0,0,162,67,87,74,733.83,20,1,1,758.61,2,10,2024,0
2025-10-04,S005,P0113,3,3,396,6,6,4,637.7,0,2,0,615.4,0,10,2025,0
2024-05-10,S005,P0258,1,4,376,117,128,113,379.2,5,0,1,333.34,1,5,2024,0
2024-09-16,S015,P0234,2,1,222,30,23,20,350.99,20,2,1,324.07,2,9,2024,0
2024-05-15,S003,P0241,0,4,413,14,48,47,655.24,20,3,1,614.21,2,5,2024,0
2024-05-02,S003,P0318,2,4,422,8,29,14,843.73,20,1,1,875.85,3,5,2024,0
2024-07-26,S018,P0454,0,4,500,20,67,36,23.85,0,2,0,10.54,3,7,2024,0
2025-01-27,S012,P0186,1,1,139,94,118,109,93.27,20,0,0,123.69,0,1,2025,0
2025-11-02,S007,P0368,3,0,38,61,103,78,979.9,10,2,0,990.37,3,11,2025,1
2024-11-05,S013,P0069,2,2,351,82,106,96,459.08,5,3,0,493.73,2,11,2024,0
2024-09-18,S018,P0357,0,1,130,105,129,121,920.44,10,1,1,964.52,3,9,2024,0
2025-06-30,S005,P0328,3,1,396,68,135,96,107.11,20,3,0,150.14,0,6,2025,0
2024-08-13,S006,P0456,0,2,122,76,102,87,888.49,10,0,1,933.21,2,8,2024,0
2024-09-08,S017,P0256,2,2,153,30,37,22,86.77,10,0,0,121.6,0,9,2024,0
2025-04-23,S015,P0206,4,1,418,98,148,112,678.39,15,0,1,661.47,0,4,2025,0
2024-09-02,S020,P0398,4,4,243,52,108,78,991.22,10,3,0,980.52,2,9,2024,0
2024-10-14,S001,P0294,0,0,84,15,37,16,292.7,0,0,1,296.25,0,10,2024,0
2024-07-08,S013,P0155,2,3,409,56,93,84,329.87,10,3,1,337.44,3,7,2024,0
2025-04-09,S009,P0093,2,2,465,40,53,38,374.26,20,0,1,422.99,0,4,2025,0
2025-10-28,S004,P0155,0,1,298,79,96,81,794.71,5,1,1,838.81,1,10,2025,0
2025-08-03,S004,P0254,4,1,231,33,94,65,233.75,0,1,1,186.75,3,8,2025,0
2024-03-22,S006,P0108,0,1,208,98,151,123,101.45,20,1,0,79.54,1,3,2024,0
2024-09-22,S006,P0446,5,2,156,113,177,146,58.12,15,2,0,27.52,2,9,2024,0
2024-08-15,S011,P0209,3,3,483,61,108,80,140.74,15,2,1,130.77,3,8,2024,0
2024-10-12,S015,P0478,4,2,486,12,45,43,925.75,10,3,0,957.28,0,10,2024,0
2025-10-26,S006,P0374,3,2,285,89,83,81,35.06,5,0,1,33.44,0,10,2025,0
2025-04-19,S019,P0355,1,3,359,113,122,115,431.17,20,2,1,411.28,1,4,2025,0
2024-06-17,S005,P0266,2,3,485,9,18,11,206.13,20,3,1,190.72,1,6,2024,0
2024-09-09,S007,P0466,3,3,196,21,80,57,966.7,10,1,1,999.42,1,9,2024,0
2024-08-20,S012,P0437,2,3,378,83,118,85,607.36,5,0,1,557.5,2,8,2024,0
2024-08-20,S003,P0465,1,0,236,59,86,54,356.51,0,2,1,353.46,2,8,2024,0
2025-02-02,S007,P0196,1,2,330,68,115,108,766.85,5,3,0,799.83,3,2,2025,0
2024-06-08,S006,P0362,1,4,222,17,64,29,230.04,20,2,0,247.82,0,6,2024,0
2025-02-16,S007,P0354,3,3,264,30,68,40,756.21,5,1,1,720.72,3,2,2025,0
2025-09-14,S006,P0092,5,1,169,37,58,36,564.61,20,2,1,530.04,1,9,2025,0
2024-07-06,S008,P0427,5,4,440,118,168,147,218.95,0,1,1,258.97,3,7,2024,0
2025-06-28,S011,P0118,4,1,48,39,85,54,283.02,5,3,0,233.65,2,6,2025,1
2024-01-14,S002,P0261,0,4,474,89,97,83,777.02,5,1,0,767.15,0,1,2024,0
2025-01-30,S009,P0292,1,3,52,45,98,81,792.85,0,3,0,779.0,3,1,2025,1
2025-03-14,S009,P0009,4,2,388,39,37,33,570.56,10,2,1,553.55,0,3,2025,0
2025-04-06,S001,P0130,3,4,300,68,91,80,69.6,0,1,1,100.72,3,4,2025,0
2025-09-29,S003,P0482,3,0,463,88,115,109,144.6,0,1,0,109.57,1,9,2025,0
2025-04-18,S016,P0111,1,3,292,77,137,108,411.92,20,2,0,457.41,1,4,2025,0
2024-08-24,S001,P0236,0,0,60,107,146,135,140.53,15,2,0,158.03,0,8,2024,1
2024-08-30,S020,P0047,5,4,450,86,129,89,688.09,10,0,0,658.39,2,8,2024,0
2024-02-01,S005,P0024,3,2,282,91,164,127,640.56,5,3,0,613.88,3,2,2024,0
2024-12-23,S010,P0246,1,2,268,108,139,122,993.26,20,3,1,1007.27,1,12,2024,0
2025-07-28,S010,P0294,2,0,257,55,83,64,549.31,15,2,0,548.95,3,7,2025,0
2025-03-05,S011,P0017,1,4,437,30,66,44,432.36,0,1,0,408.05,0,3,2025,0
2025-12-16,S019,P0219,4,3,132,65,69,67,592.97,15,2,0,640.48,3,12,2025,0
2024-04-22,S007,P0026,5,1,471,86,134,112,145.98,15,2,1,118.25,2,4,2024,0
2025-01-11,S014,P0154,3,2,199,19,52,19,169.49,15,0,0,186.93,0,1,2025,0
2025-09-18,S011,P0386,0,1,221,49,83,57,660.88,5,1,0,640.73,0,9,2025,0
2024-03-15,S019,P0126,4,3,425,119,167,128,130.1,20,0,0,172.9,1,3,2024,0
2024-10-18,S018,P0088,3,3,135,78,111,85,271.16,20,3,0,297.07,1,10,2024,0
2024-05-11,S017,P0299,0,2,329,97,130,117,988.44,20,1,1,1002.69,3,5,2024,0
2024-01-09,S016,P0390,1,4,477,102,156,128,137.8,5,0,0,99.31,0,1,2024,0
2024-07-16,S005,P0440,3,2,166,85,146,120,376.84,15,1,1,406.88,3,7,2024,0
2024-11-05,S020,P0115,4,2,162,77,113,94,387.69,0,3,1,352.53,0,11,2024,0
2024-04-19,S013,P0443,0,0,89,104,114,101,736.5,15,2,1,719.83,0,4,2024,1
2025-08-19,S003,P0473,4,0,192,85,148,118,964.2,20,1,1,1008.19,0,8,2025,0
2025-12-23,S008,P0044,1,3,204,75,96,84,266.78,10,0,1,256.43,2,12,2025,0
2024-10-30,S008,P0100,0,4,475,28,56,30,166.0,5,0,1,119.35,0,10,2024,0
2025-02-20,S014,P0259,5,4,126,88,85,84,308.25,15,3,1,329.67,0,2,2025,0
2025-12-28,S002,P0079,5,2,382,119,154,118,861.75,15,2,0,887.08,0,12,2025,0
2024-03-06,S008,P0275,0,2,258,38,42,40,309.08,10,1,1,264.92,0,3,2024,0
2025-03-08,S005,P0267,3,0,220,48,77,49,754.09,5,1,1,723.99,2,3,2025,0
2024-01-17,S001,P0118,1,3,88,47,98,62,991.59,5,1,0,962.03,1,1,2024,0
2025-04-24,S012,P0478,1,4,245,13,56,49,673.62,15,2,1,701.95,1,4,2025,0
2025-09-16,S012,P0108,1,2,332,49,107,87,256.63,0,1,1,223.99,0,9,2025,0
2025-05-14,S018,P0152,2,2,107,35,39,26,278.14,5,3,1,232.81,1,5,2025,0
2024-06-15,S014,P0470,0,0,103,89,105,87,61.6,10,2,1,17.45,1,6,2024,0
2025-10-19,S020,P0480,3,1,345,93,134,114,826.59,15,3,0,787.18,0,10,2025,0
2025-10-17,S011,P0259,1,3,297,34,86,58,162.55,15,1,0,175.44,3,10,2025,0
2025-08-21,S009,P0469,4,3,420,93,128,104,400.26,20,1,0,378.43,2,8,2025,0
2025-10-04,S003,P0025,1,0,116,62,92,88,796.48,0,2,1,759.48,2,10,2025,0
2025-12-14,S003,P0233,1,4,197,93,144,118,809.27,20,0,1,764.27,2,12,2025,0
2025-09-04,S012,P0092,4,1,97,50,83,46,971.91,20,3,0,947.09,3,9,2025,0
2024-06-25,S015,P0094,3,2,109,23,68,44,750.95,5,0,0,722.98,2,6,2024,0
2024-05-27,S013,P0436,3,3,77,53,78,54,682.34,10,3,1,691.45,2,5,2024,0
2024-10-23,S020,P0298,0,2,170,43,62,61,311.69,20,0,0,311.6,3,10,2024,0
2024-06-19,S003,P0314,0,3,25,115,167,128,686.29,20,2,0,704.73,0,6,2024,1
2025-09-30,S020,P0380,0,4,379,120,146,121,432.87,5,1,0,398.87,2,9,2025,0
2025-04-08,S019,P0079,1,4,491,68,108,88,796.84,5,3,0,838.04,0,4,2025,0
2025-07-09,S006,P0078,4,1,62,23,59,51,37.5,10,3,1,44.77,0,7,2025,0
2025-02-24,S014,P0126,2,3,131,10,46,9,324.57,20,2,1,314.79,0,2,2025,0
2025-11-11,S020,P0264,1,0,411,28,47,20,383.21,10,0,1,399.53,2,11,2025,0
2024-07-28,S019,P0274,3,3,390,18,56,22,762.68,0,3,1,717.04,2,7,2024,0
2024-06-04,S004,P0365,0,0,68,111,116,112,378.39,10,1,0,379.53,1,6,2024,1
2025-07-02,S011,P0135,4,0,275,56,65,65,112.94,20,3,0,73.91,0,7,2025,0
2024-11-08,S017,P0469,2,4,404,22,55,55,52.15,15,2,1,19.92,0,11,2024,0
2025-06-17,S013,P0384,0,2,187,104,165,141,641.43,10,2,1,686.0,2,6,2025,0
2024-10-30,S006,P0039,3,3,357,28,64,25,149.5,15,3,0,180.37,3,10,2024,0
2024-02-16,S016,P0481,4,0,165,25,70,54,536.58,0,3,1,514.72,1,2,2024,0
2025-09-21,S009,P0295,5,0,248,24,88,62,592.25,20,3,1,639.93,2,9,2025,0
2024-04-23,S001,P0378,5,3,396,75,69,66,227.15,15,3,1,219.37,3,4,2024,0
2024-12-22,S007,P0447,1,2,499,30,77,67,543.85,5,0,1,548.25,0,12,2024,0
2024-07-02,S018,P0353,3,4,158,36,74,59,554.33,0,1,1,597.86,3,7,2024,0
2025-04-06,S008,P0440,3,3,223,73,134,107,172.37,15,1,0,198.0,2,4,2025,0
2024-08-07,S018,P0468,2,3,437,66,87,82,510.6,0,2,0,548.93,3,8,2024,0
2024-09-10,S017,P0406,3,3,242,75,90,84,10.81,0,1,1,-20.2,3,9,2024,0
2025-11-20,S020,P0373,1,0,296,113,149,135,355.83,5,2,0,351.94,3,11,2025,0
2025-02-19,S012,P0423,4,3,478,66,111,87,104.02,0,3,1,96.27,0,2,2025,0
2024-09-10,S004,P0236,4,2,414,14,51,43,472.42,15,0,0,518.07,2,9,2024,0
2025-07-08,S005,P0360,2,4,374,43,86,55,186.41,0,0,0,235.48,1,7,2025,0
2024-06-23,S007,P0158,4,0,333,116,164,128,831.14,5,1,0,813.51,0,6,2024,0
2024-08-16,S010,P0454,3,0,328,39,98,71,631.99,0,3,0,658.39,0,8,2024,0
2025-10-04,S010,P0033,2,0,263,23,100,61,417.89,20,2,0,466.74,3,10,2025,0
2025-07-29,S012,P0352,4,0,21,75,153,115,462.71,15,0,0,438.2,0,7,2025,1
2024-03-18,S008,P0148,2,0,280,29,89,57,848.51,0,0,1,839.61,1,3,2024,0
2025-08-18,S018,P0015,0,1,294,108,138,132,997.27,10,0,1,1024.91,2,8,2025,0
2025-11-09,S002,P0084,2,3,347,70,85,85,333.4,5,2,1,295.23,1,11,2025,0
2025-02-13,S018,P0427,0,1,168,75,106,103,27.9,20,3,1,-4.19,3,2,2025,0
2025-07-23,S010,P0342,4,0,469,74,135,100,198.05,0,1,0,181.04,0,7,2025,0
2024-04-18,S001,P0025,1,3,303,49,80,65,24.42,15,3,0,53.25,1,4,2024,0
2025-11-26,S012,P0199,0,2,226,18,83,45,362.33,5,0,1,314.06,1,11,2025,0
2025-07-08,S016,P0468,5,2,360,113,148,121,454.34,0,3,0,454.61,2,7,2025,0
2025-02-28,S004,P0025,3,1,469,87,80,79,121.87,5,0,0,114.64,0,2,2025,0
2024-05-14,S018,P0463,2,1,327,81,98,73,489.11,10,1,0,534.58,3,5,2024,0
2025-01-21,S014,P0447,2,3,92,105,152,144,125.66,10,0,0,136.79,2,1,2025,1
2024-07-07,S010,P0226,1,1,500,114,122,115,612.9,10,2,0,586.49,1,7,2024,0
2025-02-02,S011,P0088,1,3,175,74,102,82,378.64,5,1,0,388.72,3,2,2025,0
2025-05-15,S006,P0360,4,2,445,15,31,13,339.69,10,3,1,311.51,1,5,2025,0
2024-05-10,S005,P0325,2,4,357,28,27,23,930.0,15,1,0,903.68,0,5,2024,0
2025-07-02,S011,P0284,0,3,348,74,125,110,621.31,20,1,0,603.41,2,7,2025,0
2025-11-28,S011,P0251,0,0,450,49,67,47,110.39,0,3,0,158.14,3,11,2025,0
2024-02-26,S009,P0230,2,1,192,11,74,34,56.69,10,0,0,66.62,2,2,2024,0
2025-01-09,S010,P0058,2,2,346,32,53,44,304.59,20,0,0,327.77,1,1,2025,0
2024-07-23,S018,P0016,3,3,153,42,83,70,46.28,5,3,1,45.11,1,7,2024,0
2024-03-26,S006,P0219,1,0,467,105,111,99,247.25,20,2,1,289.09,3,3,2024,0
2024-12-27,S018,P0223,3,1,426,27,81,47,480.47,0,3,0,458.99,2,12,2024,0
2024-05-05,S008,P0248,4,2,247,93,128,102,333.45,5,3,1,376.11,0,5,2024,0
2025-03-11,S016,P0227,5,4,371,66,86,68,286.42,15,1,0,286.08,3,3,2025,0
2024-11-13,S013,P0323,2,1,134,31,54,46,591.78,20,0,1,567.48,3,11,2024,0
2025-12-07,S019,P0009,4,3,38,19,46,12,599.62,10,0,1,597.59,3,12,2025,0
2025-12-22,S006,P0334,0,4,63,74,128,102,666.94,10,0,0,707.4,1,12,2025,1
2025-08-19,S016,P0169,5,0,209,61,96,61,911.73,10,0,1,944.12,3,8,2025,0
2025-08-29,S018,P0312,5,2,46,27,30,26,446.7,20,1,0,442.98,2,8,2025,0
2025-10-16,S017,P0154,0,1,331,115,138,133,467.5,10,3,0,492.56,2,10,2025,0
2025-03-11,S006,P0372,3,2,274,102,135,102,994.96,20,1,0,955.44,1,3,2025,0
2025-07-03,S003,P0141,0,0,78,104,135,99,253.3,15,3,1,286.73,2,7,2025,1
2024-04-17,S014,P0474,2,0,247,64,93,90,376.7,5,1,1,382.73,0,4,2024,0
2024-04-01,S015,P0493,5,2,341,111,163,143,747.07,20,0,1,772.16,2,4,2024,0
2025-11-20,S003,P0006,3,0,222,7,51,44,130.64,5,1,0,159.37,0,11,2025,0
2024-05-17,S002,P0354,4,1,350,115,147,125,130.05,15,3,1,84.28,3,5,2024,0
2024-10-17,S003,P0464,0,0,187,12,29,10,220.06,15,2,1,190.72,1,10,2024,0
2025-02-15,S013,P0291,3,3,91,61,69,56,693.31,20,0,1,715.37,3,2,2025,0
2025-12-22,S010,P0231,5,3,23,85,130,96,328.54,15,3,0,287.57,1,12,2025,1
2025-01-19,S004,P0052,2,1,142,79,136,100,194.08,10,1,0,223.07,3,1,2025,0
2025-11-06,S006,P0279,4,4,88,112,149,134,476.82,5,2,0,472.51,3,11,2025,1
2024-12-17,S009,P0036,5,4,488,36,55,44,526.03,15,3,1,556.75,3,12,2024,0
2025-09-30,S010,P0210,0,2,376,64,114,74,892.73,10,0,1,896.27,3,9,2025,0
2024-07-12,S005,P0250,2,3,362,76,100,100,144.02,5,2,1,94.85,3,7,2024,0
2024-09-26,S008,P0304,0,3,344,38,88,71,458.75,20,3,0,484.25,3,9,2024,0
2025-03-04,S006,P0259,4,1,273,56,100,62,630.43,0,2,0,637.4,0,3,2025,0
2024-12-25,S015,P0070,2,2,77,114,164,149,832.85,10,2,0,836.61,2,12,2024,1
2024-01-22,S009,P0398,5,2,348,59,119,84,985.27,0,1,0,1011.03,2,1,2024,0
2025-08-27,S015,P0334,5,1,277,102,129,125,512.18,5,1,1,517.02,2,8,2025,0
2025-02-18,S001,P0310,1,0,165,102,150,122,23.79,10,3,0,-16.78,2,2,2025,0
2025-06-08,S012,P0136,3,2,442,86,103,102,194.43,5,0,1,184.02,2,6,2025,0
2024-08-26,S005,P0004,0,1,477,15,46,44,726.92,10,3,1,721.94,3,8,2024,0
2025-12-25,S007,P0082,0,1,373,68,139,102,840.48,10,1,1,800.45,3,12,2025,0
2025-09-28,S009,P0279,2,2,267,96,144,125,107.8,5,2,1,72.22,1,9,2025,0
2024-09-18,S016,P0432,0,3,463,78,107,94,191.5,10,1,0,149.31,3,9,2024,0
2024-09-28,S020,P0027,1,3,446,118,165,152,180.67,0,0,0,141.46,1,9,2024,0
2024-04-11,S015,P0356,5,3,372,53,59,56,480.14,5,3,1,484.76,3,4,2024,0
2024-02-02,S003,P0293,0,3,324,47,101,86,397.01,15,2,1,419.15,3,2,2024,0
2024-12-13,S005,P0171,4,2,258,65,113,93,39.72,0,3,0,39.21,2,12,2024,0
2025-09-22,S004,P0105,4,4,256,16,20,18,657.81,5,3,0,623.83,3,9,2025,0
2025-11-01,S009,P0381,2,2,219,68,78,67,128.75,10,2,1,110.37,2,11,2025,0
2025-07-14,S002,P0075,3,1,433,13,33,33,460.24,10,0,1,434.73,2,7,2025,0
2025-01-04,S019,P0139,1,3,93,16,72,47,25.24,10,3,0,-6.65,0,1,2025,0
2025-04-01,S006,P0216,5,1,428,112,143,132,382.07,0,0,1,352.89,2,4,2025,0
2024-05-13,S001,P0497,5,3,260,57,81,52,606.65,10,0,0,628.67,0,5,2024,0
2025-08-21,S004,P0164,4,0,296,49,70,46,46.68,0,3,1,7.31,1,8,2025,0
2025-07-07,S009,P0246,4,4,470,56,112,94,735.18,20,2,1,773.67,2,7,2025,0
2025-04-19,S001,P0262,5,3,214,12,34,2,530.26,10,2,1,525.88,3,4,2025,0
2025-08-08,S010,P0023,1,4,36,67,114,75,847.91,5,1,0,806.49,2,8,2025,1
2024-07-21,S015,P0484,1,0,422,46,67,50,544.93,20,1,1,538.63,2,7,2024,0
2025-08-10,S001,P0087,1,3,290,57,84,67,437.38,5,1,0,458.82,2,8,2025,0
2024-01-15,S001,P0010,4,0,203,120,131,131,879.86,5,2,1,830.06,0,1,2024,0
2025-02-16,S019,P0394,4,2,252,35,69,62,616.06,0,3,0,617.68,3,2,2025,0
2025-02-19,S005,P0421,3,3,428,5,38,1,955.4,0,2,1,943.85,1,2,2025,0
2025-08-18,S001,P0278,5,1,364,73,148,112,729.49,20,0,1,683.96,1,8,2025,0
2025-05-06,S019,P0264,0,3,152,54,61,59,60.16,20,1,0,91.75,3,5,2025,0
2024-04-09,S003,P0163,1,0,390,111,144,116,91.66,0,0,0,94.0,0,4,2024,0
2025-05-28,S009,P0413,5,2,92,102,147,128,158.58,0,3,0,127.49,2,5,2025,1
2024-11-27,S019,P0311,4,1,410,35,68,42,417.0,15,0,0,399.17,1,11,2024,0
2025-03-18,S001,P0415,3,0,246,23,61,58,104.54,20,3,1,68.33,2,3,2025,0
2025-10-30,S005,P0493,2,3,133,70,126,88,923.22,10,3,0,970.03,3,10,2025,0
2025-05-23,S007,P0211,0,3,154,93,111,103,472.89,10,1,0,486.61,1,5,2025,0
2024-01-18,S018,P0360,0,2,24,42,47,37,623.56,20,3,0,668.6,3,1,2024,1
2025-10-05,S013,P0059,1,2,110,105,155,135,352.49,0,2,1,331.18,2,10,2025,1
2024-02-26,S017,P0074,2,2,155,59,76,75,63.24,5,3,1,69.4,2,2,2024,0
2024-07-24,S001,P0336,0,0,482,21,87,47,432.94,10,0,1,391.9,1,7,2024,0
2025-03-15,S002,P0497,0,3,242,101,125,111,956.16,10,1,0,937.37,1,3,2025,0
2024-08-12,S003,P0171,3,2,456,86,119,95,826.97,0,0,0,787.68,2,8,2024,0
2024-11-12,S003,P0252,2,0,271,113,128,112,242.53,20,1,1,288.64,0,11,2024,0
2024-04-13,S001,P0261,2,4,403,91,118,89,671.5,5,2,0,660.92,1,4,2024,0
2024-06-05,S014,P0437,4,4,458,21,32,28,956.83,20,0,0,994.76,1,6,2024,0
2025-04-23,S002,P0212,1,0,444,15,57,47,582.4,5,0,0,568.56,0,4,2025,0
2024-05-29,S014,P0450,5,4,84,35,62,45,813.58,10,1,1,768.94,2,5,2024,0
2024-03-29,S012,P0084,0,1,192,106,163,136,845.04,20,1,1,868.87,1,3,2024,0
2025-11-06,S020,P0253,3,0,373,40,53,48,768.75,0,3,1,785.81,1,11,2025,0
2024-09-12,S019,P0404,0,0,21,114,173,146,241.17,5,1,1,224.91,0,9,2024,1
2025-08-23,S001,P0178,1,2,430,58,83,82,993.14,15,3,1,969.11,3,8,2025,0
2024-06-13,S006,P0127,1,2,437,117,149,130,204.11,10,2,1,162.34,0,6,2024,0
2025-09-17,S004,P0366,5,0,400,72,89,89,825.56,5,2,1,825.23,3,9,2025,0
2024-07-26,S019,P0319,4,2,103,12,58,46,113.98,15,3,1,119.06,0,7,2024,0
2024-02-03,S008,P0055,5,4,500,6,28,9,919.79,15,3,0,951.12,1,2,2024,0
2024-02-16,S012,P0351,5,0,419,100,136,96,760.09,5,3,0,786.15,3,2,2024,0
2025-08-18,S001,P0322,1,2,351,41,100,71,823.26,10,1,0,859.99,0,8,2025,0
2024-08-16,S015,P0268,5,2,192,72,79,72,32.41,5,2,1,38.22,1,8,2024,0
2025-09-05,S001,P0283,5,0,409,12,61,47,473.27,15,3,0,433.85,2,9,2025,0
2024-05-12,S013,P0129,2,4,477,30,101,63,880.32,20,3,1,893.69,1,5,2024,0
2024-12-12,S001,P0094,0,0,448,34,54,26,879.52,20,3,0,915.85,0,12,2024,0
2025-04-21,S010,P0100,3,3,463,69,61,61,178.02,10,2,1,194.93,2,4,2025,0
2024-05-04,S015,P0133,2,4,220,79,95,71,606.44,15,3,0,611.59,1,5,2024,0
2025-11-29,S012,P0357,5,3,369,50,71,44,623.55,0,3,0,598.14,3,11,2025,0
2024-04-28,S001,P0112,3,1,449,57,75,66,394.51,0,3,0,392.54,2,4,2024,0
2024-10-15,S010,P0278,0,0,454,32,73,66,623.8,5,3,1,631.59,3,10,2024,0
2024-01-11,S011,P0440,3,2,174,18,82,55,604.68,0,1,1,636.08,0,1,2024,0
2024-03-13,S010,P0207,5,3,213,65,124,101,766.01,20,1,0,814.93,2,3,2024,0
2024-11-13,S009,P0467,2,4,301,16,11,11,332.59,0,0,1,370.64,1,11,2024,0
2025-06-01,S008,P0283,0,1,439,108,162,135,856.97,0,3,1,838.98,3,6,2025,0
2025-04-04,S019,P0255,4,2,484,68,85,79,142.65,20,0,0,129.86,0,4,2025,0
2024-06-07,S008,P0376,2,2,212,114,146,144,764.8,20,1,0,760.99,0,6,2024,0
2025-03-21,S002,P0184,1,4,408,99,129,112,428.62,15,3,1,425.48,1,3,2025,0
2024-07-27,S016,P0273,5,3,51,110,161,132,131.28,15,2,1,161.83,2,7,2024,1
2024-04-10,S010,P0421,1,1,269,45,68,54,534.78,5,0,0,573.65,2,4,2024,0
2025-01-27,S013,P0076,2,3,45,25,62,51,339.01,15,0,1,357.54,1,1,2025,1
2025-03-02,S005,P0245,1,3,239,37,35,35,450.87,15,0,1,469.19,1,3,2025,0
2025-05-02,S014,P0370,4,4,233,93,113,91,607.7,5,3,0,647.01,3,5,2025,0
2024-09-26,S011,P0400,0,3,284,71,123,86,682.63,5,0,1,638.38,0,9,2024,0
2024-01-27,S003,P0490,0,0,371,72,109,100,479.52,20,2,0,471.33,0,1,2024,0
2024-01-10,S017,P0305,2,4,180,29,82,62,417.38,0,0,0,441.05,0,1,2024,0
2024-06-11,S017,P0133,3,3,243,113,144,107,707.42,0,2,1,681.54,1,6,2024,0
2024-05-13,S005,P0247,1,2,253,98,112,101,69.04,5,3,0,36.58,0,5,2024,0
2025-10-28,S006,P0030,0,3,474,67,122,84,129.49,15,0,1,90.15,0,10,2025,0
2024-10-01,S004,P0428,2,0,448,75,126,90,557.92,0,3,1,545.4,2,10,2024,0
2024-07-10,S001,P0049,0,3,35,120,147,121,994.95,20,2,0,1024.42,1,7,2024,1
2024-03-20,S001,P0472,3,2,51,59,84,83,869.67,15,2,1,866.13,1,3,2024,1
2024-02-10,S007,P0095,2,4,474,48,81,81,941.95,10,1,0,950.28,0,2,2024,0
2025-01-20,S014,P0124,4,2,315,33,58,30,168.31,10,1,1,196.56,1,1,2025,0
2024-11-28,S018,P0167,1,0,153,12,34,12,619.62,20,1,1,651.38,2,11,2024,0
2025-04-18,S019,P0061,2,3,378,25,94,63,188.38,0,0,1,154.39,0,4,2025,0
2025-07-30,S011,P0422,3,4,438,59,60,52,832.14,15,1,0,827.4,0,7,2025,0
2024-07-29,S015,P0371,1,0,321,67,112,73,751.43,20,2,0,738.79,3,7,2024,0
2025-03-04,S018,P0006,5,2,403,68,107,81,848.02,0,1,1,814.98,2,3,2025,0
2024-07-09,S009,P0133,4,0,415,14,46,27,883.3,5,3,1,895.27,2,7,2024,0
2024-06-09,S003,P0021,3,1,198,29,47,34,181.58,5,0,0,156.05,3,6,2024,0
2024-04-26,S002,P0116,2,0,336,118,168,154,989.42,10,0,1,972.28,2,4,2024,0
2024-09-08,S019,P0219,3,2,118,117,135,117,851.3,15,3,0,893.21,2,9,2024,0
2024-05-05,S019,P0030,2,1,84,111,168,151,755.13,0,2,0,721.3,2,5,2024,1
2024-02-27,S010,P0302,0,1,80,23,59,28,407.47,0,1,1,405.58,3,2,2024,0
2025-01-28,S015,P0176,4,2,113,81,137,120,644.51,20,1,1,614.82,1,1,2025,1
2025-04-02,S005,P0484,2,1,58,94,104,98,486.8,5,2,0,509.05,2,4,2025,1
2025-11-14,S005,P0360,1,0,456,70,125,100,259.36,0,2,1,299.09,1,11,2025,0
2024-08-22,S011,P0448,3,1,33,5,68,31,166.76,20,3,1,207.0,2,8,2024,0
2025-12-23,S004,P0139,3,3,74,13,39,25,861.46,10,3,1,812.45,0,12,2025,0
2024-08-31,S015,P0327,3,1,361,112,138,105,852.84,15,2,1,894.57,0,8,2024,0
2025-12-10,S009,P0322,5,1,399,37,44,35,971.04,20,3,1,975.57,3,12,2025,0
2024-11-05,S019,P0102,3,3,415,74,125,94,51.03,15,1,0,64.43,0,11,2024,0
2024-04-07,S010,P0492,2,1,203,116,148,145,174.27,15,3,0,195.91,0,4,2024,0
2025-06-23,S016,P0070,2,3,291,29,100,66,180.08,10,3,0,200.03,1,6,2025,0
2025-05-08,S011,P0378,0,2,84,89,126,116,368.79,5,2,1,405.02,2,5,2025,1
2024-06-25,S013,P0087,0,4,113,116,128,128,757.43,20,1,0,725.77,2,6,2024,1
2025-08-26,S008,P0473,0,2,409,37,38,38,99.73,5,0,1,129.02,3,8,2025,0
2024-01-14,S014,P0205,1,1,330,94,151,125,400.47,15,0,1,354.45,0,1,2024,0
2025-03-16,S008,P0315,1,2,119,28,52,22,837.59,0,3,1,789.47,2,3,2025,0
2025-01-14,S015,P0048,1,0,410,30,93,54,185.86,5,1,0,165.65,3,1,2025,0
2025-12-12,S011,P0205,0,4,43,58,82,49,152.13,15,3,0,168.04,3,12,2025,1
2025-04-30,S012,P0006,1,0,243,116,139,114,288.57,20,0,1,309.89,1,4,2025,0
2024-06-26,S008,P0345,1,3,122,39,61,56,450.25,15,1,0,466.15,3,6,2024,0
2024-01-13,S010,P0071,3,2,349,106,151,135,290.28,0,2,0,336.78,0,1,2024,0
2024-10-21,S013,P0268,0,4,79,100,131,102,186.89,15,2,1,202.74,1,10,2024,1
2025-12-10,S009,P0451,2,2,126,106,150,112,299.39,20,2,0,346.86,0,12,2025,0
2024-04-12,S019,P0097,3,1,281,75,94,93,998.03,15,1,1,1010.0,2,4,2024,0
2024-10-20,S016,P0087,3,1,306,33,70,51,273.94,10,0,0,231.72,0,10,2024,0
2024-07-20,S001,P0085,0,1,276,110,160,124,262.97,20,0,1,289.06,1,7,2024,0
2024-05-20,S017,P0223,5,1,234,76,104,102,288.07,15,3,1,255.37,3,5,2024,0
2025-09-01,S009,P0090,1,4,193,34,77,56,629.56,10,0,1,627.73,0,9,2025,0
2025-08-27,S009,P0345,2,2,328,7,38,1,783.2,15,0,0,786.56,1,8,2025,0
2024-04-06,S007,P0235,1,4,170,33,84,52,956.62,20,2,1,932.81,1,4,2024,0
2025-10-29,S013,P0387,3,4,458,49,81,65,897.14,15,3,0,860.28,0,10,2025,0
2025-12-11,S002,P0077,2,4,64,71,117,84,749.08,20,1,1,702.44,3,12,2025,1
2025-06-13,S010,P0500,3,1,177,47,68,39,653.31,20,2,0,641.82,3,6,2025,0
2024-12-11,S008,P0109,1,4,480,9,28,13,449.76,15,2,0,458.97,2,12,2024,0
2024-01-23,S006,P0216,2,4,438,56,83,76,552.51,5,0,1,520.81,3,1,2024,0
2025-06-08,S011,P0347,4,2,251,70,133,101,436.6,5,2,0,436.84,2,6,2025,0
2025-08-09,S017,P0388,2,4,232,31,50,40,699.41,20,3,0,736.26,0,8,2025,0
2024-01-23,S015,P0031,0,0,452,90,139,120,575.29,5,2,1,608.13,1,1,2024,0
2025-11-30,S003,P0206,3,0,390,61,78,52,396.85,5,3,0,430.74,2,11,2025,0
2025-08-17,S019,P0418,4,3,317,27,98,66,840.91,0,2,1,858.2,2,8,2025,0
2025-03-04,S015,P0378,1,0,379,46,98,85,774.89,5,2,0,771.26,0,3,2025,0
2024-06-24,S008,P0498,1,3,227,80,98,88,39.9,20,0,0,43.46,3,6,2024,0
2024-04-25,S013,P0307,3,2,164,50,125,89,614.39,15,0,0,609.35,2,4,2024,0
2024-01-03,S017,P0381,0,3,208,38,99,66,170.78,10,3,1,143.98,3,1,2024,0
2025-04-22,S013,P0489,5,1,391,73,96,70,476.76,0,1,1,465.4,0,4,2025,0
2025-10-22,S019,P0472,5,3,290,79,120,117,111.93,10,3,0,150.18,3,10,2025,0
2024-07-23,S014,P0323,0,2,249,104,103,96,481.19,20,2,1,528.92,2,7,2024,0
2024-02-01,S013,P0077,4,3,282,85,111,109,522.41,0,2,1,517.84,0,2,2024,0
2024-11-02,S017,P0260,5,0,451,72,83,82,663.91,0,0,1,659.67,1,11,2024,0
2025-10-08,S004,P0369,4,4,161,16,36,10,544.44,15,3,1,588.15,1,10,2025,0
2025-02-19,S008,P0320,1,4,220,21,46,11,42.76,5,3,1,76.83,1,2,2025,0
2024-07-18,S013,P0323,5,3,364,120,143,126,276.63,10,0,0,306.94,1,7,2024,0
2024-01-07,S012,P0111,2,0,61,27,35,17,812.4,5,3,1,792.23,2,1,2024,0
2024-08-16,S013,P0422,5,2,254,51,56,56,190.81,10,1,0,197.8,1,8,2024,0
2024-01-01,S010,P0022,0,1,87,101,124,109,381.68,5,1,0,416.13,0,1,2024,1
2025-05-28,S009,P0348,1,3,405,15,83,49,817.0,10,2,0,844.89,2,5,2025,0
2024-05-01,S012,P0142,5,4,200,116,187,151,457.25,15,2,1,432.13,2,5,2024,0
2024-05-10,S020,P0497,4,4,138,59,75,51,409.2,15,0,1,419.63,2,5,2024,0
2025-01-16,S002,P0488,0,3,317,44,101,70,968.11,5,2,1,931.6,2,1,2025,0
2025-02-24,S015,P0486,4,0,308,84,82,82,389.99,15,2,1,347.26,2,2,2025,0
2024-12-19,S020,P0406,5,0,213,83,148,110,660.73,5,1,1,669.53,0,12,2024,0
2025-07-20,S006,P0191,2,2,396,66,116,81,519.62,15,0,1,514.71,2,7,2025,0
2024-09-17,S008,P0049,0,3,288,27,53,20,948.05,10,1,1,987.57,2,9,2024,0
2024-05-09,S015,P0477,2,3,226,6,1,1,897.84,10,3,0,877.59,2,5,2024,0
2024-02-04,S007,P0265,4,4,465,41,113,77,80.01,10,0,1,41.83,1,2,2024,0
2024-05-15,S013,P0153,3,3,36,80,143,109,440.43,10,0,1,473.71,0,5,2024,1
2025-09-27,S008,P0016,4,4,383,88,90,87,523.4,5,2,0,507.08,3,9,2025,0
2025-09-29,S018,P0472,1,1,153,76,130,105,133.85,20,2,1,177.87,3,9,2025,0
2024-03-28,S014,P0210,1,0,262,89,117,102,631.67,0,2,0,626.53,1,3,2024,0
2024-06-05,S010,P0252,0,2,407,102,151,133,851.08,0,1,0,832.04,2,6,2024,0
2024-03-15,S002,P0255,2,4,356,29,88,49,322.59,15,1,1,282.28,3,3,2024,0
2025-05-23,S006,P0495,1,3,199,12,42,16,95.3,20,0,1,121.48,2,5,2025,0
2025-06-12,S010,P0437,0,1,267,29,61,32,49.91,10,2,0,73.09,3,6,2025,0
2024-10-04,S005,P0397,3,1,272,60,79,51,752.29,20,3,1,743.89,1,10,2024,0
2025-02-27,S018,P0437,0,2,184,14,91,53,80.58,15,2,1,93.57,2,2,2025,0
2025-07-05,S002,P0310,1,0,323,49,61,44,358.16,5,0,1,405.32,0,7,2025,0
2024-12-20,S020,P0201,5,1,298,99,100,94,327.75,15,1,1,303.81,1,12,2024,0
2024-02-18,S001,P0368,0,1,351,67,87,87,60.07,0,0,1,68.85,0,2,2024,0
2024-01-19,S001,P0349,3,0,409,36,98,64,158.12,0,2,0,188.55,2,1,2024,0
2024-02-10,S001,P0338,2,0,142,70,117,83,559.14,10,3,1,571.97,1,2,2024,0
2024-11-25,S014,P0364,4,3,100,82,137,116,99.64,15,1,1,77.89,0,11,2024,1
2025-03-03,S001,P0258,4,2,87,30,35,23,608.85,15,2,0,588.85,3,3,2025,0
2025-06-01,S002,P0348,5,2,388,82,137,107,992.48,0,3,0,1002.14,2,6,2025,0
2024-03-21,S011,P0276,0,0,67,30,72,63,812.65,15,0,1,772.68,0,3,2024,0
2024-06-15,S013,P0017,0,4,429,56,72,61,661.56,0,1,1,670.96,3,6,2024,0
2024-11-17,S009,P0152,2,2,135,81,101,101,481.29,10,1,1,467.63,3,11,2024,0
2025-03-30,S008,P0296,0,4,404,13,45,21,748.44,20,2,0,755.67,1,3,2025,0
2024-05-15,S001,P0187,3,2,466,57,73,58,333.45,20,1,0,321.04,3,5,2024,0
2025-07-01,S001,P0111,2,0,174,7,28,5,491.3,20,2,1,532.02,0,7,2025,0
2024-02-23,S012,P0023,3,0,221,35,52,27,401.85,15,3,0,434.77,0,2,2024,0
2024-01-09,S019,P0061,3,2,339,74,108,101,20.84,5,1,1,29.5,2,1,2024,0
2025-01-08,S015,P0388,0,0,89,7,51,35,345.58,5,2,0,372.32,2,1,2025,0
2024-04-24,S014,P0023,3,4,314,88,114,89,51.24,20,0,0,72.9,0,4,2024,0
2025-11-08,S010,P0383,4,0,184,37,84,44,594.63,5,0,0,549.01,0,11,2025,0
2024-08-18,S018,P0305,2,1,283,16,48,13,26.13,20,0,1,-11.79,0,8,2024,0
2024-10-16,S012,P0077,1,4,410,47,87,62,165.33,5,2,1,175.04,0,10,2024,0
2025-12-17,S014,P0431,3,1,228,53,58,43,969.81,15,2,1,930.06,1,12,2025,0
2024-01-11,S007,P0181,1,1,171,62,101,92,760.19,15,0,1,711.79,3,1,2024,0
2025-01-18,S004,P0162,2,2,121,92,86,82,446.81,0,0,0,439.13,3,1,2025,0
2025-01-17,S010,P0227,4,1,86,27,52,33,84.3,5,3,0,93.37,0,1,2025,0
2025-01-09,S011,P0371,2,2,129,17,70,50,697.45,15,3,0,705.8,1,1,2025,0
2024-11-03,S004,P0284,3,3,453,96,148,111,222.66,10,0,0,211.49,0,11,2024,0
2025-10-04,S015,P0026,3,3,363,76,120,95,551.47,0,2,0,538.9,3,10,2025,0
2025-07-09,S012,P0222,2,3,155,36,32,26,568.03,5,1,1,520.58,2,7,2025,0
2025-12-07,S013,P0149,0,2,381,82,146,116,220.57,5,1,1,191.6,0,12,2025,0
2024-09-02,S009,P0085,2,4,410,25,69,40,382.3,20,1,1,397.57,2,9,2024,0
2025-07-01,S001,P0295,1,1,464,48,88,79,56.27,5,3,1,74.87,1,7,2025,0
2025-09-23,S010,P0254,5,2,116,34,83,72,521.1,10,1,1,484.93,1,9,2025,0
2024-12-05,S013,P0030,2,1,439,46,62,41,844.31,10,2,1,806.99,2,12,2024,0
2025-07-18,S008,P0110,5,3,133,20,11,11,719.45,15,1,0,748.31,2,7,2025,0
2024-05-11,S017,P0359,1,4,272,62,110,81,226.16,0,2,0,217.58,1,5,2024,0
2024-01-29,S013,P0409,1,1,493,107,125,125,215.26,10,0,1,170.5,0,1,2024,0
2024-05-18,S005,P0460,2,1,342,41,38,36,643.91,10,3,0,666.7,1,5,2024,0
2025-01-10,S001,P0432,2,3,279,26,72,43,426.05,10,3,1,432.97,2,1,2025,0
2025-12-24,S009,P0485,2,2,227,29,73,51,637.95,15,0,0,676.25,0,12,2025,0
2024-11-18,S019,P0358,4,4,324,67,135,98,216.78,20,0,1,259.31,0,11,2024,0
2025-09-05,S011,P0008,0,0,487,95,144,117,44.04,20,1,1,82.91,1,9,2025,0
2025-03-22,S013,P0052,3,2,171,32,38,30,747.85,20,1,1,723.58,3,3,2025,0
2024-12-03,S003,P0094,5,4,335,41,87,66,235.7,0,2,1,186.11,2,12,2024,0
2024-07-16,S006,P0175,2,4,438,80,122,103,939.66,10,2,1,906.92,2,7,2024,0
2024-05-11,S018,P0498,0,2,124,62,119,85,652.44,0,2,1,635.42,1,5,2024,0
2025-12-15,S015,P0383,4,0,59,98,116,100,579.78,10,0,0,569.86,3,12,2025,1
2025-11-26,S013,P0099,5,0,186,70,115,87,627.3,20,1,1,654.8,1,11,2025,0
2024-06-06,S005,P0214,1,4,123,55,55,52,841.02,0,2,1,848.41,3,6,2024,0
2024-04-11,S009,P0170,2,0,234,46,78,58,735.13,20,2,0,725.77,0,4,2024,0
2025-01-02,S014,P0141,1,2,474,68,86,80,991.29,5,3,0,966.77,1,1,2025,0
2024-12-11,S012,P0037,2,4,286,105,154,121,857.28,10,0,0,875.61,0,12,2024,0
2024-04-19,S016,P0478,0,2,98,27,52,33,267.41,20,1,1,276.28,2,4,2024,0
2025-06-25,S016,P0445,1,2,228,73,91,90,517.43,5,2,1,551.08,2,6,2025,0
2025-02-22,S007,P0263,5,4,119,10,58,39,811.79,10,3,1,777.18,3,2,2025,0
2025-12-11,S020,P0398,0,2,190,98,125,91,615.35,20,1,0,587.68,3,12,2025,0
2025-08-20,S019,P0450,2,3,414,60,94,90,825.44,15,0,0,835.08,2,8,2025,0
2025-07-22,S010,P0163,1,4,157,19,45,22,395.35,10,1,0,398.01,1,7,2025,0
2025-12-08,S008,P0294,0,2,271,43,65,65,577.31,15,0,1,591.33,2,12,2025,0
2025-11-04,S002,P0411,3,2,241,5,44,5,258.46,5,0,1,273.53,0,11,2025,0
2025-06-17,S008,P0050,4,4,163,83,103,74,199.3,10,2,0,164.66,0,6,2025,0
2025-06-29,S003,P0263,2,1,243,63,115,76,371.65,0,1,1,387.28,3,6,2025,0
2025-05-27,S017,P0448,2,0,287,101,145,137,840.71,10,0,1,869.38,1,5,2025,0
2024-06-11,S012,P0370,4,4,145,87,140,126,176.63,15,0,1,129.74,1,6,2024,0
2025-03-06,S001,P0197,2,3,449,66,107,74,217.69,15,1,1,186.94,0,3,2025,0
2024-04-04,S005,P0454,2,1,435,72,115,110,474.05,20,0,0,439.01,1,4,2024,0
2025-09-29,S005,P0113,5,4,300,80,97,71,928.57,5,3,0,891.92,3,9,2025,0
2024-06-04,S014,P0162,0,0,472,26,60,30,682.52,20,2,1,638.18,0,6,2024,0
2025-04-22,S011,P0161,3,0,248,79,105,89,79.9,15,3,1,71.97,1,4,2025,0
2024-08-03,S002,P0286,4,1,256,70,86,64,587.35,10,0,0,586.76,2,8,2024,0
2025-02-18,S007,P0269,1,3,443,75,110,78,270.94,20,3,0,265.27,1,2,2025,0
2024-03-22,S020,P0015,5,1,97,35,87,62,684.45,5,3,1,645.9,2,3,2024,0
2025-08-03,S005,P0418,1,4,351,106,163,130,647.14,0,3,0,648.21,1,8,2025,0
2025-09-02,S005,P0302,4,3,38,116,116,113,460.13,5,2,1,432.07,2,9,2025,1
2024-10-08,S002,P0125,5,1,483,95,144,117,664.74,20,3,0,704.95,1,10,2024,0
2024-12-01,S007,P0174,0,4,255,70,125,99,863.63,5,3,0,913.28,1,12,2024,0
2024-08-29,S011,P0175,5,2,398,17,66,56,841.47,5,0,0,801.49,3,8,2024,0
2025-01-01,S008,P0265,0,1,85,87,115,82,483.66,20,0,1,501.21,0,1,2025,0
2025-01-11,S016,P0487,1,2,280,73,82,76,972.14,10,1,1,928.53,0,1,2025,0
2024-02-20,S018,P0309,1,2,121,56,108,80,122.69,15,2,0,154.6,1,2,2024,0
2025-07-04,S009,P0183,2,0,47,116,129,115,642.42,10,0,0,672.85,1,7,2025,1
2025-04-29,S014,P0372,2,1,314,108,117,116,915.83,5,3,1,947.77,1,4,2025,0
2024-08-11,S007,P0445,1,1,500,22,71,51,484.97,15,2,0,485.57,1,8,2024,0
2025-12-24,S013,P0493,4,3,489,25,62,53,665.92,5,3,1,626.37,3,12,2025,0
2024-12-05,S010,P0047,2,1,306,52,106,87,646.11,5,3,0,618.77,0,12,2024,0
2025-07-04,S010,P0150,2,4,146,79,120,96,33.73,15,0,0,74.77,2,7,2025,0
2024-05-05,S016,P0138,5,0,196,100,166,130,363.17,10,3,0,378.2,3,5,2024,0
2025-03-28,S004,P0208,4,0,21,48,48,38,898.58,0,3,0,899.94,3,3,2025,1
2024-08-21,S002,P0362,4,1,423,102,128,111,670.97,15,1,0,690.88,1,8,2024,0
2024-10-21,S010,P0341,5,3,33,99,134,97,812.26,5,1,1,815.86,2,10,2024,1
2025-03-10,S006,P0060,4,3,456,86,99,98,579.39,20,2,0,567.84,1,3,2025,0
2025-04-15,S003,P0001,3,1,83,81,142,118,990.05,15,2,1,983.6,0,4,2025,1
2024-06-27,S019,P0279,1,2,435,9,15,7,142.3,5,1,0,119.17,1,6,2024,0
2025-07-21,S015,P0315,1,1,133,119,166,135,364.5,0,1,0,323.88,0,7,2025,1
2025-02-17,S012,P0033,2,1,81,40,49,48,620.61,5,2,0,595.14,1,2,2025,0
2024-11-10,S005,P0195,3,2,91,116,133,130,118.94,15,0,0,93.57,0,11,2024,1
2024-12-30,S009,P0416,1,1,318,102,142,102,190.88,15,3,1,178.44,2,12,2024,0
2025-07-14,S009,P0400,0,1,185,5,27,6,349.84,5,2,0,383.01,2,7,2025,0
2024-07-03,S008,P0034,0,1,293,73,113,77,10.79,15,0,0,36.29,3,7,2024,0
2025-01-17,S004,P0134,5,0,371,66,111,74,831.16,5,2,0,816.92,0,1,2025,0
2024-08-06,S008,P0226,2,4,52,22,56,56,296.62,20,2,1,278.84,2,8,2024,1
2024-02-23,S018,P0246,3,2,377,72,117,85,61.08,0,0,1,83.39,3,2,2024,0
2024-11-28,S004,P0484,1,4,67,13,33,19,438.8,20,3,0,430.06,3,11,2024,0
2024-02-16,S011,P0390,2,2,334,90,145,105,529.26,15,2,1,509.38,2,2,2024,0
2025-03-14,S009,P0092,5,3,440,79,123,111,251.95,0,3,0,239.18,3,3,2025,0
2024-02-24,S011,P0466,5,2,114,29,33,22,959.35,15,0,1,996.78,2,2,2024,0
2024-10-22,S016,P0019,1,1,399,17,31,13,790.38,0,3,0,780.75,0,10,2024,0
2025-08-25,S008,P0106,5,0,309,23,20,14,983.27,15,1,1,975.71,2,8,2025,0
2024-05-19,S006,P0025,0,4,162,9,21,1,239.79,20,1,1,202.84,3,5,2024,0
2025-11-10,S009,P0274,0,3,398,83,123,121,851.83,0,1,1,877.65,2,11,2025,0
2024-08-21,S006,P0125,5,0,348,27,51,40,521.85,0,0,0,551.51,1,8,2024,0
2025-11-26,S010,P0313,2,4,165,47,58,45,311.24,20,3,1,301.21,0,11,2025,0
2025-08-20,S019,P0487,0,3,282,60,89,77,274.95,0,2,0,297.92,1,8,2025,0
2025-10-02,S012,P0091,4,4,483,115,137,120,665.25,20,1,0,678.95,1,10,2025,0
2024-04-04,S011,P0289,1,1,191,93,118,94,982.02,15,2,0,969.11,2,4,2024,0
2025-01-13,S004,P0137,2,1,423,36,98,66,69.97,15,1,1,61.62,1,1,2025,0
2025-08-18,S013,P0223,5,1,377,52,70,52,879.38,10,1,0,921.76,2,8,2025,0
2025-07-28,S011,P0383,3,3,317,94,154,128,136.01,20,0,1,141.15,1,7,2025,0
2025-05-20,S015,P0443,5,4,492,80,98,79,112.23,15,1,1,70.41,0,5,2025,0
2024-10-04,S008,P0343,4,2,128,89,123,97,553.04,20,2,1,577.95,1,10,2024,0
2025-07-05,S018,P0404,5,2,95,42,98,68,594.34,5,2,1,605.93,0,7,2025,0
2024-08-17,S015,P0046,1,3,364,69,70,64,399.71,20,3,0,415.29,2,8,2024,0
2025-04-30,S009,P0275,4,4,86,53,76,46,694.22,0,2,1,738.52,2,4,2025,0
2025-01-30,S013,P0402,3,0,394,40,79,66,126.65,0,0,0,174.55,1,1,2025,0
2024-07-07,S010,P0177,2,3,185,87,103,94,751.18,5,1,1,740.04,1,7,2024,0
2024-05-22,S019,P0135,4,2,403,79,146,106,900.29,0,3,1,871.81,1,5,2024,0
2025-12-20,S015,P0345,1,4,486,54,107,89,571.49,0,1,1,583.53,0,12,2025,0
2024-08-13,S019,P0015,1,4,327,19,17,11,956.37,0,1,0,923.35,3,8,2024,0
2024-03-24,S014,P0427,2,3,119,33,54,37,972.34,5,0,1,969.96,0,3,2024,0
2024-02-16,S014,P0253,4,3,442,77,117,101,97.72,0,3,1,143.22,0,2,2024,0
2025-07-11,S019,P0340,5,2,66,18,33,33,975.57,20,3,1,991.02,0,7,2025,0
2025-11-02,S004,P0207,4,2,480,25,26,17,534.34,15,3,1,569.66,2,11,2025,0
2024-10-25,S009,P0455,3,2,93,20,71,59,265.24,10,1,0,245.48,2,10,2024,0
2024-03-17,S019,P0052,3,0,237,12,76,46,569.82,0,2,1,568.39,3,3,2024,0
2024-11-27,S005,P0401,5,2,423,66,67,62,792.81,0,0,1,763.14,2,11,2024,0
2024-11-06,S003,P0149,1,2,483,64,96,96,169.96,20,1,0,175.52,0,11,2024,0
2024-11-20,S014,P0244,4,1,89,67,105,101,774.88,20,2,0,746.19,0,11,2024,1
2025-03-14,S016,P0155,4,2,116,82,91,76,558.57,0,2,1,512.32,0,3,2025,0
2024-06-22,S008,P0043,0,3,147,87,93,86,354.87,0,0,1,312.48,1,6,2024,0
2025-09-03,S012,P0173,3,1,359,60,103,92,394.65,15,1,0,399.44,0,9,2025,0
2024-03-17,S015,P0299,4,0,21,22,75,52,290.17,0,0,0,333.59,1,3,2024,1
2025-02-03,S002,P0016,0,2,329,41,99,63,982.16,20,0,0,954.25,1,2,2025,0
2024-12-22,S005,P0437,3,4,500,89,117,104,371.96,20,3,0,351.58,2,12,2024,0
2025-02-03,S001,P0244,1,2,226,22,83,60,411.04,0,3,0,386.94,0,2,2025,0
2024-04-23,S009,P0021,5,0,449,33,47,23,514.15,15,2,1,550.26,3,4,2024,0
2024-01-04,S004,P0249,3,0,346,109,151,125,546.08,0,1,1,563.31,1,1,2024,0
2025-02-21,S005,P0283,3,3,106,29,58,51,130.5,5,1,1,94.5,0,2,2025,0
2024-01-14,S020,P0303,4,1,294,40,80,60,867.66,20,3,1,836.92,0,1,2024,0
2024-04-04,S008,P0191,1,2,39,97,170,135,275.3,20,1,0,305.55,3,4,2024,1
2024-11-17,S017,P0304,3,2,119,45,112,84,928.37,5,2,0,954.98,3,11,2024,0
2025-10-16,S015,P0269,3,2,378,90,134,103,560.96,0,1,1,570.84,3,10,2025,0
2024-01-25,S003,P0314,0,3,478,43,78,39,294.82,10,3,0,269.08,0,1,2024,0
2025-04-25,S006,P0044,5,0,304,57,94,76,735.44,5,1,1,740.5,1,4,2025,0
2024-08-15,S008,P0238,4,0,407,49,105,70,646.05,0,3,1,663.42,3,8,2024,0
2024-08-15,S013,P0306,4,2,441,89,146,118,258.08,5,0,0,290.28,0,8,2024,0
2024-12-18,S001,P0279,0,3,488,68,131,108,596.43,10,3,0,616.22,1,12,2024,0
2025-08-03,S018,P0220,1,4,346,11,64,45,365.69,5,3,1,367.67,1,8,2025,0
2024-12-05,S002,P0043,2,1,235,63,82,68,457.82,10,1,0,444.95,1,12,2024,0
2024-04-05,S002,P0072,0,3,494,33,84,49,78.42,20,3,0,118.31,2,4,2024,0
2025-05-05,S010,P0138,0,4,390,56,124,85,169.12,20,2,1,204.01,0,5,2025,0
2024-01-10,S006,P0109,0,0,292,41,85,74,247.98,5,3,1,288.08,0,1,2024,0
2024-03-22,S013,P0308,1,1,252,95,112,93,119.5,10,0,0,103.7,1,3,2024,0
2024-10-15,S013,P0008,3,1,453,79,94,70,182.38,15,1,0,188.69,1,10,2024,0
2024-03-03,S020,P0150,0,3,142,102,119,105,660.59,20,1,1,690.07,0,3,2024,0
2025-10-17,S005,P0310,2,4,295,108,139,106,393.01,0,1,1,370.96,1,10,2025,0
2024-06-10,S003,P0209,2,0,70,67,85,75,604.24,5,1,1,556.88,0,6,2024,1
2025-12-01,S001,P0203,3,3,143,80,106,81,388.63,5,0,1,386.11,2,12,2025,0
2024-05-04,S012,P0004,3,3,449,34,71,61,505.11,10,3,0,508.27,3,5,2024,0
2025-11-18,S020,P0116,2,0,319,11,43,7,246.97,5,2,1,218.13,3,11,2025,0
2024-01-03,S013,P0075,3,1,49,87,89,78,711.65,10,2,0,704.68,1,1,2024,1
2024-03-06,S015,P0297,4,3,283,99,134,112,970.13,10,1,1,920.38,0,3,2024,0
2024-12-18,S015,P0239,4,2,392,107,118,110,745.47,0,0,0,791.71,1,12,2024,0
2024-10-23,S012,P0101,5,0,245,98,121,106,449.5,0,3,1,460.99,1,10,2024,0
2025-05-25,S016,P0332,2,2,239,58,120,93,346.58,10,1,1,314.26,2,5,2025,0
2025-07-21,S003,P0409,5,0,64,110,164,144,482.02,0,3,1,472.7,2,7,2025,1
2024-09-08,S015,P0013,2,4,55,91,113,88,483.68,20,2,1,501.66,0,9,2024,1
2024-09-08,S003,P0445,3,4,89,24,57,26,131.87,10,0,0,140.45,1,9,2024,0
2024-08-13,S007,P0012,1,2,486,68,68,63,293.21,5,1,0,303.84,0,8,2024,0
2024-09-08,S003,P0107,3,1,311,101,161,125,908.79,5,2,0,946.16,1,9,2024,0
2025-01-24,S004,P0252,5,0,333,31,59,29,757.42,20,1,0,778.78,1,1,2025,0
2024-12-16,S004,P0399,0,2,311,14,38,25,920.16,5,2,0,874.28,2,12,2024,0
2025-12-18,S012,P0033,3,4,239,55,74,63,436.77,5,1,0,473.92,0,12,2025,0
2024-12-19,S011,P0477,2,0,132,108,144,113,950.68,10,2,0,967.94,0,12,2024,0
2025-06-25,S019,P0148,5,1,245,70,115,78,431.6,5,3,1,409.47,0,6,2025,0
2025-02-20,S019,P0215,0,4,340,22,32,32,958.99,20,0,1,921.95,2,2,2025,0
2025-11-19,S006,P0306,3,1,47,115,139,131,753.19,15,3,0,774.29,2,11,2025,1
2024-09-20,S014,P0445,5,1,370,117,132,124,82.22,20,3,1,43.24,2,9,2024,0
2024-07-19,S012,P0498,2,0,169,119,169,140,554.6,0,2,1,533.29,0,7,2024,0
2024-04-29,S020,P0272,3,2,462,71,82,79,464.37,5,0,0,437.39,2,4,2024,0
2024-09-05,S009,P0163,1,4,118,61,101,92,696.48,20,2,0,716.35,1,9,2024,0
2024-01-13,S017,P0219,3,2,222,30,86,46,227.51,5,3,1,262.38,2,1,2024,0
2024-06-04,S009,P0396,4,3,33,110,136,103,299.26,10,1,1,261.91,1,6,2024,1
2025-04-07,S018,P0310,2,4,365,78,93,92,947.53,20,3,1,914.17,1,4,2025,0
2024-01-09,S020,P0069,1,0,456,47,93,77,610.52,10,0,0,649.59,0,1,2024,0
2025-08-04,S012,P0391,1,0,386,111,111,104,868.42,5,1,0,844.58,3,8,2025,0
2025-10-30,S004,P0244,0,0,475,116,110,106,117.2,10,3,1,96.38,2,10,2025,0
2025-06-20,S003,P0032,0,2,395,70,136,96,759.76,0,0,1,738.34,3,6,2025,0
2024-12-22,S007,P0268,5,2,227,54,97,76,85.09,5,0,1,118.45,1,12,2024,0
2024-11-13,S001,P0053,2,0,254,45,89,57,59.44,0,0,0,71.89,0,11,2024,0
2025-04-03,S020,P0020,3,4,76,67,120,85,269.64,0,3,0,315.85,2,4,2025,1
2025-05-10,S014,P0410,4,4,379,18,40,35,115.64,20,3,1,158.42,1,5,2025,0
2025-01-29,S003,P0244,1,1,244,50,110,77,209.94,5,3,0,175.92,2,1,2025,0
2025-01-18,S015,P0362,3,0,117,37,83,49,76.3,10,0,1,68.5,0,1,2025,0
2024-09-02,S006,P0199,2,3,146,79,147,110,772.76,20,3,0,739.07,1,9,2024,0
2024-12-09,S014,P0281,2,0,306,10,25,4,544.03,10,1,1,586.93,2,12,2024,0
2024-01-07,S013,P0221,4,0,97,105,148,127,212.46,15,1,0,180.34,0,1,2024,1
2024-03-12,S012,P0484,0,4,346,52,92,89,172.96,5,3,1,210.44,3,3,2024,0
2025-07-11,S005,P0454,5,2,259,109,111,111,539.82,20,2,1,582.21,2,7,2025,0
2025-05-10,S017,P0150,3,1,426,65,114,85,920.66,0,1,0,882.75,1,5,2025,0
2024-07-22,S002,P0424,3,1,20,104,135,132,18.53,0,1,1,-16.83,0,7,2024,1
2025-11-22,S015,P0241,1,0,168,67,73,70,355.31,15,2,1,390.19,1,11,2025,0
2024-04-20,S015,P0209,0,2,212,51,125,86,440.16,15,2,1,430.42,2,4,2024,0
2024-10-21,S010,P0484,3,4,418,39,31,30,618.84,10,0,1,584.07,1,10,2024,0
2025-10-01,S009,P0125,4,2,122,93,102,94,839.41,20,2,1,797.0,0,10,2025,0
2025-12-10,S019,P0059,1,1,165,66,113,98,427.12,0,3,1,410.58,3,12,2025,0
2024-03-11,S013,P0179,4,0,223,95,120,94,18.82,20,1,0,-27.91,1,3,2024,0
2024-12-10,S007,P0184,2,2,326,63,101,88,228.45,10,1,1,229.21,0,12,2024,0
2025-08-07,S017,P0474,2,4,226,65,96,91,820.02,15,0,1,794.27,2,8,2025,0
2024-01-24,S005,P0399,4,3,468,31,57,26,695.75,15,0,0,688.08,0,1,2024,0
2024-09-27,S010,P0002,1,2,459,118,155,145,988.62,15,1,1,1005.6,1,9,2024,0
2025-11-11,S001,P0287,0,1,45,16,49,25,792.01,10,1,1,750.61,1,11,2025,0
2024-04-27,S011,P0461,2,3,225,88,93,90,880.32,5,2,1,929.16,3,4,2024,0
2024-04-01,S019,P0121,1,0,484,12,7,5,593.44,20,2,1,625.52,3,4,2024,0
2024-11-13,S009,P0034,0,0,457,110,136,134,181.76,5,1,1,165.35,2,11,2024,0
2024-02-20,S008,P0395,2,4,492,38,87,73,637.02,15,1,1,629.49,3,2,2024,0
2024-05-23,S019,P0156,2,1,90,91,148,121,524.71,10,2,1,560.01,0,5,2024,1
2024-08-13,S008,P0005,4,4,57,111,108,106,979.68,20,2,1,1024.37,1,8,2024,1
2025-09-25,S005,P0342,2,0,277,42,46,40,562.12,0,1,0,586.82,1,9,2025,0
2024-12-30,S004,P0261,2,4,351,8,52,46,411.48,15,2,1,404.19,2,12,2024,0
2025-02-22,S013,P0451,5,3,494,35,86,52,530.7,10,2,0,483.16,2,2,2025,0
2025-08-29,S017,P0006,4,3,101,28,72,45,440.63,20,2,0,473.71,3,8,2025,0
2025-02-08,S018,P0496,4,2,438,46,57,46,554.79,20,2,0,572.39,2,2,2025,0
2024-11-21,S015,P0078,2,1,309,73,77,69,330.22,20,2,0,327.88,0,11,2024,0
2024-01-26,S001,P0474,1,1,301,112,149,114,375.66,20,3,0,328.12,3,1,2024,0
2025-01-31,S005,P0303,0,4,188,66,128,91,196.59,0,0,1,241.93,1,1,2025,0
2024-03-23,S012,P0397,1,2,351,19,61,28,434.25,0,1,0,471.55,0,3,2024,0
2025-08-31,S016,P0179,5,4,380,86,120,87,948.42,20,3,1,981.95,3,8,2025,0
2024-05-24,S001,P0033,5,0,321,30,28,21,110.66,5,2,1,94.65,1,5,2024,0
2024-10-08,S006,P0083,3,3,107,78,117,116,407.49,20,2,1,391.95,3,10,2024,1
2025-10-11,S016,P0328,3,2,307,7,31,21,887.57,0,1,0,915.82,2,10,2025,0
2025-01-29,S008,P0241,5,1,353,95,120,112,266.97,20,3,0,262.09,1,1,2025,0
2025-12-07,S014,P0348,2,1,67,108,156,139,312.02,20,3,0,298.77,1,12,2025,1
2024-08-01,S003,P0144,2,4,205,87,112,96,940.35,5,2,0,915.79,2,8,2024,0
2025-11-13,S008,P0339,0,0,402,116,155,123,206.32,10,2,1,212.48,1,11,2025,0
2025-05-21,S015,P0243,0,0,130,60,94,75,522.41,5,2,1,487.84,0,5,2025,0
2024-09-06,S009,P0154,3,4,101,103,160,134,773.74,20,0,1,779.83,0,9,2024,1
2024-01-25,S002,P0306,3,0,410,97,156,137,325.94,0,0,0,312.06,1,1,2024,0
2024-06-18,S020,P0389,3,0,395,110,103,100,463.31,10,3,0,430.53,1,6,2024,0
2024-08-20,S012,P0342,5,2,488,99,129,120,846.09,20,1,1,827.56,3,8,2024,0
2025-03-07,S001,P0154,0,2,90,47,94,72,118.84,0,1,1,136.5,0,3,2025,0
2024-08-02,S008,P0423,3,4,195,34,36,28,909.77,20,0,1,886.25,3,8,2024,0
2024-04-12,S006,P0206,0,3,77,23,50,28,580.34,10,2,0,629.72,2,4,2024,0
2025-07-18,S002,P0269,0,4,242,112,169,145,907.05,10,1,1,868.15,0,7,2025,0
2024-12-22,S020,P0422,5,2,169,48,59,43,635.6,15,1,0,683.28,3,12,2024,0
2024-03-21,S008,P0353,2,2,264,90,121,99,830.51,10,2,1,856.09,1,3,2024,0
2024-07-09,S013,P0049,3,2,298,113,135,109,461.07,5,0,0,455.3,0,7,2024,0
2025-03-09,S006,P0386,2,2,388,97,145,135,763.44,10,0,1,801.74,1,3,2025,0
2025-02-05,S003,P0309,2,3,101,6,72,33,933.58,15,3,1,940.68,0,2,2025,0
2024-03-16,S020,P0421,4,0,243,100,124,121,317.66,0,1,1,338.89,1,3,2024,0
2025-03-27,S008,P0424,4,0,136,91,98,87,952.75,5,3,0,930.79,0,3,2025,0
2024-04-02,S008,P0206,0,1,356,42,82,73,66.61,10,3,1,77.39,2,4,2024,0
2024-08-31,S015,P0095,4,0,74,36,50,42,476.67,10,3,1,470.83,0,8,2024,0
2024-10-26,S017,P0436,5,3,322,8,63,45,632.42,5,0,1,671.95,1,10,2024,0
2025-09-21,S019,P0248,2,2,210,33,78,73,887.73,5,3,0,904.18,3,9,2025,0
2025-02-21,S013,P0463,0,2,95,92,126,119,949.24,15,2,1,959.74,2,2,2025,1
2025-06-05,S017,P0251,3,0,77,112,138,129,688.46,0,1,1,712.82,3,6,2025,1
2025-08-30,S015,P0223,2,2,301,36,87,51,900.89,10,3,0,895.16,2,8,2025,0
2025-08-01,S020,P0380,4,2,283,92,141,110,10.97,10,0,1,-4.4,3,8,2025,0
2024-09-17,S013,P0381,4,3,160,45,38,38,810.78,5,2,1,761.37,2,9,2024,0
2024-11-13,S013,P0025,3,2,346,49,52,42,598.5,20,0,1,588.48,2,11,2024,0
2024-10-06,S018,P0365,5,3,228,92,155,126,682.63,10,1,0,695.17,3,10,2024,0
2024-02-15,S002,P0447,0,2,58,118,158,123,668.38,15,1,1,635.63,0,2,2024,1
2025-01-19,S018,P0337,4,3,50,17,60,41,168.09,0,0,1,127.94,2,1,2025,0
2024-02-02,S013,P0268,1,4,414,75,124,112,688.29,0,1,0,726.44,3,2,2024,0
2024-08-31,S013,P0308,1,4,295,77,115,110,652.03,15,0,0,701.07,1,8,2024,0
2025-05-08,S004,P0400,1,4,114,10,3,2,360.05,0,3,0,335.75,3,5,2025,0
2025-03-20,S018,P0430,4,1,143,39,87,64,872.65,0,3,1,902.1,2,3,2025,0
2025-04-14,S020,P0136,5,1,23,72,90,85,767.1,20,0,0,792.45,0,4,2025,1
2025-03-06,S004,P0308,3,4,330,65,103,64,401.47,10,2,0,390.42,3,3,2025,0
2024-08-29,S005,P0434,2,3,244,62,105,98,691.22,20,0,0,691.27,3,8,2024,0
2024-05-17,S001,P0191,0,4,399,56,118,94,924.43,15,1,0,928.82,3,5,2024,0
2024-07-19,S005,P0112,5,1,298,113,166,136,749.97,0,2,1,716.56,0,7,2024,0
2024-10-31,S001,P0152,5,2,423,55,80,69,499.3,5,3,0,522.05,1,10,2024,0
2024-04-09,S017,P0117,1,0,370,43,84,44,674.23,10,2,0,642.79,2,4,2024,0
2025-03-01,S019,P0199,4,0,154,66,73,57,394.42,15,2,1,398.28,2,3,2025,0
2025-01-21,S016,P0350,4,3,302,76,129,115,12.96,10,2,1,17.09,3,1,2025,0
2024-12-18,S006,P0248,1,4,315,28,74,65,781.67,20,0,1,743.03,0,12,2024,0
2024-03-06,S003,P0279,2,3,42,38,55,31,745.4,5,1,1,753.3,0,3,2024,0
2025-05-06,S019,P0396,2,2,83,71,74,73,96.63,0,2,0,91.27,1,5,2025,0
2025-06-22,S010,P0298,4,4,333,98,171,138,659.61,20,3,0,657.32,2,6,2025,0
2024-05-18,S014,P0183,4,2,74,67,71,64,286.37,15,3,1,315.42,1,5,2024,0
2024-03-19,S014,P0103,1,3,272,32,82,62,412.32,5,2,0,371.79,0,3,2024,0
2025-04-04,S014,P0112,2,0,438,27,90,64,112.32,20,3,1,92.83,2,4,2025,0
2025-06-22,S017,P0486,3,2,456,93,165,128,651.79,20,3,1,607.15,3,6,2025,0
2025-05-26,S008,P0411,5,3,59,59,102,80,196.64,5,2,1,158.13,2,5,2025,1
2024-03-19,S002,P0159,5,0,260,83,127,106,275.08,0,3,1,300.51,1,3,2024,0
2025-11-19,S011,P0356,2,3,103,81,111,93,377.86,10,3,1,378.21,1,11,2025,0
2024-10-12,S011,P0055,2,1,395,32,100,60,162.59,10,3,1,190.31,0,10,2024,0
2025-07-25,S014,P0460,3,2,470,117,151,111,741.66,10,1,1,774.87,1,7,2025,0
2024-02-08,S009,P0051,3,0,82,94,143,118,240.94,20,0,0,217.05,2,2,2024,1
2024-04-06,S016,P0307,2,0,180,54,60,57,607.08,0,0,1,646.56,1,4,2024,0
2025-12-13,S002,P0288,5,0,358,44,94,57,543.0,5,1,1,555.96,1,12,2025,0
2025-05-10,S017,P0033,1,3,345,104,127,106,654.34,0,1,0,646.19,2,5,2025,0
2025-03-15,S001,P0362,3,1,251,8,36,28,129.81,5,1,1,150.47,2,3,2025,0
2024-10-03,S002,P0211,5,3,68,93,155,122,880.76,5,1,1,911.84,1,10,2024,1
2024-11-16,S010,P0149,0,3,177,120,116,110,892.64,0,0,0,907.52,2,11,2024,0
2025-11-16,S020,P0158,2,4,362,8,25,8,252.2,10,0,1,202.93,3,11,2025,0
2025-11-15,S001,P0314,4,1,396,70,91,87,980.08,15,3,0,1029.05,1,11,2025,0
2024-12-25,S011,P0160,5,3,118,84,147,108,709.61,5,0,0,706.36,3,12,2024,0
2025-12-01,S003,P0342,1,2,344,84,109,77,910.21,5,1,0,898.76,1,12,2025,0
2024-11-23,S006,P0124,2,4,335,39,76,40,597.7,5,2,0,551.22,1,11,2024,0
2025-09-06,S003,P0292,0,2,108,104,140,104,353.5,5,3,1,357.23,3,9,2025,0
2025-09-28,S013,P0218,5,3,426,34,93,74,135.55,5,1,0,114.96,1,9,2025,0
2024-07-14,S009,P0107,2,1,123,108,150,117,543.41,5,3,0,588.64,1,7,2024,0
2025-09-18,S006,P0146,3,0,150,98,122,90,440.31,10,1,0,471.5,2,9,2025,0
2025-07-21,S001,P0296,0,3,188,48,67,39,276.3,10,0,0,308.42,1,7,2025,0
2025-10-08,S014,P0146,0,3,463,6,47,11,432.65,20,0,1,470.01,1,10,2025,0
2025-02-18,S001,P0020,4,0,188,10,45,16,133.35,20,0,0,135.65,2,2,2025,0
2025-07-17,S013,P0265,2,4,280,63,83,66,986.1,20,2,0,1000.61,1,7,2025,0
2024-01-17,S014,P0300,1,2,229,94,119,90,703.28,0,0,0,740.5,3,1,2024,0
2024-03-23,S013,P0246,0,4,33,102,138,105,268.1,15,2,0,228.36,3,3,2024,1
2025-10-30,S013,P0252,5,1,193,14,70,38,428.15,0,0,1,446.77,2,10,2025,0
2024-10-17,S011,P0010,0,1,375,31,83,44,888.72,15,3,0,896.27,1,10,2024,0
2025-02-22,S009,P0462,3,0,458,95,135,121,489.63,10,2,1,444.19,1,2,2025,0
2025-12-20,S002,P0433,3,1,294,80,101,80,803.52,0,3,1,783.59,0,12,2025,0
2025-12-23,S003,P0323,2,3,271,59,107,96,758.01,10,0,1,759.43,1,12,2025,0
2025-07-26,S001,P0369,1,2,464,11,67,43,203.9,20,3,1,188.98,1,7,2025,0
2025-07-16,S001,P0389,0,0,315,53,102,81,93.22,20,0,1,108.07,1,7,2025,0
2025-04-15,S014,P0076,1,3,199,72,116,86,58.28,5,2,1,47.01,0,4,2025,0
2024-11-07,S020,P0194,5,3,368,41,84,44,599.18,15,1,1,600.05,3,11,2024,0
2025-11-21,S002,P0230,3,2,97,30,57,34,445.35,15,2,0,404.23,0,11,2025,0
2024-12-31,S013,P0228,4,1,256,64,92,81,678.45,5,3,0,667.26,1,12,2024,0
2024-09-28,S010,P0430,4,1,421,68,130,107,617.14,10,1,0,632.15,2,9,2024,0
2025-04-01,S008,P0244,2,4,403,63,119,103,879.4,0,2,0,925.63,0,4,2025,0
2024-01-26,S012,P0042,0,0,155,116,116,115,958.71,15,2,0,950.84,2,1,2024,0
2024-11-01,S019,P0030,1,2,65,14,54,24,768.87,5,0,1,724.81,1,11,2024,0
2025-01-16,S011,P0126,4,1,223,50,118,86,158.51,10,2,0,180.75,2,1,2025,0
2024-12-16,S001,P0442,1,1,112,30,71,63,942.07,15,2,1,990.46,3,12,2024,0
2024-03-12,S003,P0041,4,0,50,99,123,104,589.07,10,2,0,621.52,3,3,2024,1
2024-03-29,S009,P0206,2,2,300,18,71,51,507.36,15,0,0,536.12,1,3,2024,0
2025-04-04,S015,P0376,4,4,237,16,64,38,516.01,0,2,0,494.08,2,4,2025,0
2025-12-26,S020,P0301,0,2,334,7,67,44,714.89,10,3,0,705.3,2,12,2025,0
2025-12-19,S016,P0217,0,2,139,93,97,97,732.7,20,0,0,753.14,1,12,2025,0
2025-11-27,S002,P0182,1,3,143,84,135,108,182.99,5,3,0,139.7,1,11,2025,0
2024-02-03,S003,P0130,2,0,177,67,104,76,868.94,5,0,1,874.12,0,2,2024,0
2025-04-11,S010,P0053,1,3,173,115,132,124,12.64,10,1,0,23.21,2,4,2025,0
2024-12-31,S004,P0105,1,3,62,73,136,110,419.48,15,0,1,417.39,2,12,2024,1
2024-01-09,S018,P0418,1,1,92,50,95,72,203.64,15,1,0,230.88,2,1,2024,0
2025-12-11,S002,P0415,4,0,80,67,130,92,334.59,20,0,1,365.26,2,12,2025,1
2025-07-21,S012,P0389,4,3,212,47,93,60,841.11,0,1,1,828.79,3,7,2025,0
2025-08-24,S007,P0492,4,2,132,44,104,68,100.78,0,0,0,124.01,2,8,2025,0
2024-09-22,S020,P0449,0,0,85,95,134,123,318.64,5,2,1,278.92,3,9,2024,1
2025-08-24,S007,P0152,1,2,396,18,23,19,519.86,5,0,0,517.08,3,8,2025,0
2024-07-20,S011,P0115,1,3,147,15,48,26,368.82,0,3,0,414.05,0,7,2024,0
2024-01-11,S020,P0455,5,4,250,61,90,85,675.0,0,0,0,714.37,0,1,2024,0
2024-11-23,S010,P0062,4,3,253,57,121,94,245.01,10,3,1,227.56,1,11,2024,0
2025-09-20,S003,P0479,4,2,459,120,165,148,347.83,0,3,0,339.53,3,9,2025,0
2025-12-12,S017,P0326,3,3,403,53,108,84,693.12,0,0,1,644.85,3,12,2025,0
2025-02-18,S016,P0183,5,4,294,23,71,39,925.8,5,1,0,944.5,1,2,2025,0
2024-05-29,S003,P0382,1,2,35,72,114,74,278.28,20,0,1,308.24,2,5,2024,1
2025-11-08,S018,P0322,2,2,429,86,156,116,358.18,5,1,1,384.19,2,11,2025,0
2024-02-01,S020,P0253,5,3,43,87,148,119,913.74,10,0,1,919.63,1,2,2024,1
2024-05-05,S002,P0170,5,0,94,83,100,95,302.29,5,3,1,342.39,1,5,2024,1
2024-01-17,S006,P0135,1,4,432,53,63,45,556.89,5,0,0,586.02,1,1,2024,0
2024-09-26,S001,P0132,1,0,250,107,160,122,966.38,0,0,0,988.18,1,9,2024,0
2025-12-05,S012,P0221,3,3,152,31,29,23,901.57,10,2,0,914.27,1,12,2025,0
2024-12-21,S002,P0214,5,3,237,94,162,123,831.29,0,1,1,801.89,3,12,2024,0
2024-04-10,S019,P0142,5,4,429,98,135,100,388.37,10,3,1,386.57,2,4,2024,0
2025-06-05,S017,P0301,0,3,28,31,49,42,762.33,10,1,0,798.01,0,6,2025,1
2024-03-16,S012,P0120,0,4,321,96,141,134,267.02,20,1,1,290.13,0,3,2024,0
2024-04-05,S008,P0065,5,4,396,57,90,77,643.21,20,2,1,626.35,0,4,2024,0
2025-06-06,S011,P0195,5,3,408,71,126,86,533.43,15,1,0,566.9,2,6,2025,0
2024-06-11,S005,P0126,0,3,289,120,154,120,902.06,0,3,0,904.75,0,6,2024,0
2025-03-13,S017,P0010,4,4,294,98,134,107,490.11,15,0,0,504.02,2,3,2025,0
2025-05-06,S005,P0041,3,1,157,98,141,105,332.2,20,1,1,329.69,1,5,2025,0
2024-11-26,S020,P0251,0,0,479,49,103,82,603.7,5,2,0,646.08,3,11,2024,0
2025-12-03,S006,P0220,2,1,52,95,143,125,971.03,15,3,1,989.42,1,12,2025,1
2025-03-10,S003,P0393,0,4,151,47,68,51,617.0,10,0,1,645.71,1,3,2025,0
2025-03-27,S002,P0290,3,1,291,81,113,98,936.01,0,1,1,977.36,3,3,2025,0
2025-02-09,S005,P0089,0,3,421,29,26,21,761.01,10,1,0,768.57,2,2,2025,0
2024-11-08,S019,P0322,4,1,415,89,127,117,484.8,15,2,1,490.13,3,11,2024,0
2025-10-10,S010,P0284,1,2,467,69,78,61,18.03,5,0,1,-12.32,1,10,2025,0
2024-09-04,S012,P0168,0,1,211,106,154,129,406.24,15,2,1,366.67,0,9,2024,0
2024-09-07,S009,P0477,5,4,319,24,41,39,618.9,15,1,0,617.36,2,9,2024,0
2024-02-19,S003,P0055,4,3,342,47,97,84,401.14,10,0,0,413.55,1,2,2024,0
2025-10-03,S003,P0451,0,1,493,92,123,91,370.79,0,1,1,337.86,3,10,2025,0
2025-11-20,S013,P0094,2,1,274,63,94,74,553.53,0,1,0,594.95,1,11,2025,0
2025-05-04,S020,P0398,1,4,348,70,95,77,750.9,0,0,1,745.48,3,5,2025,0
2025-09-13,S009,P0154,1,1,278,13,62,32,380.9,0,1,0,346.22,2,9,2025,0
2025-11-19,S008,P0265,5,1,71,59,105,66,546.08,20,2,0,572.01,1,11,2025,0
2025-03-31,S012,P0167,0,0,242,49,83,63,586.53,0,0,1,584.67,0,3,2025,0
2024-08-15,S014,P0410,4,3,412,60,114,84,660.67,0,1,1,644.3,0,8,2024,0
2025-09-19,S004,P0178,3,1,459,119,143,112,410.87,5,2,0,390.72,3,9,2025,0
2024-02-22,S008,P0393,0,0,359,11,15,8,950.25,10,0,1,946.48,3,2,2024,0
2025-11-06,S015,P0493,4,1,154,93,147,117,142.16,10,2,0,186.42,3,11,2025,0
2024-08-16,S011,P0449,5,1,195,39,110,70,492.92,0,2,1,482.27,0,8,2024,0
2024-06-04,S001,P0428,5,0,141,115,148,114,373.05,10,0,0,358.0,0,6,2024,0
2025-05-14,S017,P0396,0,2,205,69,91,65,408.43,5,1,0,437.17,2,5,2025,0
2024-09-01,S015,P0053,0,4,129,99,176,136,308.93,0,2,1,288.99,0,9,2024,1
2025-05-19,S011,P0293,0,2,362,80,116,101,974.45,0,1,0,980.05,0,5,2025,0
2025-01-16,S013,P0052,1,2,385,103,120,118,131.43,0,2,0,100.53,3,1,2025,0
2025-11-05,S015,P0294,5,1,453,10,54,48,443.95,0,3,0,487.96,1,11,2025,0
2025-12-18,S005,P0057,5,1,325,27,70,50,320.68,0,1,0,310.47,1,12,2025,0
2025-02-15,S012,P0451,5,1,366,36,60,48,792.68,15,2,1,842.67,1,2,2025,0
2024-02-29,S007,P0119,0,2,252,21,53,19,542.95,10,1,1,570.86,3,2,2024,0
2024-10-05,S010,P0500,4,3,117,11,68,39,911.67,10,2,0,878.17,2,10,2024,0
2024-11-17,S009,P0267,1,3,265,96,171,135,419.91,0,3,1,464.98,1,11,2024,0
2025-11-20,S005,P0200,1,0,389,34,87,47,442.58,10,1,0,448.65,2,11,2025,0
2025-11-16,S003,P0073,4,0,232,35,101,71,811.68,10,2,0,832.43,3,11,2025,0
2024-03-31,S006,P0166,3,4,434,21,62,54,957.34,5,3,1,914.9,1,3,2024,0
2025-10-19,S011,P0232,0,1,299,77,97,76,811.91,10,2,0,801.34,2,10,2025,0
2024-07-04,S004,P0409,5,0,211,92,119,102,293.55,0,0,1,254.49,2,7,2024,0
2025-01-26,S007,P0283,5,0,491,62,96,64,966.71,10,3,1,931.15,1,1,2025,0
2025-03-15,S003,P0134,2,3,282,43,88,82,541.69,10,1,1,577.89,3,3,2025,0
2024-09-24,S004,P0057,3,4,358,71,88,76,250.5,10,1,1,297.98,1,9,2024,0
2024-01-12,S015,P0465,2,2,120,5,57,27,879.67,15,3,0,921.68,1,1,2024,0
2025-03-21,S016,P0216,5,4,75,74,108,79,383.44,20,3,0,370.76,2,3,2025,1
2024-04-06,S002,P0337,0,2,275,23,33,15,550.14,20,2,1,539.62,3,4,2024,0
2024-08-19,S013,P0132,4,4,473,110,152,142,393.25,10,2,0,408.68,3,8,2024,0
2025-08-25,S001,P0199,0,0,333,15,32,30,329.67,5,3,0,340.59,3,8,2025,0
2024-08-22,S002,P0064,4,2,172,21,39,32,708.12,20,0,1,703.18,2,8,2024,0
2025-02-10,S006,P0061,0,3,298,23,75,50,469.9,0,3,1,466.14,1,2,2025,0
2024-05-21,S004,P0217,4,2,419,116,137,127,407.51,0,2,0,371.57,0,5,2024,0
2025-06-10,S017,P0424,0,3,25,23,65,51,207.0,10,3,1,211.52,1,6,2025,1
2025-01-05,S013,P0294,3,1,249,35,50,45,485.22,10,3,1,527.05,2,1,2025,0
2024-03-24,S003,P0293,0,1,175,11,54,49,159.04,20,2,1,133.49,2,3,2024,0
2024-12-13,S016,P0359,1,3,433,102,159,130,108.97,15,3,0,67.11,1,12,2024,0
2025-05-27,S013,P0003,0,2,251,12,57,38,82.98,10,2,0,123.99,2,5,2025,0
2025-10-11,S009,P0060,4,4,343,76,123,103,216.75,15,2,0,205.27,1,10,2025,0
2025-11-14,S019,P0410,5,4,243,114,107,107,393.9,5,1,1,374.92,1,11,2025,0
2024-08-30,S015,P0171,2,1,42,34,49,38,271.55,15,0,1,296.39,3,8,2024,0
2024-11-05,S007,P0432,1,0,297,40,66,64,590.78,15,3,0,613.32,1,11,2024,0
2024-01-21,S019,P0457,0,0,458,48,66,56,488.81,15,0,0,498.25,1,1,2024,0
2024-04-30,S010,P0452,2,1,73,18,41,11,953.83,20,0,0,951.1,1,4,2024,0
2024-12-15,S019,P0108,0,0,256,24,82,46,792.35,5,0,0,758.99,3,12,2024,0
2024-07-27,S012,P0380,2,2,316,6,66,34,265.24,15,2,0,268.08,2,7,2024,0
2025-10-27,S018,P0244,1,0,387,115,135,131,226.3,5,2,0,269.45,1,10,2025,0
2025-03-25,S014,P0074,2,3,325,52,73,71,759.3,5,2,0,766.25,2,3,2025,0
2025-03-30,S012,P0064,3,0,55,90,135,130,64.62,15,2,1,90.55,2,3,2025,1
2025-11-07,S006,P0119,3,3,426,9,59,25,967.17,5,3,1,945.91,2,11,2025,0
2025-09-23,S001,P0428,2,0,321,34,57,40,385.29,15,0,1,416.73,3,9,2025,0
2025-02-12,S013,P0166,3,0,333,49,88,80,198.82,15,0,1,202.59,2,2,2025,0
2025-06-01,S009,P0130,4,0,195,36,59,56,42.68,15,0,0,78.83,1,6,2025,0
2024-12-14,S009,P0086,0,1,145,18,52,15,635.43,20,0,1,663.76,3,12,2024,0
2024-11-27,S001,P0246,4,4,146,61,96,77,970.92,10,2,0,954.22,3,11,2024,0
2025-11-26,S003,P0470,2,2,112,10,51,14,951.45,5,3,0,913.68,1,11,2025,0
2025-02-28,S019,P0269,2,3,492,31,94,58,665.21,20,2,1,696.32,3,2,2025,0
2024-09-14,S004,P0243,5,0,430,25,70,34,368.67,15,2,0,336.04,0,9,2024,0
2024-04-27,S001,P0242,1,2,238,6,23,11,762.64,20,0,1,768.31,3,4,2024,0
2024-07-02,S005,P0349,3,2,289,67,97,76,687.93,5,3,0,731.83,0,7,2024,0
2024-10-31,S003,P0029,0,4,207,39,58,33,282.67,15,2,1,294.62,1,10,2024,0
2024-11-23,S019,P0230,0,1,352,99,96,90,361.96,15,1,1,380.05,2,11,2024,0
2025-02-11,S007,P0104,1,0,48,66,111,90,299.43,20,0,0,342.63,2,2,2025,1
2024-08-31,S003,P0443,0,1,372,76,104,79,539.56,0,2,1,532.18,2,8,2024,0
2024-05-17,S004,P0318,5,4,225,67,78,61,744.11,20,3,1,728.33,0,5,2024,0
2024-02-15,S001,P0317,3,1,389,18,71,44,501.39,15,3,1,518.32,3,2,2024,0
2024-05-02,S008,P0361,3,0,454,76,110,75,726.58,10,2,1,689.21,0,5,2024,0
2025-08-12,S004,P0176,4,1,351,113,145,115,589.64,20,0,1,555.79,3,8,2025,0
2025-03-15,S001,P0463,2,1,451,32,88,60,92.45,20,2,0,58.94,3,3,2025,0
2024-11-13,S006,P0198,3,1,488,28,72,37,812.6,5,3,1,820.88,3,11,2024,0
2024-07-01,S014,P0363,2,4,173,88,144,114,730.34,5,1,0,756.31,0,7,2024,0
2024-07-14,S015,P0266,2,3,345,44,86,46,884.51,10,2,0,896.77,1,7,2024,0
2024-04-22,S002,P0428,3,0,192,120,154,135,230.57,20,3,1,267.22,0,4,2024,0
2025-06-30,S014,P0493,1,2,351,7,56,38,134.11,15,3,0,142.23,3,6,2025,0
2025-09-07,S010,P0451,3,4,53,58,114,92,488.1,15,2,1,479.62,2,9,2025,1
2025-01-09,S020,P0390,1,1,153,81,82,80,228.62,20,3,1,201.71,0,1,2025,0
2024-05-31,S013,P0160,1,1,258,35,38,31,754.62,5,2,0,786.58,1,5,2024,0
2025-08-08,S020,P0409,3,3,423,6,41,1,75.12,10,0,0,37.71,1,8,2025,0
2024-11-09,S014,P0467,5,4,103,25,85,51,641.0,10,2,1,652.65,0,11,2024,0
2024-09-12,S015,P0374,3,4,461,81,82,72,174.5,5,0,1,198.68,3,9,2024,0
2024-07-26,S015,P0209,1,1,93,82,109,108,578.9,0,0,1,572.13,1,7,2024,1
2025-05-30,S010,P0091,5,3,270,36,93,73,324.92,0,3,0,346.36,1,5,2025,0
2025-09-05,S009,P0485,4,3,93,97,135,132,737.36,15,1,0,782.4,2,9,2025,1
2025-12-01,S019,P0443,3,1,314,56,84,83,284.4,5,1,0,308.33,2,12,2025,0
2024-12-08,S016,P0120,0,1,253,30,67,35,107.62,5,1,1,82.25,3,12,2024,0
2024-07-04,S016,P0478,0,2,137,59,74,68,846.68,5,0,1,825.99,1,7,2024,0
2024-06-10,S005,P0128,3,1,48,35,61,39,54.37,0,3,1,44.35,1,6,2024,0
2025-12-26,S019,P0490,0,2,65,51,83,63,538.98,15,0,1,494.39,2,12,2025,0
2025-10-25,S003,P0304,4,3,438,92,144,125,946.84,15,0,0,927.39,3,10,2025,0
2024-05-14,S003,P0433,3,1,184,34,58,56,941.97,20,3,0,899.51,2,5,2024,0
2025-12-06,S016,P0440,0,1,178,83,93,89,620.31,15,2,1,581.32,1,12,2025,0
2025-03-18,S014,P0126,1,4,428,34,67,35,635.49,5,3,0,683.56,2,3,2025,0
2024-03-17,S005,P0005,1,4,363,90,137,114,892.86,15,2,1,866.6,0,3,2024,0
2024-02-12,S012,P0342,5,4,168,24,37,17,611.04,15,2,0,611.14,3,2,2024,0
2024-11-09,S019,P0020,1,2,117,92,122,95,33.74,20,3,0,-12.06,1,11,2024,0
2024-04-08,S017,P0257,4,2,454,11,60,47,603.9,15,1,1,637.01,0,4,2024,0
2025-02-04,S017,P0243,5,0,356,19,48,33,559.31,0,0,1,550.07,0,2,2025,0
2025-03-06,S013,P0389,4,0,496,81,95,73,631.43,20,1,0,619.61,1,3,2025,0
2024-06-29,S001,P0371,5,0,288,9,31,1,949.75,15,3,0,915.41,1,6,2024,0
2024-06-07,S017,P0115,5,2,343,29,61,48,358.19,10,1,1,309.96,1,6,2024,0
2025-09-10,S009,P0178,0,0,247,118,179,141,588.15,20,1,0,575.27,1,9,2025,0
2024-03-22,S017,P0371,2,4,153,54,90,74,568.66,15,0,1,556.55,0,3,2024,0
2025-05-18,S020,P0408,0,4,477,17,39,12,311.28,15,1,0,265.82,2,5,2025,0
2024-04-01,S002,P0069,0,0,277,11,69,41,217.41,5,0,0,169.04,0,4,2024,0
2024-08-07,S007,P0051,2,4,142,103,153,123,487.29,5,2,1,439.13,2,8,2024,0
2025-03-01,S004,P0074,0,2,75,52,95,60,485.68,5,1,0,436.94,0,3,2025,0
2024-12-11,S002,P0260,5,2,184,8,43,40,996.82,10,1,0,1005.81,1,12,2024,0
2025-10-08,S013,P0110,1,3,254,35,90,58,483.53,10,0,1,471.28,2,10,2025,0
2025-11-18,S020,P0158,4,3,50,8,38,1,88.67,5,3,0,69.96,0,11,2025,0
2024-04-18,S013,P0079,4,0,244,77,129,103,320.95,10,2,1,312.28,0,4,2024,0
2024-04-12,S011,P0324,2,2,287,82,106,96,153.82,5,3,1,149.05,2,4,2024,0
2024-09-12,S015,P0437,1,3,39,21,43,25,48.56,15,0,1,72.92,0,9,2024,0
2025-06-15,S006,P0396,4,2,308,99,107,91,111.27,20,0,1,146.35,1,6,2025,0
2025-02-16,S005,P0250,4,0,240,10,79,45,803.03,5,0,0,774.78,1,2,2025,0
2025-10-12,S011,P0072,2,4,334,9,71,36,387.8,5,0,0,379.43,0,10,2025,0
2024-11-06,S005,P0129,4,0,99,6,15,5,801.25,10,2,1,820.66,3,11,2024,0
2024-09-07,S003,P0429,1,0,464,64,98,69,86.04,10,3,1,40.2,1,9,2024,0
2025-11-26,S008,P0343,4,4,214,85,119,112,920.89,0,3,0,931.32,3,11,2025,0
2024-01-26,S004,P0426,1,0,155,63,108,103,874.62,20,1,0,907.95,1,1,2024,0
2025-11-04,S007,P0149,1,2,366,81,99,80,729.02,15,1,0,735.04,3,11,2025,0
2024-10-14,S018,P0325,1,1,67,30,72,68,520.51,0,3,0,564.9,3,10,2024,1
2025-12-15,S001,P0159,0,4,380,34,54,34,639.82,15,3,0,677.21,1,12,2025,0
2024-01-02,S010,P0339,4,4,313,100,110,107,808.61,15,1,1,803.93,3,1,2024,0
2024-07-21,S005,P0235,0,4,73,38,74,50,279.05,15,0,1,241.56,1,7,2024,0
2024-10-01,S020,P0472,4,4,33,33,64,36,272.87,20,3,1,285.61,2,10,2024,1
2025-09-15,S006,P0418,5,4,74,95,124,99,750.32,20,0,1,729.21,3,9,2025,1
2025-01-29,S003,P0360,5,0,28,33,60,33,761.49,15,3,0,746.55,1,1,2025,1
2025-02-10,S011,P0152,2,2,143,16,51,49,90.4,20,1,0,100.66,2,2,2025,0
2025-02-09,S017,P0205,2,0,39,54,63,62,70.82,15,0,0,49.88,0,2,2025,1
2025-06-04,S004,P0013,1,4,149,71,94,65,22.0,5,2,1,12.53,3,6,2025,0
2025-03-31,S007,P0418,1,4,268,102,136,106,320.07,10,3,1,329.62,3,3,2025,0
2025-03-28,S001,P0088,1,1,74,78,140,113,833.83,0,0,0,811.63,3,3,2025,1
2024-12-31,S017,P0156,5,0,191,113,167,140,453.26,5,2,0,426.5,0,12,2024,0
2024-06-14,S008,P0185,3,2,137,77,103,73,778.39,0,3,0,810.24,2,6,2024,0
2025-01-28,S020,P0245,5,4,340,56,81,68,722.15,0,1,1,767.87,1,1,2025,0
2024-08-09,S016,P0368,5,3,310,116,152,125,697.53,5,1,0,674.83,1,8,2024,0
2024-12-03,S003,P0134,5,2,358,36,74,65,867.1,15,1,0,872.44,2,12,2024,0
2024-05-07,S012,P0187,4,2,478,102,160,122,396.61,0,2,1,389.65,0,5,2024,0
2025-04-18,S019,P0286,4,3,331,21,25,18,394.7,10,0,0,347.15,1,4,2025,0
2024-11-05,S010,P0340,5,1,225,31,92,58,697.02,15,0,0,648.58,3,11,2024,0
2024-08-24,S004,P0371,4,4,326,96,117,101,664.8,15,2,1,684.36,0,8,2024,0
2024-11-25,S013,P0028,1,2,84,82,116,113,335.97,20,3,1,378.36,3,11,2024,1
2024-03-26,S018,P0133,0,0,438,46,67,63,421.13,20,3,1,417.1,3,3,2024,0
2024-08-24,S010,P0341,2,0,20,11,79,44,516.87,5,3,0,519.96,1,8,2024,1
2024-05-10,S016,P0347,2,3,120,91,98,94,70.75,10,2,0,73.67,0,5,2024,0
2025-03-05,S005,P0011,2,3,55,82,88,80,987.95,20,3,0,992.65,0,3,2025,1
2024-05-04,S005,P0098,2,1,266,54,88,48,633.4,5,3,0,666.25,2,5,2024,0
2025-03-09,S015,P0223,0,2,279,29,79,39,613.39,0,1,1,604.77,2,3,2025,0
2025-08-14,S005,P0404,4,3,361,13,84,48,736.83,5,2,0,784.58,3,8,2025,0
2024-06-28,S020,P0291,0,3,214,118,161,146,466.48,10,1,0,476.98,2,6,2024,0
2025-09-21,S008,P0411,5,4,232,102,124,108,308.27,20,2,1,286.11,3,9,2025,0
2024-03-17,S017,P0013,0,0,178,105,123,109,55.87,10,2,0,8.3,3,3,2024,0
2024-12-07,S013,P0358,3,4,182,94,144,106,678.07,0,2,1,705.16,2,12,2024,0
2024-12-30,S008,P0240,3,2,315,17,60,51,25.65,10,2,1,71.1,1,12,2024,0
2025-02-08,S018,P0408,1,3,391,7,19,10,198.36,20,0,0,178.06,1,2,2025,0
2025-04-24,S012,P0251,4,1,414,34,99,70,970.47,20,0,1,940.03,2,4,2025,0
2024-09-17,S013,P0494,2,2,388,62,74,69,82.76,15,1,0,100.3,2,9,2024,0
2024-12-29,S018,P0150,5,3,221,88,134,107,113.03,5,1,1,99.51,3,12,2024,0
2024-01-15,S017,P0359,3,0,298,10,48,23,956.68,0,1,0,980.99,2,1,2024,0
2025-06-07,S017,P0269,3,2,258,33,40,33,48.92,15,1,0,67.22,2,6,2025,0
2025-03-13,S005,P0004,1,0,200,102,144,110,355.45,5,2,1,305.72,0,3,2025,0
2024-05-21,S014,P0391,3,4,298,65,75,71,442.48,5,0,1,441.49,2,5,2024,0
2025-10-01,S012,P0454,1,2,394,98,130,108,338.7,0,3,0,290.53,0,10,2025,0
2025-12-28,S014,P0006,2,3,85,21,49,38,215.91,0,1,1,167.2,0,12,2025,0
2024-02-09,S005,P0450,5,1,98,100,164,131,238.6,5,1,0,255.57,0,2,2024,1
2024-07-28,S020,P0058,2,4,314,19,72,36,150.13,20,1,1,103.14,1,7,2024,0
2025-03-12,S007,P0440,1,1,333,54,109,79,729.61,10,0,0,680.53,0,3,2025,0
2024-03-06,S001,P0352,4,1,29,54,77,50,397.05,20,0,0,393.48,3,3,2024,1
2024-04-12,S014,P0426,5,3,188,98,135,129,494.9,10,3,1,459.17,0,4,2024,0
2024-04-08,S014,P0316,4,4,80,50,60,40,819.94,20,3,1,866.37,3,4,2024,0
2024-12-03,S005,P0339,4,2,448,25,81,60,378.75,5,0,1,398.38,1,12,2024,0
2025-10-25,S010,P0255,2,3,247,86,110,95,356.34,10,0,1,380.36,0,10,2025,0
2024-02-17,S011,P0260,5,4,415,18,20,13,915.49,5,1,0,947.2,1,2,2024,0
2025-12-22,S015,P0142,4,0,298,75,110,99,407.85,5,3,1,366.1,3,12,2025,0
2024-09-17,S018,P0222,1,1,485,50,106,74,16.92,20,1,1,14.01,2,9,2024,0
2025-01-11,S006,P0024,0,1,379,47,99,81,664.14,10,2,0,673.77,0,1,2025,0
2025-03-31,S019,P0409,4,3,273,81,114,109,115.91,5,3,0,144.44,0,3,2025,0
2025-04-23,S013,P0001,4,0,230,23,57,41,331.89,0,0,0,290.67,3,4,2025,0
2024-04-21,S017,P0305,2,2,469,49,91,81,189.72,5,3,1,159.86,0,4,2024,0
2025-04-14,S017,P0301,4,3,241,92,133,129,138.61,20,3,0,152.17,0,4,2025,0
2025-02-03,S016,P0296,4,3,482,18,62,55,750.22,20,2,1,760.65,0,2,2025,0
2025-12-13,S017,P0347,0,3,221,11,65,51,219.13,15,0,0,243.95,3,12,2025,0
2025-07-13,S008,P0027,5,0,415,103,124,109,969.46,15,3,1,959.05,1,7,2025,0
2024-08-30,S010,P0401,0,1,274,80,127,88,586.57,20,2,0,621.54,0,8,2024,0
2024-10-10,S005,P0198,5,1,76,113,133,105,408.96,5,0,1,433.34,0,10,2024,1
2025-04-07,S009,P0128,0,0,445,50,82,76,692.48,0,1,0,736.15,3,4,2025,0
2025-04-18,S011,P0231,4,3,435,82,153,117,966.47,10,2,0,967.1,1,4,2025,0
2025-11-12,S007,P0157,5,2,428,75,93,69,482.18,10,2,1,531.78,3,11,2025,0
2025-03-29,S007,P0162,5,2,353,90,115,86,471.03,15,3,0,430.42,2,3,2025,0
2025-02-01,S001,P0121,3,4,318,25,36,24,205.4,20,0,1,187.55,0,2,2025,0
2025-11-29,S013,P0162,3,3,412,10,57,46,231.97,5,2,1,274.94,0,11,2025,0
2025-12-12,S020,P0354,1,3,363,95,113,106,291.9,15,1,1,257.49,2,12,2025,0
2024-10-01,S002,P0300,3,1,266,67,79,61,429.64,20,0,0,412.61,0,10,2024,0
2025-12-12,S003,P0100,2,1,251,10,11,9,50.54,0,0,0,47.57,0,12,2025,0
2025-04-26,S020,P0048,5,3,429,55,62,52,116.7,20,2,1,91.63,1,4,2025,0
2024-11-28,S005,P0465,4,3,35,61,123,98,112.33,5,3,0,79.22,1,11,2024,1
2024-10-30,S012,P0190,0,1,165,58,105,83,255.85,0,0,1,299.53,2,10,2024,0
2025-02-21,S018,P0311,5,1,128,95,133,106,16.55,15,1,1,15.28,2,2,2025,0
2025-05-14,S014,P0019,1,0,229,114,152,116,725.94,0,1,1,702.23,1,5,2025,0
2025-08-02,S019,P0009,3,3,213,97,138,129,948.56,15,1,1,987.54,1,8,2025,0
2025-01-18,S015,P0013,5,2,192,91,107,82,113.14,20,0,1,66.85,2,1,2025,0
2024-02-09,S014,P0307,2,3,48,31,71,58,260.32,20,3,0,213.64,2,2,2024,1
2024-03-16,S003,P0380,4,3,302,88,105,90,757.36,5,2,1,766.18,3,3,2024,0
2024-01-03,S014,P0022,1,0,455,48,53,52,485.58,5,1,1,452.91,2,1,2024,0
2025-10-30,S020,P0287,0,4,257,61,115,98,190.01,0,2,1,171.57,2,10,2025,0
2024-03-04,S001,P0492,1,3,224,29,38,28,696.04,20,2,1,729.1,0,3,2024,0
2024-09-21,S009,P0252,2,2,232,95,134,111,508.24,10,2,1,471.98,1,9,2024,0
2024-09-28,S015,P0112,2,0,245,24,98,58,264.5,10,2,0,232.19,1,9,2024,0
2025-05-21,S020,P0140,2,1,300,120,160,144,23.95,0,2,0,55.0,1,5,2025,0
2024-02-24,S005,P0280,0,3,242,16,54,15,518.81,20,2,1,514.19,2,2,2024,0
2025-06-08,S015,P0014,1,1,427,23,42,38,710.37,15,1,0,686.09,3,6,2025,0
2025-10-22,S001,P0407,3,2,284,59,72,51,393.32,15,2,0,397.59,0,10,2025,0
2025-04-28,S007,P0460,1,3,465,78,131,91,73.46,15,0,1,81.72,0,4,2025,0
2024-08-31,S003,P0296,4,2,211,91,141,124,92.37,15,0,1,121.55,1,8,2024,0
2024-01-03,S013,P0249,1,1,496,94,121,91,11.16,20,1,1,39.1,1,1,2024,0
2025-04-23,S008,P0116,2,0,352,18,57,54,476.58,10,0,0,432.4,1,4,2025,0
2025-04-08,S003,P0047,1,0,378,24,73,55,418.16,0,3,1,400.91,1,4,2025,0
2024-02-22,S001,P0191,1,3,437,18,74,39,739.54,0,0,0,762.19,1,2,2024,0
2024-06-16,S003,P0007,5,3,371,102,146,132,706.3,20,2,0,673.86,1,6,2024,0
2024-10-02,S020,P0444,5,4,351,63,117,96,643.6,20,0,0,635.83,2,10,2024,0
2024-12-20,S006,P0029,0,2,97,54,125,86,765.92,10,2,0,782.81,3,12,2024,0
2024-12-23,S007,P0123,2,0,418,97,128,100,298.8,10,1,0,258.09,1,12,2024,0
2025-02-08,S013,P0393,1,0,399,78,155,117,452.82,20,0,0,414.34,1,2,2025,0
2024-03-31,S017,P0153,4,4,433,106,144,125,602.72,0,3,0,632.71,0,3,2024,0
2025-08-25,S006,P0146,5,2,333,9,34,31,219.32,10,0,0,219.65,0,8,2025,0
2024-09-28,S009,P0192,3,1,189,8,73,34,581.78,15,1,0,552.69,3,9,2024,0
2024-04-09,S003,P0493,4,1,481,19,17,14,911.93,20,2,0,899.12,0,4,2024,0
2025-09-02,S017,P0341,3,2,133,109,113,109,250.34,20,2,1,241.54,0,9,2025,0
2025-12-10,S005,P0337,2,1,499,113,137,137,878.81,0,1,0,917.28,1,12,2025,0
2025-11-09,S006,P0422,4,0,497,22,33,12,853.05,10,2,1,857.71,2,11,2025,0
2024-03-06,S018,P0144,2,1,457,102,140,110,972.03,10,2,1,982.92,0,3,2024,0
2024-06-27,S016,P0407,3,2,318,36,61,55,486.96,20,0,0,528.85,3,6,2024,0
2025-04-14,S005,P0319,3,4,113,68,113,79,56.95,10,2,0,41.36,1,4,2025,0
2025-08-26,S009,P0453,2,1,297,72,121,91,337.34,10,3,1,320.28,0,8,2025,0
2024-01-05,S001,P0354,0,0,79,83,118,81,991.21,5,2,1,982.8,1,1,2024,1
2024-12-06,S017,P0309,1,2,359,13,84,47,216.71,15,1,0,256.29,0,12,2024,0
2024-10-28,S003,P0185,2,0,265,82,114,87,721.58,10,2,1,712.29,2,10,2024,0
2025-12-19,S009,P0266,1,1,491,35,57,28,37.94,15,1,1,21.47,1,12,2025,0
2024-02-05,S002,P0110,2,3,87,95,121,93,639.31,10,2,1,613.44,1,2,2024,1
2025-10-12,S003,P0410,1,3,352,25,52,33,462.0,10,3,1,453.84,3,10,2025,0
2025-05-18,S002,P0464,2,4,298,113,149,114,905.04,20,3,0,930.87,0,5,2025,0
2024-12-21,S014,P0167,5,1,338,115,158,137,518.46,15,3,1,491.62,2,12,2024,0
2025-10-05,S006,P0469,5,0,457,75,141,108,184.26,5,2,0,141.86,3,10,2025,0
2024-11-19,S010,P0090,4,0,447,83,114,90,593.44,20,1,0,596.04,1,11,2024,0
2024-02-06,S006,P0418,4,0,188,24,31,16,88.45,5,2,1,122.42,2,2,2024,0
2024-08-02,S010,P0065,2,4,401,25,29,16,868.79,15,2,1,871.09,1,8,2024,0
2025-07-08,S013,P0015,5,3,379,89,149,128,194.29,5,1,1,197.21,1,7,2025,0
2025-04-04,S018,P0117,3,1,307,33,68,40,970.25,0,0,0,960.92,1,4,2025,0
2024-09-05,S015,P0256,5,2,195,119,147,136,200.95,5,3,0,236.83,0,9,2024,0
2024-08-06,S015,P0113,5,3,193,72,121,84,475.12,0,1,0,519.27,1,8,2024,0
2024-01-24,S011,P0149,2,0,179,95,111,95,51.34,5,1,0,34.45,1,1,2024,0
2025-10-26,S003,P0185,4,4,39,42,44,38,421.41,20,0,0,425.15,1,10,2025,0
2024-08-26,S009,P0264,5,1,290,55,116,95,386.31,0,2,0,366.01,2,8,2024,0
2024-07-31,S020,P0170,0,0,115,96,136,97,849.66,5,2,0,828.0,3,7,2024,0
2024-01-11,S011,P0299,4,1,357,113,140,130,246.76,20,1,0,222.94,0,1,2024,0
2024-02-02,S003,P0066,5,2,269,57,88,48,559.61,10,1,1,530.24,3,2,2024,0
2025-12-11,S008,P0127,0,4,80,35,103,71,503.81,15,3,0,468.19,3,12,2025,0
2024-02-09,S009,P0429,3,1,296,91,89,82,372.32,5,2,0,342.99,3,2,2024,0
2024-05-12,S011,P0475,2,1,345,88,137,106,174.04,15,2,0,131.13,1,5,2024,0
2025-12-14,S011,P0314,4,1,489,79,129,111,359.92,15,0,1,343.98,0,12,2025,0
2024-11-27,S003,P0227,1,1,479,88,133,93,392.86,20,0,0,413.87,3,11,2024,0
2025-07-26,S012,P0074,1,4,134,84,106,96,692.78,5,1,1,716.69,1,7,2025,0
2025-10-27,S012,P0252,0,1,180,17,50,11,632.86,5,0,1,592.11,3,10,2025,0
2024-07-28,S009,P0238,3,2,40,106,146,138,478.85,15,1,0,505.35,3,7,2024,1
2024-07-12,S010,P0450,0,2,441,98,126,111,180.58,0,1,1,209.16,1,7,2024,0
2024-08-27,S003,P0422,4,2,168,87,128,127,580.12,0,0,1,547.72,0,8,2024,0
2025-05-04,S016,P0312,0,2,312,45,108,72,70.52,0,1,1,48.75,2,5,2025,0
2024-11-28,S004,P0105,0,3,174,57,52,47,558.15,20,0,0,516.85,1,11,2024,0
2024-03-11,S014,P0280,2,2,123,32,99,60,438.08,5,1,0,477.33,2,3,2024,0
2024-10-24,S007,P0258,1,3,439,21,25,18,159.23,5,3,1,171.15,0,10,2024,0
2025-08-29,S002,P0285,4,0,459,44,71,69,171.13,20,3,0,216.21,1,8,2025,0
2024-11-05,S019,P0445,4,2,434,51,63,51,125.85,20,1,1,86.62,2,11,2024,0
2024-07-15,S014,P0452,5,4,184,55,93,80,103.16,5,2,1,76.51,0,7,2024,0
2025-12-29,S019,P0048,4,2,470,94,118,88,94.23,5,2,0,113.31,3,12,2025,0
2024-11-24,S001,P0391,3,1,436,115,113,106,246.79,5,0,0,274.96,1,11,2024,0
2024-01-29,S016,P0233,0,3,272,14,53,20,480.0,15,0,0,464.49,2,1,2024,0
2024-08-19,S016,P0492,5,0,58,110,137,124,126.5,0,3,1,160.02,3,8,2024,1
2024-11-19,S019,P0314,2,3,414,118,180,152,976.79,0,3,0,1022.2,1,11,2024,0
2025-04-17,S013,P0204,5,0,31,6,56,18,611.46,15,1,1,652.86,2,4,2025,0
2024-08-11,S001,P0401,1,0,373,64,58,57,498.22,10,2,1,500.51,0,8,2024,0
2025-11-02,S001,P0410,2,1,44,76,104,92,257.15,5,2,0,236.97,0,11,2025,1
2025-12-13,S011,P0308,5,2,297,93,151,116,200.77,5,2,1,175.11,2,12,2025,0
2025-06-21,S018,P0485,0,1,455,118,162,128,840.08,5,0,0,858.67,3,6,2025,0
2024-08-04,S010,P0266,3,3,337,103,136,100,955.27,0,2,0,1001.66,2,8,2024,0
2025-07-14,S008,P0273,1,2,383,67,94,69,879.25,5,0,1,843.79,1,7,2025,0
2024-09-18,S016,P0484,5,1,244,51,93,74,419.16,10,3,0,420.89,2,9,2024,0
2025-05-17,S012,P0456,3,0,412,16,16,14,406.32,0,2,0,402.06,1,5,2025,0
2024-02-08,S009,P0130,1,1,82,38,82,50,308.89,20,2,1,269.23,3,2,2024,0
2025-12-24,S013,P0061,1,1,179,96,123,99,892.72,0,2,1,884.13,2,12,2025,0
2025-01-19,S011,P0174,5,1,58,16,77,39,174.72,0,2,0,202.99,0,1,2025,0
2024-06-28,S008,P0256,2,2,399,55,92,77,385.98,10,0,1,428.47,2,6,2024,0
2024-10-24,S011,P0434,4,1,469,107,157,140,635.56,10,2,0,613.64,3,10,2024,0
2024-01-10,S005,P0078,2,3,138,5,6,1,604.96,15,1,0,619.31,1,1,2024,0
2024-09-30,S007,P0200,4,3,371,21,61,55,655.12,15,0,1,679.49,0,9,2024,0
2025-11-26,S020,P0294,1,4,343,62,90,53,201.74,0,0,1,229.83,3,11,2025,0
2024-03-12,S017,P0322,0,0,116,57,107,91,857.57,0,0,1,831.62,1,3,2024,0
2025-04-19,S011,P0365,5,0,37,6,66,40,180.99,15,0,1,223.79,0,4,2025,1
2024-07-04,S011,P0151,3,2,324,50,74,56,616.93,15,2,0,609.7,1,7,2024,0
2024-05-13,S003,P0332,2,3,263,48,80,48,17.67,0,0,0,-21.11,1,5,2024,0
2025-08-16,S004,P0418,2,3,359,105,133,113,589.22,5,1,1,570.52,1,8,2025,0
2024-10-12,S002,P0028,1,4,485,98,158,120,491.55,0,3,0,510.24,3,10,2024,0
2024-05-08,S003,P0378,5,3,369,96,143,125,639.9,10,3,0,634.75,0,5,2024,0
2025-07-26,S012,P0397,3,0,164,16,68,50,181.99,5,1,1,163.33,1,7,2025,0
2024-06-22,S018,P0064,5,3,365,73,115,93,860.85,15,3,1,868.23,1,6,2024,0
2024-11-29,S003,P0175,4,0,213,40,99,70,951.08,15,1,1,910.67,1,11,2024,0
2024-02-08,S019,P0062,1,4,365,118,179,141,284.82,0,3,1,283.58,0,2,2024,0
2025-02-14,S008,P0031,4,4,151,37,56,51,968.16,20,0,0,1003.79,2,2,2025,0
2024-11-05,S006,P0124,2,4,467,67,103,70,918.07,10,0,0,965.08,1,11,2024,0
2024-01-05,S006,P0172,1,3,48,65,125,90,888.48,5,3,1,872.54,2,1,2024,1
2024-06-18,S014,P0373,1,3,227,66,129,92,69.8,15,2,0,86.38,2,6,2024,0
2025-07-16,S017,P0069,1,2,130,111,160,137,464.78,15,3,1,445.52,1,7,2025,1
2024-01-10,S008,P0250,4,2,445,101,175,138,844.35,0,2,0,839.05,2,1,2024,0
2024-06-17,S017,P0139,4,3,38,68,110,108,574.93,20,2,0,548.39,0,6,2024,1
2025-07-07,S016,P0409,0,1,245,115,142,131,619.53,10,0,0,575.46,0,7,2025,0
2025-03-28,S020,P0262,3,0,88,59,104,79,366.85,10,3,0,325.83,0,3,2025,0
2025-05-25,S011,P0392,3,3,264,78,90,90,860.51,0,3,1,829.89,1,5,2025,0
2024-07-02,S009,P0177,3,1,223,83,90,87,224.54,15,2,1,240.87,2,7,2024,0
2024-01-11,S009,P0398,1,4,333,96,136,134,999.1,15,1,0,1024.45,3,1,2024,0
2025-03-19,S012,P0063,3,1,283,48,56,47,279.05,15,1,0,303.51,3,3,2025,0
2024-03-04,S007,P0100,3,4,388,107,132,119,405.45,15,2,1,415.5,2,3,2024,0
2024-09-21,S017,P0119,2,3,86,24,70,48,700.18,5,1,0,727.51,2,9,2024,0
2024-07-09,S016,P0423,5,2,192,101,141,128,110.99,5,3,0,141.98,2,7,2024,0
2025-11-01,S007,P0120,3,2,126,37,42,29,745.63,0,1,0,722.34,0,11,2025,0
2025-02-12,S001,P0138,2,3,344,103,106,98,366.45,15,2,1,405.54,0,2,2025,0
2025-12-04,S013,P0152,0,1,366,19,65,39,575.65,15,0,0,579.69,2,12,2025,0
2024-04-08,S006,P0223,0,2,208,67,133,99,793.63,15,0,1,805.7,2,4,2024,0
2025-10-06,S007,P0135,5,3,441,62,102,64,434.39,20,1,1,420.66,2,10,2025,0
2025-09-09,S007,P0042,5,1,253,83,140,111,914.57,20,3,1,950.82,2,9,2025,0
2024-04-06,S012,P0400,1,2,324,70,120,83,826.03,15,1,0,872.43,3,4,2024,0
2025-02-09,S015,P0115,0,4,243,60,130,97,410.74,0,2,0,401.07,3,2,2025,0
2024-10-31,S012,P0371,4,2,444,77,137,103,434.28,5,3,1,440.23,0,10,2024,0
2024-07-08,S019,P0389,2,3,178,23,67,43,177.21,0,2,0,159.74,2,7,2024,0
2025-08-09,S020,P0148,1,3,366,58,100,62,607.68,20,0,0,591.36,0,8,2025,0
2025-02-28,S016,P0112,1,2,205,60,122,99,206.4,15,1,1,162.22,3,2,2025,0
2025-11-09,S006,P0180,5,4,94,99,131,118,386.37,15,2,1,358.51,2,11,2025,1
2024-06-23,S003,P0219,5,4,393,31,71,39,457.5,20,3,1,428.88,3,6,2024,0
2024-02-04,S001,P0383,2,3,328,6,50,15,524.2,15,1,0,546.2,0,2,2024,0
2024-11-07,S017,P0183,4,1,493,101,154,119,887.7,5,0,1,904.15,1,11,2024,0
2025-03-17,S004,P0471,2,1,427,12,91,52,674.19,20,0,1,643.97,3,3,2025,0
2024-10-19,S019,P0428,0,1,199,101,137,122,718.61,15,2,1,712.14,2,10,2024,0
2025-07-06,S019,P0016,5,1,245,103,131,128,746.76,10,2,0,709.84,0,7,2025,0
2024-03-30,S015,P0047,4,0,303,29,81,47,800.86,10,1,0,824.88,0,3,2024,0
2024-09-08,S020,P0110,4,2,437,38,52,50,610.17,15,2,1,610.98,0,9,2024,0
2024-02-29,S013,P0144,2,0,96,35,59,27,861.97,20,1,0,894.84,2,2,2024,0
2024-11-01,S006,P0058,3,2,416,116,142,120,258.62,15,0,0,268.11,3,11,2024,0
2024-08-28,S010,P0215,4,1,278,62,56,56,525.9,0,2,0,496.86,3,8,2024,0
2024-11-02,S015,P0221,5,0,320,107,113,100,482.17,10,3,1,476.3,1,11,2024,0
2024-03-24,S013,P0358,0,1,115,27,45,24,53.84,5,2,1,76.54,3,3,2024,0
2024-02-13,S007,P0191,3,0,423,111,127,120,320.72,20,2,0,292.88,3,2,2024,0
2024-04-12,S001,P0086,4,1,437,33,75,55,322.5,0,2,1,349.14,3,4,2024,0
2024-04-18,S015,P0049,4,2,468,118,113,109,192.52,10,0,1,223.58,1,4,2024,0
2025-10-31,S013,P0321,5,1,433,16,62,44,611.51,20,3,0,573.1,0,10,2025,0
2024-05-03,S015,P0042,4,4,314,17,86,49,230.39,20,2,1,221.57,1,5,2024,0
2024-01-08,S007,P0363,3,0,294,6,56,37,614.22,5,0,1,623.96,1,1,2024,0
2025-12-19,S005,P0039,3,1,71,81,103,98,162.16,20,0,1,134.16,2,12,2025,1
2024-02-13,S007,P0245,5,2,308,116,171,155,50.94,0,2,0,95.31,0,2,2024,0
2025-06-18,S013,P0205,1,2,304,49,72,63,719.18,10,1,0,723.27,2,6,2025,0
2024-02-03,S014,P0163,2,2,352,34,51,27,595.99,10,1,1,640.31,3,2,2024,0
2025-07-21,S005,P0443,5,3,240,11,46,42,546.62,0,1,1,563.34,3,7,2025,0
2024-07-05,S005,P0031,2,3,186,50,109,77,771.3,20,1,1,793.36,0,7,2024,0
2025-11-09,S004,P0434,1,0,194,81,133,98,661.52,20,2,1,681.63,1,11,2025,0
2025-07-14,S002,P0432,3,4,44,41,54,53,350.34,0,3,1,306.85,1,7,2025,1
2024-10-07,S014,P0430,1,0,417,18,87,52,770.99,10,3,0,746.5,3,10,2024,0
2024-09-19,S011,P0135,0,0,39,107,181,146,842.37,10,0,1,834.86,1,9,2024,1
2024-01-12,S005,P0355,2,1,322,92,150,129,830.35,20,0,0,783.82,1,1,2024,0
2025-08-31,S002,P0250,0,3,305,33,105,66,641.3,10,0,1,648.45,0,8,2025,0
2024-05-26,S015,P0465,2,3,360,84,117,116,297.45,10,0,1,292.88,0,5,2024,0
2025-04-10,S007,P0023,1,4,227,101,153,115,94.72,20,0,0,125.36,2,4,2025,0
2025-06-21,S011,P0299,1,3,342,56,83,53,989.34,15,2,1,1028.35,1,6,2025,0
2025-02-01,S001,P0394,3,1,63,20,82,58,393.08,20,1,0,382.98,1,2,2025,0
2025-07-15,S012,P0194,3,4,324,85,151,125,488.29,0,2,0,450.78,3,7,2025,0
2024-06-10,S005,P0166,3,1,52,119,163,132,952.33,5,1,1,911.0,0,6,2024,1
2024-06-04,S017,P0429,4,1,194,110,171,147,832.83,0,2,1,834.93,1,6,2024,0
2024-07-03,S008,P0170,3,2,75,51,65,44,774.99,0,1,1,787.58,0,7,2024,0
2025-01-15,S005,P0125,3,3,490,57,69,48,616.49,20,3,1,589.48,3,1,2025,0
2024-05-30,S009,P0466,5,2,491,117,161,144,917.25,5,0,1,939.8,1,5,2024,0
2025-06-08,S016,P0303,4,3,133,38,84,72,684.1,15,0,1,721.7,2,6,2025,0
2024-04-08,S020,P0482,4,0,495,19,69,36,155.8,0,3,1,127.5,3,4,2024,0
2024-02-13,S014,P0177,2,0,431,92,142,118,159.1,10,2,1,125.36,0,2,2024,0
2025-01-05,S014,P0110,5,1,278,65,101,83,778.54,10,1,1,815.22,1,1,2025,0
2025-10-03,S007,P0168,1,2,96,45,72,54,750.37,5,2,1,764.31,3,10,2025,0
2024-12-05,S006,P0262,2,3,43,36,63,42,371.87,20,3,0,395.49,1,12,2024,0
2025-02-10,S018,P0497,2,1,262,60,98,74,711.51,20,0,0,674.36,3,2,2025,0
2025-11-12,S007,P0367,2,0,86,12,72,42,320.27,0,0,1,338.67,3,11,2025,0
2025-01-15,S002,P0247,0,2,417,101,144,136,402.17,0,0,0,417.84,2,1,2025,0
2024-01-04,S010,P0183,3,0,345,109,106,106,807.22,0,2,0,784.96,0,1,2024,0
2025-12-25,S016,P0050,1,1,256,44,64,51,221.4,20,1,1,250.97,2,12,2025,0
2024-10-10,S003,P0013,1,3,422,79,107,97,626.0,20,0,1,622.74,0,10,2024,0
2024-11-04,S018,P0368,2,2,327,81,125,102,741.5,20,3,0,761.6,1,11,2024,0
2024-02-24,S020,P0131,3,4,383,108,113,106,372.69,20,2,1,338.03,2,2,2024,0
2025-05-17,S006,P0086,3,3,482,41,70,68,953.05,5,0,0,924.49,3,5,2025,0
2025-03-25,S017,P0112,2,0,27,42,73,60,688.9,10,2,0,712.08,1,3,2025,1
2025-04-27,S013,P0211,0,4,390,114,151,135,16.31,0,3,1,-11.57,1,4,2025,0
2025-01-21,S006,P0404,5,0,387,22,57,22,853.97,0,1,1,890.52,2,1,2025,0
2025-05-30,S005,P0219,0,3,232,115,149,139,485.95,10,1,1,512.21,3,5,2025,0
2024-11-02,S002,P0461,2,4,389,104,154,117,998.32,15,2,1,1005.31,0,11,2024,0
2025-07-10,S011,P0267,5,1,200,34,41,30,210.36,10,3,1,180.92,0,7,2025,0
2025-03-19,S008,P0240,4,2,199,17,32,16,189.5,0,2,1,226.79,0,3,2025,0
2025-07-26,S014,P0373,0,0,383,97,125,101,259.9,20,0,0,219.38,0,7,2025,0
2025-08-09,S007,P0472,1,3,497,38,42,38,626.44,15,2,1,633.82,1,8,2025,0
2024-12-10,S016,P0250,0,0,315,68,100,69,405.75,15,1,0,407.72,1,12,2024,0
2024-03-14,S003,P0300,0,3,126,111,169,150,98.41,10,3,0,148.25,2,3,2024,1
2025-03-18,S016,P0435,2,2,422,67,77,65,208.48,20,0,1,159.78,3,3,2025,0
2024-04-06,S001,P0158,0,3,58,15,58,19,115.2,10,1,0,117.77,0,4,2024,0
2025-05-26,S003,P0002,5,0,336,25,67,63,268.93,20,2,1,279.3,1,5,2025,0
2024-09-13,S003,P0176,2,3,442,63,136,98,28.36,20,3,0,35.43,1,9,2024,0
2025-09-19,S002,P0300,5,4,500,78,121,92,669.64,15,3,1,664.85,2,9,2025,0
2024-07-17,S017,P0409,2,0,254,28,64,45,231.48,5,2,1,187.19,0,7,2024,0
2025-01-06,S006,P0394,2,4,337,65,84,61,368.29,15,3,1,380.1,3,1,2025,0
2025-11-28,S007,P0321,3,4,191,44,116,77,104.92,15,3,0,122.51,0,11,2025,0
2025-02-20,S003,P0018,4,1,280,75,143,109,868.81,20,2,1,860.82,0,2,2025,0
2025-05-27,S014,P0141,0,4,213,66,111,93,830.98,5,3,1,880.27,1,5,2025,0
2024-07-24,S009,P0377,0,0,96,67,113,82,661.27,10,2,0,670.72,1,7,2024,0
2025-09-25,S012,P0182,5,3,152,109,176,136,272.43,15,0,0,296.89,0,9,2025,0
2024-11-23,S008,P0227,2,3,351,9,84,44,138.41,0,3,0,165.88,1,11,2024,0
2024-11-18,S012,P0144,4,2,469,34,104,65,266.11,0,2,1,239.81,0,11,2024,0
2024-08-23,S006,P0370,4,2,292,32,68,34,378.15,15,1,0,386.18,1,8,2024,0
2024-11-06,S015,P0108,1,1,399,72,81,64,813.31,0,3,0,810.78,3,11,2024,0
2025-01-30,S005,P0209,0,0,131,27,78,62,840.05,10,1,0,800.39,1,1,2025,0
2024-07-29,S013,P0443,2,2,123,119,152,127,472.61,15,1,1,449.26,2,7,2024,1
2025-05-12,S020,P0076,1,0,120,110,186,150,623.14,10,0,1,584.29,3,5,2025,1
2024-03-31,S004,P0350,4,1,30,27,88,57,441.85,15,3,0,472.27,0,3,2024,1
2025-06-14,S007,P0121,1,4,154,80,129,99,570.12,15,3,0,540.34,0,6,2025,0
2024-08-08,S007,P0438,0,2,475,46,87,64,276.9,15,0,1,279.71,1,8,2024,0
2024-02-02,S014,P0388,2,2,115,102,122,121,728.94,20,2,1,725.98,3,2,2024,1
2024-06-12,S005,P0097,2,4,327,28,58,33,923.22,5,0,0,930.22,0,6,2024,0
2025-11-19,S017,P0229,1,1,72,94,144,131,910.13,5,3,0,909.95,3,11,2025,1
2024-02-15,S001,P0420,2,1,341,107,170,145,846.57,10,3,0,808.48,3,2,2024,0
2025-04-10,S009,P0263,3,2,290,31,103,69,683.92,10,1,0,678.06,0,4,2025,0
2025-04-18,S009,P0318,3,4,129,60,89,71,693.2,0,1,1,730.0,3,4,2025,0
2024-07-12,S013,P0412,0,3,80,115,168,133,870.44,20,3,0,844.93,1,7,2024,1
2025-06-15,S002,P0283,4,0,186,100,161,129,830.34,10,0,1,879.72,3,6,2025,0
2024-07-23,S011,P0080,2,0,115,85,106,77,630.07,10,3,1,623.64,0,7,2024,0
2024-06-11,S020,P0206,2,3,125,111,144,142,899.94,20,1,1,944.7,2,6,2024,1
2024-09-08,S001,P0226,4,0,203,113,150,128,272.09,0,3,0,319.94,0,9,2024,0
2024-03-02,S005,P0444,5,0,431,28,90,61,216.4,5,0,1,168.98,3,3,2024,0
2025-07-25,S018,P0072,5,2,491,46,37,36,299.28,5,2,1,257.12,3,7,2025,0
2024-11-04,S012,P0153,4,1,290,116,115,113,570.95,0,2,1,611.9,0,11,2024,0
2025-03-30,S017,P0482,5,3,407,110,169,131,452.6,5,0,0,461.29,0,3,2025,0
2024-08-30,S005,P0441,5,3,289,111,130,107,859.44,20,1,0,825.12,0,8,2024,0
2024-05-14,S015,P0352,2,0,320,50,78,46,349.86,10,3,0,336.37,0,5,2024,0
2025-08-28,S020,P0169,0,1,41,36,61,29,132.69,15,2,0,155.48,3,8,2025,0
2025-11-22,S004,P0454,5,1,429,48,56,38,517.37,10,3,1,525.89,0,11,2025,0
2024-10-22,S014,P0305,0,1,228,96,106,104,244.95,10,0,1,197.63,0,10,2024,0
2024-12-06,S015,P0225,0,1,280,70,67,64,512.71,5,2,0,529.11,1,12,2024,0
2025-05-19,S017,P0230,3,1,159,52,89,78,376.24,0,1,0,338.86,1,5,2025,0
2025-09-22,S020,P0146,4,1,39,7,31,28,713.59,10,2,0,752.86,0,9,2025,0
2024-04-18,S016,P0061,3,1,243,59,69,57,680.97,10,0,1,709.78,0,4,2024,0
2024-01-31,S001,P0193,0,2,496,26,93,65,436.62,10,1,1,449.03,1,1,2024,0
2024-05-31,S012,P0486,1,3,367,66,104,81,205.37,0,0,1,249.56,1,5,2024,0
2025-10-14,S008,P0405,0,1,439,11,25,4,290.09,10,0,0,273.73,0,10,2025,0
2025-03-21,S016,P0359,2,4,430,28,52,25,992.18,5,3,0,962.53,3,3,2025,0
2024-11-04,S002,P0151,3,2,431,100,132,127,39.67,15,2,1,65.58,0,11,2024,0
2024-12-03,S019,P0234,4,3,368,65,110,90,768.3,0,1,0,780.87,1,12,2024,0
2024-02-17,S019,P0490,4,0,418,83,131,116,871.64,15,0,1,825.24,3,2,2024,0
2024-02-04,S012,P0431,3,3,208,52,127,92,204.93,0,3,1,164.21,1,2,2024,0
2024-10-18,S019,P0222,3,4,44,9,50,38,689.11,5,3,1,709.87,3,10,2024,0
2025-11-12,S003,P0287,4,0,362,118,157,123,564.91,15,1,0,566.79,0,11,2025,0
2025-04-05,S009,P0451,3,2,286,17,81,55,775.2,15,1,0,765.62,3,4,2025,0
2024-07-09,S014,P0158,0,2,170,28,90,65,440.62,15,0,0,418.43,2,7,2024,0
2025-12-01,S015,P0305,5,1,411,26,95,64,603.28,15,3,0,593.93,1,12,2025,0
2024-11-05,S003,P0157,0,4,159,83,119,109,317.99,20,1,0,312.58,2,11,2024,0
2024-04-04,S009,P0006,3,4,434,46,84,57,409.34,5,3,0,378.94,0,4,2024,0
2025-08-26,S018,P0094,3,0,218,54,103,70,73.24,0,1,1,89.37,2,8,2025,0
2024-09-29,S007,P0118,2,0,216,76,105,97,193.88,0,0,1,166.54,1,9,2024,0
2025-11-22,S017,P0494,0,4,384,13,48,16,419.54,10,1,1,440.22,0,11,2025,0
2024-12-03,S012,P0423,2,0,187,79,113,93,679.02,15,2,1,695.28,3,12,2024,0
2024-12-27,S009,P0328,0,0,192,13,58,50,917.4,15,0,1,932.57,1,12,2024,0
2024-08-17,S012,P0099,0,1,104,64,79,56,416.98,10,1,1,463.19,3,8,2024,0
2024-10-25,S004,P0444,0,3,97,16,81,49,436.98,10,3,1,432.57,0,10,2024,0
2024-03-25,S001,P0412,0,4,343,78,109,73,971.3,10,0,1,988.37,2,3,2024,0
2024-08-17,S007,P0468,3,3,182,117,162,142,59.17,0,2,0,71.76,1,8,2024,0
2025-12-28,S005,P0107,3,0,124,28,86,49,694.92,0,3,1,722.86,1,12,2025,0
2024-02-11,S012,P0078,3,0,491,100,161,122,970.84,15,3,0,925.16,0,2,2024,0
2025-04-15,S020,P0011,0,3,480,112,161,143,584.58,15,2,1,570.76,2,4,2025,0
2024-12-25,S017,P0421,3,2,335,84,107,101,957.9,10,0,1,929.46,1,12,2024,0
2025-05-05,S001,P0305,3,3,394,119,179,156,132.27,0,3,0,125.08,1,5,2025,0
2024-10-21,S005,P0023,0,3,193,107,138,109,119.13,15,3,1,93.05,1,10,2024,0
2024-10-15,S002,P0090,3,3,147,107,113,102,419.63,15,2,1,404.77,1,10,2024,0
2024-12-30,S011,P0174,3,4,193,70,87,61,765.21,10,2,1,760.58,3,12,2024,0
2025-11-21,S011,P0058,1,2,143,56,116,86,749.92,5,0,0,745.39,1,11,2025,0
2024-02-12,S006,P0043,5,0,238,79,89,69,467.74,0,3,0,495.0,1,2,2024,0
2025-12-05,S008,P0390,5,3,326,30,46,31,371.33,5,3,0,378.76,0,12,2025,0
2025-06-26,S002,P0459,2,0,164,98,145,125,968.63,15,0,1,951.71,2,6,2025,0
2024-04-20,S009,P0212,5,0,381,72,78,76,156.43,5,0,0,146.02,3,4,2024,0
2025-08-10,S010,P0279,4,2,32,23,61,59,311.54,0,0,1,293.84,3,8,2025,1
2025-09-13,S014,P0104,3,2,133,29,62,37,776.94,5,0,0,749.37,0,9,2025,0
2025-12-17,S004,P0208,0,3,174,29,51,48,12.87,20,2,0,52.84,3,12,2025,0
2025-10-17,S004,P0420,3,1,351,23,48,19,20.62,10,1,1,14.7,2,10,2025,0
2025-10-04,S017,P0056,2,4,439,77,144,114,101.61,20,2,0,89.02,3,10,2025,0
2024-12-29,S003,P0030,5,1,329,17,53,38,968.19,20,0,1,942.09,1,12,2024,0
2025-09-13,S007,P0456,2,1,413,75,92,77,720.3,0,2,1,719.11,0,9,2025,0
2024-11-03,S011,P0293,3,1,42,54,106,66,303.06,10,2,1,335.86,1,11,2024,1
2025-01-26,S016,P0276,5,1,462,52,78,42,268.35,5,2,1,305.28,2,1,2025,0
2025-04-05,S013,P0404,5,2,76,79,121,111,416.56,5,3,0,464.38,3,4,2025,1
2024-04-30,S003,P0302,0,0,33,82,136,122,441.65,0,3,1,450.41,1,4,2024,1
2024-02-20,S017,P0013,0,0,45,116,126,118,504.6,15,2,0,521.28,1,2,2024,1
2025-05-22,S013,P0260,3,2,421,11,23,6,674.31,15,3,0,637.72,1,5,2025,0
2025-10-25,S016,P0231,3,1,355,103,178,140,909.67,10,0,0,903.07,3,10,2025,0
2025-08-30,S012,P0206,3,0,438,26,27,25,360.56,0,2,0,407.65,2,8,2025,0
2024-12-26,S017,P0214,5,4,42,11,54,32,114.78,15,1,0,139.48,3,12,2024,0
2025-07-18,S010,P0256,2,0,86,98,126,95,729.67,10,1,0,730.63,0,7,2025,1
2025-11-01,S019,P0241,1,3,301,44,81,47,242.84,15,0,1,253.28,3,11,2025,0
2024-03-23,S004,P0077,2,4,333,30,47,23,893.14,15,3,1,907.18,1,3,2024,0
2025-08-22,S003,P0126,4,4,314,29,55,32,246.59,0,1,1,217.88,0,8,2025,0
2025-10-18,S008,P0169,0,3,221,72,102,70,799.86,15,2,1,787.25,3,10,2025,0
2024-05-19,S004,P0059,3,0,326,91,133,98,956.54,10,1,0,954.55,2,5,2024,0
2024-10-24,S005,P0297,3,2,401,52,77,49,238.45,5,2,0,268.51,1,10,2024,0
2024-12-09,S015,P0192,5,2,483,6,61,46,571.98,10,0,0,590.55,1,12,2024,0
2025-12-10,S010,P0105,1,3,358,68,134,104,783.16,20,0,1,741.05,0,12,2025,0
2025-10-18,S011,P0254,0,2,183,31,58,43,507.88,0,1,0,464.75,2,10,2025,0
2024-02-21,S012,P0231,5,1,336,39,63,61,735.74,5,2,1,723.79,0,2,2024,0
2024-07-20,S017,P0275,0,1,122,78,100,74,540.48,15,3,0,588.13,0,7,2024,0
2024-08-21,S003,P0009,0,3,416,79,127,110,273.36,0,2,0,229.4,0,8,2024,0
2025-09-29,S017,P0410,1,0,118,49,93,56,158.75,0,2,1,119.43,2,9,2025,0
2024-06-08,S011,P0108,4,1,410,113,180,143,252.97,15,3,1,300.08,3,6,2024,0
2024-11-28,S003,P0446,2,1,386,68,72,60,306.57,10,1,0,296.13,2,11,2024,0
2024-11-05,S006,P0493,1,3,446,47,75,57,422.06,5,0,0,372.38,1,11,2024,0
2025-09-29,S016,P0429,1,4,383,94,103,94,666.98,20,1,0,645.43,2,9,2025,0
2024-10-09,S002,P0370,5,2,217,54,86,47,926.66,10,2,1,923.89,2,10,2024,0
2025-08-07,S007,P0173,3,2,289,114,111,108,447.08,10,0,1,407.92,2,8,2025,0
2024-01-01,S003,P0197,4,2,487,26,44,26,636.78,15,0,0,620.58,0,1,2024,0
2025-11-11,S007,P0223,2,1,444,15,59,38,277.11,5,3,1,248.94,0,11,2025,0
2025-09-03,S015,P0332,4,2,429,13,51,24,699.68,10,0,0,704.87,2,9,2025,0
2025-08-02,S006,P0044,4,2,50,95,117,106,740.35,10,3,0,749.61,2,8,2025,1
2025-08-07,S003,P0111,4,1,318,82,121,89,121.77,0,2,1,100.19,3,8,2025,0
2024-10-18,S001,P0056,2,1,457,26,62,42,162.3,0,3,1,195.18,3,10,2024,0
2025-09-26,S017,P0263,4,4,481,69,119,100,704.82,15,2,0,716.65,0,9,2025,0
2025-07-10,S013,P0235,5,1,57,93,126,117,468.72,20,3,0,431.18,0,7,2025,1
2024-10-06,S005,P0369,1,0,375,86,119,112,996.18,10,3,1,965.32,3,10,2024,0
2024-07-14,S018,P0393,3,3,51,71,89,81,225.55,10,0,1,215.81,0,7,2024,1
2024-01-13,S003,P0323,3,3,392,21,36,20,400.59,15,3,1,398.25,0,1,2024,0
2024-09-09,S002,P0417,2,4,499,111,165,149,167.34,20,2,1,159.73,0,9,2024,0
2024-05-17,S016,P0328,5,4,336,98,140,100,934.32,20,2,0,959.45,0,5,2024,0
2024-02-23,S011,P0092,0,2,296,94,146,115,864.63,0,3,1,818.6,2,2,2024,0
2025-12-16,S020,P0366,2,3,38,117,180,157,855.93,0,0,0,874.72,2,12,2025,1
2024-12-18,S018,P0304,5,3,161,28,67,45,296.45,0,1,0,290.14,1,12,2024,0
2025-12-27,S004,P0413,4,3,385,34,96,61,325.87,5,1,0,297.82,2,12,2025,0
2025-11-17,S016,P0453,5,2,340,26,94,65,553.79,15,0,1,555.39,2,11,2025,0
2024-12-26,S019,P0121,1,2,482,63,116,102,88.28,20,2,1,98.49,3,12,2024,0
2025-10-28,S016,P0438,5,2,117,45,69,50,710.04,0,2,0,694.66,0,10,2025,0
2024-01-07,S013,P0102,0,4,390,76,120,101,570.68,20,2,0,581.62,1,1,2024,0
2024-05-08,S012,P0038,4,1,413,14,53,19,935.02,10,0,0,976.22,0,5,2024,0
2024-06-24,S007,P0363,1,1,103,120,170,133,339.48,0,3,0,309.09,0,6,2024,1
2024-04-08,S014,P0255,0,1,317,57,82,60,118.64,0,3,1,71.23,1,4,2024,0
2024-08-22,S009,P0034,2,3,225,101,151,113,19.72,10,2,1,43.12,2,8,2024,0
2024-08-30,S002,P0364,3,3,153,22,69,38,844.85,15,1,1,881.69,2,8,2024,0
2025-06-12,S012,P0484,0,4,61,61,88,55,817.85,20,0,1,842.86,3,6,2025,0
2024-03-13,S016,P0457,3,2,482,25,63,43,948.51,15,3,0,922.93,2,3,2024,0
2024-09-01,S002,P0419,2,1,73,119,144,110,508.83,5,0,1,556.23,3,9,2024,1
2024-08-28,S010,P0281,0,2,436,73,101,69,803.15,5,3,1,823.65,2,8,2024,0
2024-03-10,S015,P0024,3,0,276,24,37,33,709.36,0,0,0,713.76,3,3,2024,0
2025-03-10,S003,P0145,4,0,344,75,129,95,451.16,5,2,1,419.53,2,3,2025,0
2025-11-11,S007,P0158,0,3,85,7,26,14,647.78,15,3,1,623.36,1,11,2025,0
2025-01-04,S001,P0323,0,2,53,116,109,108,301.29,15,1,1,251.48,2,1,2025,1
2024-12-10,S016,P0390,3,3,207,47,113,84,575.51,5,1,0,530.24,1,12,2024,0
2025-12-10,S020,P0457,4,0,257,21,58,53,494.23,0,2,0,515.31,1,12,2025,0
2025-03-09,S015,P0337,1,3,263,99,140,117,866.12,5,1,1,866.13,2,3,2025,0
2025-09-21,S002,P0141,0,2,253,87,127,117,51.3,20,0,0,48.96,0,9,2025,0
2025-05-28,S018,P0285,5,2,229,70,94,65,830.02,5,2,0,808.07,0,5,2025,0
2025-11-24,S011,P0262,0,0,40,36,106,66,797.41,10,1,1,835.05,0,11,2025,1
2024-09-01,S020,P0098,3,0,358,55,99,91,42.64,10,1,0,75.36,3,9,2024,0
2025-11-21,S014,P0459,2,2,308,45,52,51,943.72,5,1,1,945.38,1,11,2025,0
2025-10-12,S012,P0184,5,1,58,103,127,115,464.05,10,0,1,432.64,0,10,2025,1
2024-09-30,S014,P0234,2,0,164,102,122,94,761.26,20,1,1,782.08,3,9,2024,0
2024-02-02,S001,P0394,4,1,399,9,36,28,682.34,0,2,1,724.9,3,2,2024,0
2024-06-26,S001,P0457,0,2,171,56,80,52,373.39,15,3,0,377.13,1,6,2024,0
2025-02-22,S014,P0065,0,1,267,15,64,38,264.54,10,2,1,229.43,0,2,2025,0
2025-07-30,S017,P0238,2,2,300,58,83,78,123.83,0,1,1,171.8,2,7,2025,0
2024-11-30,S001,P0238,3,3,257,104,115,97,663.02,5,0,0,691.6,1,11,2024,0
2025-06-26,S002,P0134,3,0,309,83,119,103,604.71,0,3,0,630.19,1,6,2025,0
2025-10-01,S013,P0431,4,3,324,117,186,154,934.16,20,0,0,898.43,3,10,2025,0
2024-10-16,S017,P0219,0,3,457,72,75,69,929.8,5,1,1,885.72,3,10,2024,0
2024-09-27,S004,P0086,2,1,492,50,108,84,817.43,0,3,0,818.44,3,9,2024,0
2024-01-23,S013,P0413,5,4,145,39,73,44,278.1,5,0,1,263.51,0,1,2024,0
2024-08-03,S003,P0421,0,1,214,22,37,32,876.59,5,3,1,847.14,3,8,2024,0
2025-08-29,S004,P0127,5,4,448,120,151,111,146.13,15,1,1,97.29,3,8,2025,0
2025-01-04,S014,P0402,2,3,466,21,26,22,977.99,10,0,1,954.47,0,1,2025,0
2025-11-16,S011,P0343,4,0,89,45,111,84,128.72,15,0,0,89.59,2,11,2025,0
2025-02-27,S015,P0391,0,0,425,94,123,89,282.46,10,1,0,263.92,2,2,2025,0
2025-10-18,S010,P0496,1,3,339,52,79,45,115.4,20,1,1,123.45,2,10,2025,0
2024-12-21,S007,P0486,5,1,304,52,93,79,827.22,20,1,1,782.82,0,12,2024,0
2024-01-29,S017,P0046,4,4,494,108,149,129,55.12,15,1,0,76.73,0,1,2024,0
2024-10-28,S016,P0130,0,1,486,21,44,33,287.69,15,2,0,286.92,2,10,2024,0
2024-02-04,S018,P0448,4,3,176,59,70,67,58.32,0,2,0,46.97,1,2,2024,0
2024-05-08,S019,P0117,4,1,399,90,132,109,808.17,5,0,0,807.85,3,5,2024,0
2025-08-19,S006,P0441,0,1,71,22,20,19,887.09,10,0,1,839.53,1,8,2025,0
2024-02-14,S008,P0073,5,1,67,101,121,118,577.77,20,2,1,613.21,1,2,2024,1
2025-07-31,S010,P0104,1,4,93,55,76,53,671.74,0,3,1,692.41,2,7,2025,0
2025-01-15,S017,P0133,0,3,50,88,129,92,304.18,20,2,0,305.03,2,1,2025,1
2025-12-03,S009,P0292,2,1,493,36,58,53,788.49,15,0,0,797.64,0,12,2025,0
2025-12-29,S007,P0372,1,4,339,50,101,69,877.09,5,0,1,871.95,1,12,2025,0
2024-04-19,S006,P0110,4,3,290,34,41,32,932.46,10,2,1,972.68,1,4,2024,0
2025-01-31,S009,P0373,2,1,72,64,97,80,713.39,10,0,1,761.24,3,1,2025,1
2024-06-16,S012,P0004,3,3,302,53,89,57,88.66,0,1,1,135.14,1,6,2024,0
2025-10-27,S017,P0368,3,4,169,91,142,121,591.79,5,2,0,621.1,1,10,2025,0
2024-10-06,S008,P0420,5,4,113,31,73,60,325.16,10,1,1,296.86,1,10,2024,0
2025-06-16,S001,P0071,2,2,130,82,135,98,195.24,10,2,0,157.21,2,6,2025,0
2024-03-10,S019,P0342,2,1,151,29,99,59,258.87,20,1,0,247.41,3,3,2024,0
2025-01-04,S001,P0287,4,0,482,50,85,70,120.28,0,1,1,105.89,1,1,2025,0
2024-08-15,S008,P0240,2,3,35,90,139,116,61.22,20,3,1,32.18,1,8,2024,1
2024-07-16,S006,P0351,5,4,475,40,54,35,522.02,0,0,1,561.39,2,7,2024,0
2025-02-25,S001,P0288,5,4,298,96,87,87,611.42,15,3,1,576.49,3,2,2025,0
2025-06-18,S011,P0292,2,2,319,113,168,151,353.7,5,1,1,363.32,2,6,2025,0
2024-03-18,S004,P0236,0,4,436,46,114,75,520.93,15,3,1,565.54,2,3,2024,0
2024-07-20,S020,P0145,1,4,27,109,167,134,543.04,15,0,1,579.41,2,7,2024,1
2024-10-13,S012,P0265,5,4,82,33,27,24,449.26,20,0,0,441.58,0,10,2024,0
2024-01-06,S015,P0091,3,4,320,48,80,74,310.62,0,2,0,290.29,1,1,2024,0
2024-05-11,S004,P0148,5,3,248,27,76,49,955.88,0,3,0,959.9,2,5,2024,0
2025-10-28,S005,P0055,2,4,303,39,97,77,914.17,10,0,1,954.84,0,10,2025,0
2025-09-11,S002,P0227,4,0,465,30,74,56,115.55,15,2,0,110.46,0,9,2025,0
2025-04-02,S005,P0220,0,2,158,84,83,78,64.06,15,2,1,59.83,1,4,2025,0
2025-07-04,S006,P0143,4,3,332,119,142,129,459.97,0,3,0,417.22,0,7,2025,0
2024-12-30,S015,P0280,1,1,366,90,151,118,998.36,10,2,1,1046.58,0,12,2024,0
2024-02-10,S015,P0192,2,0,267,85,124,112,395.09,0,1,0,425.27,2,2,2024,0
2024-02-21,S007,P0494,0,4,446,104,157,143,671.55,5,3,1,668.51,0,2,2024,0
2025-02-02,S018,P0400,0,4,476,66,71,67,162.76,5,0,1,113.25,0,2,2025,0
2024-08-27,S001,P0298,4,2,92,95,115,104,347.02,15,0,0,335.09,2,8,2024,1
2025-02-21,S008,P0421,5,4,354,82,87,74,40.52,10,0,1,-2.16,2,2,2025,0
2025-08-25,S015,P0444,5,4,283,46,97,63,274.3,20,3,0,324.1,3,8,2025,0
2025-03-12,S008,P0127,2,2,42,8,46,29,939.25,0,3,0,972.41,3,3,2025,0
2025-11-07,S013,P0123,4,4,269,44,64,52,393.64,15,2,1,351.88,3,11,2025,0
2025-01-01,S009,P0498,0,0,476,66,132,101,801.99,0,2,0,825.9,3,1,2025,0
2025-06-20,S006,P0251,4,1,96,42,114,80,727.19,10,1,1,683.9,0,6,2025,0
2024-04-21,S009,P0352,4,3,391,98,158,126,505.56,5,3,1,497.39,2,4,2024,0
2024-07-28,S006,P0063,0,0,385,33,96,59,836.15,20,3,1,875.86,1,7,2024,0
2025-12-16,S009,P0486,4,1,440,20,31,23,665.2,0,0,0,644.15,1,12,2025,0
2025-05-09,S013,P0200,1,1,56,51,100,83,119.36,15,0,0,134.35,2,5,2025,1
2025-08-13,S013,P0252,5,4,63,119,140,115,688.77,10,2,0,675.83,1,8,2025,1
2025-03-19,S005,P0005,4,1,217,56,92,62,972.94,0,1,0,979.15,0,3,2025,0
2024-12-03,S020,P0276,4,4,470,46,51,47,496.1,0,1,0,474.85,2,12,2024,0
2025-04-24,S018,P0186,5,2,204,43,97,80,150.33,0,2,1,143.44,1,4,2025,0
2025-11-26,S013,P0410,2,3,138,87,137,110,787.27,10,0,0,740.74,1,11,2025,0
2024-07-26,S002,P0100,1,0,319,9,24,14,802.1,0,1,1,777.79,2,7,2024,0
2024-01-21,S001,P0206,0,1,479,15,18,11,802.96,20,0,0,779.24,1,1,2024,0
2024-11-23,S011,P0039,0,3,210,22,74,56,361.92,20,2,0,351.19,0,11,2024,0
2024-12-20,S018,P0103,5,0,252,95,131,118,324.21,15,2,1,369.97,2,12,2024,0
2024-12-02,S007,P0414,4,0,198,55,111,72,437.71,5,0,0,453.42,0,12,2024,0
2024-03-10,S004,P0308,4,0,257,88,121,112,333.75,15,3,0,374.15,2,3,2024,0
2024-09-27,S006,P0304,3,4,460,59,106,87,637.48,15,0,1,657.85,1,9,2024,0
2025-06-21,S016,P0290,5,0,460,51,79,48,966.44,15,3,1,935.56,3,6,2025,0
2024-05-14,S020,P0161,5,3,355,109,134,130,610.65,0,3,1,628.62,1,5,2024,0
2024-06-11,S009,P0461,0,4,71,21,41,18,640.57,20,1,0,594.72,0,6,2024,0
2025-03-03,S007,P0324,3,0,372,28,29,27,102.91,10,1,0,95.41,3,3,2025,0
2025-06-18,S018,P0047,0,2,99,41,51,43,389.43,10,1,1,363.49,1,6,2025,0
2024-11-17,S006,P0032,3,1,180,114,175,142,839.8,0,0,1,857.06,0,11,2024,0
2024-02-20,S008,P0483,3,0,269,40,53,53,762.37,20,3,0,733.61,3,2,2024,0
2024-05-23,S020,P0007,2,4,155,39,48,29,928.59,5,3,1,887.19,2,5,2024,0
2025-11-24,S016,P0244,5,3,188,94,143,128,939.32,5,2,0,964.97,0,11,2025,0
2024-12-17,S008,P0173,0,1,151,61,80,76,443.2,15,3,0,428.9,1,12,2024,0
2024-04-09,S019,P0382,3,0,112,54,97,70,114.7,5,0,1,122.71,1,4,2024,0
2025-12-25,S009,P0426,3,3,46,111,113,109,352.29,0,3,0,323.06,2,12,2025,1
2025-04-28,S010,P0416,2,4,336,114,185,151,972.71,10,1,1,973.13,3,4,2025,0
2024-05-14,S004,P0076,2,1,328,115,145,143,228.84,0,1,0,247.71,0,5,2024,0
2025-04-18,S006,P0091,1,4,361,16,35,24,93.43,0,0,1,85.57,3,4,2025,0
2024-01-04,S010,P0129,3,3,387,40,58,46,399.94,5,2,1,389.17,0,1,2024,0
2024-05-30,S006,P0471,2,4,100,93,131,131,635.23,15,1,0,648.16,2,5,2024,1
2025-04-17,S011,P0343,2,2,280,11,73,41,903.43,15,3,1,945.6,2,4,2025,0
2025-07-07,S002,P0341,2,3,404,52,57,55,24.12,20,1,0,-21.54,1,7,2025,0
2025-10-22,S016,P0085,4,1,263,62,91,73,408.46,20,2,1,399.78,2,10,2025,0
2024-10-23,S013,P0182,5,4,160,107,163,123,224.43,5,0,1,245.6,0,10,2024,0
2024-10-30,S007,P0161,1,0,403,57,106,94,339.57,15,0,1,320.83,1,10,2024,0
2025-02-09,S019,P0210,0,4,311,91,127,105,706.6,20,3,1,692.69,2,2,2025,0
2025-12-23,S009,P0265,0,3,132,62,119,99,161.91,20,3,1,196.21,2,12,2025,0
2024-07-07,S019,P0325,0,3,474,21,36,31,735.03,10,2,1,720.34,2,7,2024,0
2025-05-11,S010,P0110,1,3,223,57,66,49,79.39,5,2,1,122.96,3,5,2025,0
2024-08-13,S020,P0399,3,1,424,67,77,66,594.43,5,1,0,556.62,2,8,2024,0
2025-09-12,S010,P0291,2,3,98,26,94,54,375.59,0,0,1,397.22,1,9,2025,0
2025-03-18,S018,P0240,4,3,366,87,156,119,811.89,5,0,0,822.24,1,3,2025,0
2025-04-13,S010,P0156,2,4,371,84,78,75,951.38,15,2,0,951.96,0,4,2025,0
2025-12-05,S007,P0266,2,0,307,33,50,50,683.21,20,1,0,696.59,3,12,2025,0
2025-06-26,S016,P0406,3,4,187,47,85,74,340.86,15,2,1,307.38,2,6,2025,0
2024-05-26,S014,P0472,4,0,187,62,109,99,492.96,10,1,0,514.74,3,5,2024,0
2025-11-29,S009,P0449,2,4,158,64,77,65,783.15,5,2,1,758.48,3,11,2025,0
2024-12-27,S017,P0203,3,0,71,43,95,71,96.06,0,2,0,144.09,2,12,2024,0
2024-10-05,S017,P0491,2,0,148,82,89,88,756.37,20,0,0,742.39,3,10,2024,0
2024-08-23,S008,P0445,1,0,361,43,53,50,851.59,20,1,1,824.38,3,8,2024,0
2025-02-08,S005,P0331,3,4,316,99,118,101,474.23,20,2,1,431.04,3,2,2025,0
2024-04-03,S007,P0050,4,1,417,91,101,91,931.08,0,1,1,888.76,3,4,2024,0
2025-10-04,S007,P0125,2,3,98,35,68,62,370.17,5,3,0,327.49,3,10,2025,0
2025-08-30,S018,P0305,2,4,303,27,32,22,490.18,5,1,1,464.62,3,8,2025,0
2024-07-06,S015,P0249,5,1,338,49,78,77,898.59,5,2,1,858.36,3,7,2024,0
2025-12-16,S013,P0445,0,3,22,93,126,89,642.47,0,1,0,687.59,0,12,2025,1
2025-06-26,S003,P0161,0,4,142,37,72,40,910.57,15,0,0,871.94,3,6,2025,0
2024-04-26,S018,P0496,3,2,258,85,113,78,457.67,5,0,1,455.93,3,4,2024,0
2025-09-30,S007,P0145,5,0,141,89,158,125,19.57,20,3,1,62.88,2,9,2025,0
2024-06-20,S007,P0092,0,2,77,53,85,85,34.76,20,1,1,71.8,0,6,2024,1
2024-07-10,S003,P0113,1,2,384,62,86,76,367.34,0,2,0,405.75,0,7,2024,0
2024-10-24,S001,P0052,5,2,104,72,122,109,175.79,15,2,0,175.2,3,10,2024,1
2024-04-25,S001,P0092,0,2,431,60,113,79,417.32,5,0,1,462.63,1,4,2024,0
2024-09-19,S002,P0315,4,1,406,26,71,43,241.52,0,3,0,208.58,0,9,2024,0
2024-08-01,S007,P0040,4,0,348,114,123,105,945.97,0,0,1,932.07,3,8,2024,0
2025-11-11,S017,P0164,3,0,195,8,46,26,797.41,0,0,0,800.17,1,11,2025,0
2025-04-02,S016,P0026,5,2,51,34,105,74,509.17,15,1,1,504.38,1,4,2025,1
2025-02-06,S011,P0368,1,2,159,89,99,97,346.35,20,2,1,319.58,1,2,2025,0
2024-06-20,S019,P0014,1,0,252,87,143,115,249.95,5,1,1,254.8,3,6,2024,0
2025-01-04,S014,P0459,3,4,75,16,64,54,72.58,5,3,1,48.14,3,1,2025,0
2025-01-07,S016,P0327,5,1,35,27,38,36,407.22,0,2,1,363.83,3,1,2025,1
2025-04-16,S017,P0285,2,3,45,90,122,105,545.36,15,3,1,552.03,0,4,2025,1
2024-02-27,S003,P0482,3,0,249,99,169,131,34.99,10,3,1,39.29,3,2,2024,0
2024-04-12,S013,P0238,2,4,405,113,141,120,701.71,15,3,0,731.28,2,4,2024,0
2024-10-01,S004,P0231,2,1,309,56,94,93,105.47,0,0,1,112.29,1,10,2024,0
2025-04-22,S009,P0361,0,3,408,107,107,99,885.47,5,0,0,890.98,2,4,2025,0
2025-03-26,S012,P0326,4,3,255,89,107,87,863.42,5,0,0,819.35,2,3,2025,0
2025-01-04,S007,P0111,5,1,382,69,101,90,978.69,5,2,1,990.63,2,1,2025,0
2025-12-17,S014,P0101,5,0,481,37,67,28,250.25,20,0,0,240.34,0,12,2025,0
2025-06-30,S013,P0408,5,1,166,39,66,37,255.98,20,1,1,229.23,3,6,2025,0
2025-07-20,S011,P0499,3,3,395,75,120,91,411.21,5,0,1,408.54,1,7,2025,0
2025-10-07,S002,P0060,0,3,100,12,34,8,429.89,5,3,0,406.91,1,10,2025,0
2025-12-07,S006,P0410,4,0,120,37,92,71,185.28,15,2,1,156.46,2,12,2025,0
2024-07-18,S004,P0379,5,1,206,63,73,55,283.18,10,1,0,269.49,0,7,2024,0
2024-05-30,S019,P0171,2,1,63,14,39,10,346.14,20,1,1,322.64,0,5,2024,0
2024-07-02,S012,P0039,3,0,458,85,143,124,384.78,20,3,1,345.75,1,7,2024,0
2024-10-06,S010,P0092,4,0,405,67,137,98,181.9,10,2,1,197.96,0,10,2024,0
2025-03-27,S016,P0192,5,0,392,31,54,41,655.3,20,3,0,667.13,2,3,2025,0
2024-01-03,S008,P0439,0,4,51,64,81,74,268.48,0,1,1,298.17,3,1,2024,1
2024-12-13,S001,P0371,4,2,258,109,144,134,267.47,5,1,0,317.23,1,12,2024,0
2024-11-03,S010,P0106,5,2,482,35,102,72,539.72,15,3,0,583.7,1,11,2024,0
2024-01-14,S020,P0321,2,3,237,58,132,95,395.36,0,2,0,383.12,3,1,2024,0
2024-05-30,S002,P0198,0,2,429,114,158,154,523.68,15,2,1,533.45,0,5,2024,0
2025-03-24,S005,P0373,3,2,62,49,76,76,111.35,5,2,1,93.19,3,3,2025,1
2024-09-17,S017,P0493,3,3,409,11,42,12,173.41,20,3,1,177.52,3,9,2024,0
2025-07-21,S005,P0191,1,4,220,118,129,113,750.06,20,2,0,754.86,1,7,2025,0
2025-06-01,S009,P0430,0,3,468,38,40,38,932.12,0,0,0,910.71,3,6,2025,0
2025-10-19,S003,P0368,0,0,263,33,64,54,254.22,20,0,1,295.96,0,10,2025,0
2025-09-05,S014,P0110,2,0,382,115,160,143,462.39,10,1,1,478.36,3,9,2025,0
2024-12-14,S007,P0200,2,4,180,68,124,88,474.54,20,3,0,488.67,0,12,2024,0
2025-10-02,S018,P0053,0,2,71,10,60,23,226.23,10,0,1,249.21,3,10,2025,0
2024-08-30,S018,P0324,2,0,194,108,126,125,875.83,20,2,0,861.39,3,8,2024,0
2025-09-24,S016,P0168,1,3,234,32,63,44,679.75,15,3,1,631.46,3,9,2025,0
2025-05-27,S010,P0469,1,0,168,21,45,35,666.65,15,3,1,647.73,0,5,2025,0
2024-12-19,S011,P0208,0,3,318,42,67,35,355.55,20,0,1,368.87,0,12,2024,0
2025-10-18,S015,P0371,2,1,145,65,133,104,766.15,20,0,0,749.24,2,10,2025,0
2025-05-12,S005,P0170,1,3,468,115,156,121,814.29,10,1,0,837.03,0,5,2025,0
2025-03-05,S006,P0437,3,4,254,106,173,133,60.86,15,1,0,91.4,1,3,2025,0
2024-12-01,S019,P0487,4,0,469,25,67,28,403.43,10,3,1,421.29,3,12,2024,0
2024-08-17,S009,P0389,1,1,360,71,99,82,47.67,0,3,1,3.55,0,8,2024,0
2024-05-26,S018,P0175,1,3,232,77,134,114,475.09,10,2,0,447.23,2,5,2024,0
2024-12-07,S006,P0012,0,2,102,83,117,91,79.62,5,0,1,101.92,3,12,2024,0
2025-02-11,S020,P0256,4,4,424,36,55,39,886.29,0,1,0,843.18,2,2,2025,0
2025-06-17,S017,P0022,0,2,111,88,124,102,996.63,5,3,0,1012.53,3,6,2025,0
2025-01-28,S003,P0271,5,1,44,36,52,38,70.54,10,1,0,49.73,1,1,2025,0
2024-02-25,S016,P0467,4,0,360,28,62,61,634.16,5,3,1,592.88,3,2,2024,0
2024-02-02,S015,P0401,2,4,317,35,82,51,727.62,15,1,0,727.49,0,2,2024,0
2025-04-12,S007,P0129,4,2,213,44,78,56,305.81,20,0,0,344.37,2,4,2025,0
2025-01-01,S020,P0105,4,1,415,99,142,135,116.8,0,0,1,80.77,2,1,2025,0
2024-02-20,S003,P0106,0,2,295,84,128,120,200.22,5,0,0,169.08,0,2,2024,0
2024-01-30,S014,P0008,2,4,257,7,30,6,257.9,15,0,1,221.76,0,1,2024,0
2025-10-09,S004,P0478,2,1,83,100,128,109,816.82,15,1,0,810.52,2,10,2025,1
2025-04-09,S002,P0224,4,1,376,117,173,144,256.76,5,2,1,265.07,0,4,2025,0
2024-06-20,S007,P0233,2,2,361,9,23,9,743.12,10,1,0,743.84,2,6,2024,0
2025-07-03,S019,P0489,0,0,155,72,146,111,606.56,0,0,1,615.73,1,7,2025,0
2025-11-25,S013,P0337,0,1,391,47,113,76,76.55,20,2,0,54.18,0,11,2025,0
2024-05-27,S006,P0156,3,0,141,110,137,137,39.87,0,2,0,86.72,0,5,2024,0
2024-12-04,S020,P0352,0,2,150,68,62,58,507.09,15,3,0,533.3,1,12,2024,0
2025-04-07,S005,P0389,5,1,500,10,86,47,682.28,5,3,1,674.63,3,4,2025,0
2024-02-28,S016,P0124,0,4,428,93,106,102,466.81,0,3,1,499.68,3,2,2024,0
2025-02-27,S005,P0411,5,2,70,33,84,65,22.45,15,2,0,31.19,0,2,2025,0
2025-05-07,S007,P0446,3,0,185,112,144,113,351.86,5,2,0,373.62,0,5,2025,0
2024-04-02,S017,P0036,0,1,201,92,112,85,908.2,15,2,1,910.31,0,4,2024,0
2025-01-08,S019,P0457,0,2,447,58,117,91,90.14,15,1,0,81.6,2,1,2025,0
2025-02-01,S014,P0060,1,3,148,57,87,87,348.22,10,1,0,329.58,1,2,2025,0
2024-07-11,S013,P0311,2,2,115,21,50,27,931.8,20,1,1,896.66,2,7,2024,0
2025-10-18,S013,P0297,2,0,383,59,113,85,847.21,10,0,0,853.01,1,10,2025,0
2024-07-21,S002,P0134,5,3,63,78,109,95,67.87,5,2,1,67.34,2,7,2024,1
2024-12-21,S004,P0069,2,1,436,77,118,113,427.74,5,2,1,401.25,3,12,2024,0
2025-05-14,S008,P0239,5,2,219,31,65,27,99.57,20,0,0,135.8,2,5,2025,0
2025-02-01,S012,P0214,2,3,22,58,107,98,182.04,0,0,0,173.36,1,2,2025,1
2025-01-17,S003,P0001,0,2,220,84,138,120,174.54,20,3,1,176.62,2,1,2025,0
2025-04-25,S015,P0156,5,4,124,7,18,10,315.45,20,1,0,282.86,2,4,2025,0
2025-11-30,S017,P0354,3,2,391,34,95,74,840.66,0,1,1,802.25,1,11,2025,0
2025-11-19,S003,P0288,0,3,380,97,145,124,510.52,15,3,1,557.18,3,11,2025,0
2025-11-02,S007,P0327,2,4,496,25,52,47,471.97,20,2,0,424.97,2,11,2025,0
2025-02-05,S008,P0082,2,1,353,97,145,126,485.36,20,0,0,442.72,3,2,2025,0
2024-07-16,S020,P0143,1,3,122,92,152,113,58.76,5,2,0,75.54,2,7,2024,0
2024-12-19,S011,P0065,5,4,344,93,101,95,663.55,5,0,0,684.6,1,12,2024,0
2024-04-10,S013,P0257,2,0,318,85,99,96,815.16,5,3,0,770.61,3,4,2024,0
2024-05-08,S020,P0150,4,0,378,114,178,153,336.47,10,3,0,371.39,2,5,2024,0
2025-09-05,S003,P0168,1,1,278,35,89,57,900.47,0,2,0,941.16,1,9,2025,0
2025-02-27,S012,P0226,2,1,157,78,88,73,405.96,0,1,1,396.78,2,2,2025,0
2025-12-21,S019,P0342,1,3,432,101,121,115,841.28,10,0,0,856.93,0,12,2025,0
2024-07-13,S014,P0443,2,2,363,114,167,151,742.95,10,1,0,738.75,0,7,2024,0
2025-10-02,S012,P0305,0,4,194,7,48,46,709.96,20,2,1,745.04,2,10,2025,0
2024-08-01,S013,P0414,1,2,308,94,148,125,959.68,20,0,1,985.34,2,8,2024,0
2025-10-14,S014,P0018,5,0,255,8,48,24,115.02,10,2,1,132.16,1,10,2025,0
2024-05-19,S007,P0282,4,2,20,90,89,88,903.36,5,3,1,946.0,3,5,2024,1
2025-08-14,S001,P0103,5,4,336,59,104,74,434.32,5,1,0,428.61,0,8,2025,0
2025-05-30,S004,P0297,5,2,134,119,156,133,426.32,0,0,0,422.32,0,5,2025,0
2025-05-17,S009,P0201,2,3,432,41,80,43,413.96,15,1,1,367.36,1,5,2025,0
2024-09-14,S014,P0458,4,0,391,81,108,71,946.81,10,2,1,923.86,3,9,2024,0
2024-12-28,S004,P0070,4,3,284,69,120,86,133.27,5,2,0,116.32,2,12,2024,0
2024-11-19,S017,P0027,0,2,159,68,139,107,895.64,0,3,0,902.0,1,11,2024,0
2024-05-05,S003,P0470,4,2,445,45,102,73,770.88,0,3,0,724.97,2,5,2024,0
2025-06-15,S016,P0145,3,4,279,45,76,51,446.62,5,1,1,459.7,0,6,2025,0
2024-04-17,S003,P0269,3,3,127,18,77,44,324.78,20,3,1,312.58,3,4,2024,0
2024-12-24,S003,P0054,1,0,170,21,87,53,641.03,5,3,1,626.88,0,12,2024,0
2025-09-07,S010,P0033,3,1,173,115,152,152,582.05,5,2,1,598.23,2,9,2025,0
2024-05-22,S014,P0019,5,4,146,76,128,100,682.59,15,1,0,671.51,3,5,2024,0
2024-07-25,S016,P0282,3,0,419,111,121,120,651.19,20,2,0,662.38,0,7,2024,0
2025-11-16,S008,P0083,5,0,378,88,91,90,532.77,20,1,0,502.43,3,11,2025,0
2024-07-03,S012,P0478,0,0,217,101,130,115,514.7,0,3,0,511.89,3,7,2024,0
2024-08-15,S011,P0225,2,4,134,110,110,106,814.58,20,2,0,806.08,3,8,2024,0
2025-08-30,S008,P0031,3,0,89,95,170,135,557.15,5,2,0,583.47,1,8,2025,1
2024-10-03,S001,P0108,2,2,37,50,111,72,754.88,5,2,0,728.7,1,10,2024,1
2025-06-26,S006,P0194,0,1,266,19,57,47,273.63,20,2,1,270.84,2,6,2025,0
2025-02-18,S010,P0162,3,4,164,78,124,94,948.55,10,0,1,908.02,0,2,2025,0
2025-03-30,S014,P0336,4,0,388,43,85,52,536.53,10,3,1,500.48,0,3,2025,0
2024-04-16,S008,P0279,0,2,410,18,35,15,738.46,15,0,0,777.78,1,4,2024,0
2024-10-20,S018,P0005,4,0,396,58,81,79,652.52,0,1,1,668.62,3,10,2024,0
2025-08-19,S011,P0261,2,2,134,38,75,55,705.52,5,1,0,731.46,0,8,2025,0
2025-01-20,S010,P0320,0,3,123,93,111,98,779.65,20,0,0,744.72,1,1,2025,0
2024-02-24,S005,P0207,3,0,193,14,45,24,725.24,20,3,1,769.1,2,2,2024,0
2024-10-02,S013,P0396,3,0,366,99,127,98,97.79,0,2,0,114.3,0,10,2024,0
2025-05-07,S018,P0177,5,1,233,97,111,98,636.27,0,2,0,607.18,2,5,2025,0
2025-02-27,S019,P0488,0,2,289,17,55,43,918.83,20,1,1,884.33,2,2,2025,0
2025-06-06,S009,P0445,5,2,405,94,109,84,193.58,5,0,0,212.1,0,6,2025,0
2025-01-11,S008,P0044,0,2,162,13,76,37,172.54,20,3,1,212.29,0,1,2025,0
2025-02-15,S011,P0342,0,0,135,8,20,10,510.04,15,3,0,507.52,1,2,2025,0
2025-08-16,S017,P0300,5,4,436,101,149,125,366.69,0,1,1,359.35,2,8,2025,0
2024-05-31,S018,P0209,4,1,419,99,162,139,69.09,15,2,0,36.35,2,5,2024,0
2024-11-01,S001,P0296,3,1,244,54,80,47,825.77,20,2,1,793.25,0,11,2024,0
2025-02-08,S008,P0009,4,1,259,117,162,149,399.0,0,2,1,388.66,3,2,2025,0
2025-04-25,S007,P0359,2,1,100,100,124,115,519.01,0,3,0,492.57,1,4,2025,1
2024-10-15,S008,P0440,5,2,312,15,50,45,438.78,5,1,1,414.19,3,10,2024,0
2025-12-31,S005,P0269,0,1,373,17,57,31,242.52,15,0,0,235.67,3,12,2025,0
2024-10-24,S013,P0078,3,0,404,5,69,29,337.98,20,0,1,379.36,3,10,2024,0
2025-10-11,S014,P0383,1,2,20,70,112,79,432.72,0,1,0,420.98,3,10,2025,1
2024-10-30,S011,P0103,4,0,234,80,111,71,112.86,10,3,0,124.11,2,10,2024,0
2024-11-15,S010,P0164,2,3,162,14,31,5,394.97,15,1,1,399.54,1,11,2024,0
2024-12-23,S019,P0100,0,1,48,116,134,117,161.35,5,0,1,188.77,1,12,2024,1
2024-03-19,S012,P0013,3,3,429,13,44,44,690.15,5,3,0,701.8,3,3,2024,0
2025-03-11,S007,P0398,1,4,242,61,73,57,545.48,5,3,0,588.49,1,3,2025,0
2025-08-11,S018,P0356,3,1,409,45,73,57,738.19,0,1,1,705.26,3,8,2025,0
2024-07-03,S019,P0441,5,1,279,90,119,115,362.97,5,1,1,317.73,1,7,2024,0
2025-02-05,S002,P0436,0,2,300,5,12,2,422.88,15,2,1,389.5,2,2,2025,0
2024-10-12,S008,P0419,5,3,403,81,89,75,888.53,10,0,1,862.39,2,10,2024,0
2025-05-13,S017,P0492,0,1,148,81,105,96,790.44,5,3,1,796.56,1,5,2025,0
2025-10-19,S018,P0388,0,0,221,50,69,56,600.16,20,3,1,576.76,2,10,2025,0
2024-01-27,S008,P0425,3,0,287,57,103,87,822.92,10,3,0,828.58,3,1,2024,0
2024-12-06,S001,P0429,0,2,49,101,140,108,856.39,0,1,1,839.85,1,12,2024,1
2025-05-14,S016,P0294,5,3,107,18,50,11,61.47,10,3,1,40.36,1,5,2025,0
2024-05-07,S017,P0348,4,1,268,37,72,72,39.27,10,2,0,24.92,1,5,2024,0
2024-08-01,S001,P0227,3,3,265,42,98,81,602.89,15,2,0,590.59,3,8,2024,0
2024-10-26,S004,P0279,1,3,455,117,187,157,270.68,5,2,1,221.35,2,10,2024,0
2024-12-30,S001,P0157,3,0,450,114,146,112,681.6,20,1,0,694.11,3,12,2024,0
2025-02-15,S015,P0192,3,4,29,22,75,37,776.41,10,2,0,774.73,3,2,2025,1
2024-08-10,S015,P0162,3,1,361,99,122,95,204.34,15,3,1,206.66,0,8,2024,0
2024-09-06,S020,P0113,1,3,269,54,71,61,613.72,20,0,1,586.72,0,9,2024,0
2024-05-18,S007,P0093,4,0,399,94,111,109,526.7,20,2,1,574.87,0,5,2024,0
2025-12-22,S010,P0234,0,1,462,8,8,3,261.42,20,2,1,260.3,1,12,2025,0
2025-04-19,S014,P0235,4,2,38,40,115,78,953.24,0,0,0,960.83,1,4,2025,1
2024-12-10,S002,P0340,3,1,314,66,98,84,613.5,0,3,0,641.48,1,12,2024,0
2024-07-29,S002,P0266,5,2,485,119,168,134,904.9,20,0,1,864.56,1,7,2024,0
2024-11-17,S006,P0413,1,0,239,84,131,114,891.5,0,2,0,888.88,3,11,2024,0
2025-11-24,S006,P0119,2,3,388,59,122,85,109.86,10,0,1,110.49,3,11,2025,0
2024-02-02,S004,P0482,3,4,155,73,112,84,996.76,15,0,0,991.69,2,2,2024,0
2025-07-16,S006,P0435,2,0,445,13,47,38,842.61,20,0,1,876.62,0,7,2025,0
2025-08-14,S010,P0052,5,1,364,79,112,73,880.39,0,0,0,894.21,2,8,2025,0
2025-04-21,S017,P0165,0,0,385,34,44,27,222.36,15,2,0,192.68,3,4,2025,0
2025-05-19,S004,P0139,5,1,440,20,76,37,836.26,10,3,1,841.0,3,5,2025,0
2024-10-05,S004,P0027,5,4,38,105,146,123,416.19,5,0,1,390.03,1,10,2024,1
2025-09-13,S018,P0258,5,1,268,25,78,52,528.81,5,0,1,496.46,1,9,2025,0
2024-07-30,S020,P0077,0,2,400,39,82,45,714.07,20,2,1,746.35,1,7,2024,0
2025-02-21,S015,P0429,4,3,343,110,137,120,450.9,10,2,1,451.77,3,2,2025,0
2025-12-18,S014,P0355,2,4,185,29,65,56,361.06,20,3,0,316.57,2,12,2025,0
2025-02-14,S009,P0032,3,1,21,103,139,133,480.71,5,2,1,500.77,3,2,2025,1
2024-10-27,S005,P0246,1,4,81,30,52,26,685.26,15,3,1,681.74,1,10,2024,0
2025-08-12,S011,P0005,2,1,381,99,162,133,111.56,15,1,0,82.86,2,8,2025,0
2025-08-06,S016,P0466,5,4,388,82,91,73,218.55,20,2,0,231.46,2,8,2025,0
2024-06-20,S003,P0203,5,3,454,118,138,136,152.4,10,3,0,133.6,0,6,2024,0
2025-03-07,S013,P0414,2,0,159,118,146,138,342.11,0,1,1,374.73,2,3,2025,0
2025-03-22,S006,P0202,1,3,337,7,28,22,327.07,10,0,1,280.35,1,3,2025,0
2024-08-19,S014,P0197,2,4,67,115,122,113,795.03,0,2,0,826.58,0,8,2024,1
2025-11-02,S004,P0355,2,0,22,46,90,50,186.97,5,0,1,199.69,0,11,2025,1
2024-08-17,S001,P0188,4,2,379,26,75,48,914.35,15,1,1,919.36,0,8,2024,0
2025-04-08,S018,P0198,0,1,134,28,39,25,384.38,15,0,0,420.11,2,4,2025,0
2025-02-22,S016,P0005,0,3,76,45,43,42,446.06,10,0,1,462.62,1,2,2025,0
2025-06-28,S019,P0299,5,0,272,118,143,125,101.68,5,2,1,86.05,0,6,2025,0
2025-07-28,S013,P0332,3,1,223,81,105,80,254.04,15,0,1,206.54,0,7,2025,0
2024-03-30,S012,P0039,4,3,267,107,182,145,873.83,15,2,0,893.31,0,3,2024,0
2024-08-11,S009,P0414,0,0,54,111,141,112,804.59,10,3,1,831.11,1,8,2024,1
2025-03-09,S013,P0142,5,4,372,25,34,22,938.54,15,3,0,964.87,2,3,2025,0
2025-12-17,S009,P0463,2,2,431,60,120,99,255.78,5,3,1,218.53,3,12,2025,0
2024-10-03,S018,P0275,0,2,290,93,99,89,587.03,15,0,1,544.26,1,10,2024,0
2024-11-05,S016,P0387,4,3,303,90,135,128,811.4,15,3,1,812.93,3,11,2024,0
2024-11-27,S017,P0022,4,2,283,74,139,101,873.9,10,0,1,909.18,2,11,2024,0
2024-08-09,S004,P0356,5,2,164,96,108,87,994.03,20,0,0,1027.91,2,8,2024,0
2024-12-15,S006,P0493,1,3,348,71,134,107,812.26,20,3,1,821.29,1,12,2024,0
2025-12-19,S003,P0083,0,4,232,77,112,86,31.82,5,2,0,77.9,0,12,2025,0
2024-05-27,S006,P0027,2,1,278,19,40,18,570.32,5,0,0,559.97,3,5,2024,0
2024-06-25,S009,P0382,2,1,219,5,41,32,10.48,5,2,0,-31.62,1,6,2024,0
2024-05-02,S007,P0012,0,0,408,58,95,73,496.06,20,0,1,509.23,0,5,2024,0
2024-08-28,S012,P0021,4,4,494,69,120,95,297.79,0,1,0,287.58,2,8,2024,0
2024-05-13,S018,P0470,2,4,413,21,26,25,477.05,5,0,1,526.37,2,5,2024,0
2025-02-27,S011,P0279,2,2,70,119,158,122,370.43,10,3,0,369.43,2,2,2025,1
2025-08-13,S009,P0431,3,4,145,44,69,36,227.06,10,0,1,240.41,2,8,2025,0
2024-01-16,S020,P0213,3,4,241,83,120,97,387.08,5,2,1,354.86,2,1,2024,0
2024-09-02,S009,P0063,4,3,232,73,83,78,808.14,15,0,0,792.19,1,9,2024,0
2025-07-28,S001,P0046,2,4,440,100,141,139,169.39,5,3,1,208.79,1,7,2025,0
2024-05-13,S019,P0147,0,4,308,42,56,55,142.18,15,1,0,158.23,2,5,2024,0
2024-10-11,S007,P0096,3,2,68,117,166,148,699.55,20,2,0,656.87,1,10,2024,1
2025-08-09,S005,P0385,1,2,346,11,55,28,643.33,10,3,1,640.4,0,8,2025,0
2024-01-02,S006,P0202,1,2,302,34,72,56,254.43,15,2,0,289.05,1,1,2024,0
2025-09-27,S011,P0109,4,3,405,49,94,80,196.51,10,1,1,160.76,0,9,2025,0
2024-05-11,S009,P0186,2,1,204,118,187,156,482.12,5,3,1,477.72,3,5,2024,0
2025-11-05,S010,P0270,0,4,431,71,116,94,194.83,0,3,1,238.4,1,11,2025,0
2024-07-13,S017,P0448,0,3,291,34,86,61,714.39,20,3,0,713.31,1,7,2024,0
2024-12-05,S017,P0406,4,1,480,93,160,123,774.14,5,2,0,760.99,3,12,2024,0
2025-01-27,S008,P0067,5,2,315,94,145,130,685.64,5,1,0,688.26,0,1,2025,0
2025-02-21,S015,P0331,2,0,61,114,160,130,596.13,10,3,0,587.28,2,2,2025,1
2025-02-28,S011,P0403,4,3,402,15,55,19,332.31,10,3,1,360.34,0,2,2025,0
2025-03-24,S009,P0236,3,4,108,34,85,64,961.62,0,2,0,920.36,2,3,2025,0
2025-02-14,S019,P0484,4,4,365,30,89,52,385.28,10,2,1,364.49,1,2,2025,0
2025-07-21,S004,P0012,1,2,341,85,92,84,30.12,20,0,1,51.93,1,7,2025,0
2025-11-14,S011,P0301,0,2,233,81,99,74,190.38,0,0,1,172.56,1,11,2025,0
2025-03-31,S009,P0324,0,0,70,85,119,119,667.16,0,2,1,617.32,0,3,2025,1
2024-06-09,S014,P0179,5,3,357,27,65,47,877.8,20,0,1,923.66,3,6,2024,0
2024-12-19,S007,P0443,0,3,78,63,97,60,470.1,10,1,0,426.49,2,12,2024,0
2025-03-18,S009,P0463,5,3,257,52,113,85,683.05,15,2,0,677.48,1,3,2025,0
2024-11-26,S003,P0132,1,4,44,31,67,63,18.98,20,2,1,12.74,2,11,2024,1
2025-06-06,S016,P0432,0,4,35,105,126,121,940.97,20,2,0,950.6,1,6,2025,1
2025-11-15,S008,P0189,2,4,159,65,69,64,464.87,5,1,1,443.85,2,11,2025,0
2024-06-06,S005,P0453,0,1,198,101,127,103,930.93,20,2,0,918.1,1,6,2024,0
2024-07-30,S016,P0091,4,3,183,98,118,88,969.89,0,0,0,994.5,1,7,2024,0
2024-10-01,S020,P0358,5,0,391,58,99,95,191.58,15,1,0,150.4,2,10,2024,0
2024-04-19,S010,P0131,3,0,414,78,104,93,862.03,15,3,0,845.4,3,4,2024,0
2025-10-06,S001,P0032,5,4,329,112,148,123,889.79,15,1,0,861.56,2,10,2025,0
2025-12-29,S002,P0229,4,4,493,20,63,60,365.12,0,3,0,354.0,3,12,2025,0
2024-04-02,S016,P0384,5,3,124,99,153,130,767.5,5,2,0,804.86,2,4,2024,1
2025-05-09,S015,P0241,5,2,492,85,123,85,323.73,20,0,0,312.99,0,5,2025,0
2025-06-13,S020,P0197,4,0,323,79,116,114,479.46,5,3,0,498.8,0,6,2025,0
2025-12-21,S007,P0398,5,2,301,28,48,48,59.13,5,1,1,66.52,1,12,2025,0
2025-06-05,S014,P0389,4,0,312,29,65,49,426.49,5,0,1,382.92,0,6,2025,0
2025-05-26,S006,P0359,5,1,266,15,57,49,744.43,0,3,0,747.06,1,5,2025,0
2024-03-28,S008,P0355,0,1,262,60,115,92,342.64,20,1,0,308.29,1,3,2024,0
2025-11-15,S018,P0399,5,3,33,116,145,133,15.68,5,1,1,42.46,0,11,2025,1
2024-05-27,S007,P0180,4,4,298,114,165,132,616.34,0,0,0,603.8,2,5,2024,0
2025-02-24,S011,P0018,2,3,289,90,130,99,273.42,10,1,1,291.01,3,2,2025,0
2024-05-05,S016,P0162,2,1,301,50,89,86,531.07,0,0,1,574.53,0,5,2024,0
2025-07-09,S018,P0456,5,4,76,88,98,78,534.48,0,2,0,484.63,0,7,2025,1
2024-09-16,S018,P0489,2,4,275,60,92,55,220.02,20,1,0,251.15,0,9,2024,0
2025-02-01,S019,P0210,3,3,410,47,66,52,241.63,15,2,1,235.9,2,2,2025,0
2025-12-10,S006,P0112,2,1,240,119,151,119,123.3,0,1,0,107.79,2,12,2025,0
2024-10-22,S001,P0130,2,3,180,11,31,21,124.15,10,2,1,75.02,1,10,2024,0
2025-10-18,S016,P0231,3,4,308,59,97,59,85.27,10,2,1,130.22,0,10,2025,0
2025-08-17,S008,P0200,2,1,78,82,112,107,444.69,10,1,0,443.16,0,8,2025,1
2025-06-20,S012,P0232,1,3,250,108,149,117,750.03,10,3,0,790.35,0,6,2025,0
2024-09-27,S019,P0164,3,1,425,97,149,125,73.87,15,2,0,48.19,1,9,2024,0
2025-05-03,S017,P0141,4,4,267,40,73,45,643.81,0,2,0,607.97,1,5,2025,0
2024-03-15,S016,P0171,0,4,422,114,148,143,928.5,20,1,1,961.76,2,3,2024,0
2025-08-31,S011,P0147,0,2,40,86,126,125,918.96,10,2,1,927.88,1,8,2025,1
2024-11-25,S008,P0142,0,3,301,51,61,59,329.29,20,0,0,286.01,2,11,2024,0
2025-11-04,S008,P0481,1,4,398,116,142,136,980.87,5,0,1,991.88,2,11,2025,0
2025-01-15,S019,P0344,4,2,469,106,131,108,616.41,15,2,1,597.79,2,1,2025,0
2025-12-21,S011,P0325,2,0,81,81,96,96,530.09,20,1,0,528.97,2,12,2025,1
2025-04-21,S019,P0329,4,3,456,59,67,64,592.11,15,2,0,587.68,1,4,2025,0
2024-01-28,S011,P0500,1,2,311,68,136,100,995.81,20,0,0,1026.85,0,1,2024,0
2025-11-08,S001,P0352,1,2,43,61,104,96,604.6,5,2,1,649.12,2,11,2025,1
2025-12-07,S013,P0122,1,1,95,56,77,68,454.15,5,0,1,438.71,0,12,2025,0
2025-03-11,S015,P0085,0,1,275,20,43,14,447.66,5,3,0,456.07,3,3,2025,0
2025-06-02,S018,P0413,1,1,363,69,78,78,499.9,10,1,0,526.38,0,6,2025,0
2025-09-25,S002,P0394,2,2,340,66,92,65,526.36,20,0,1,570.92,2,9,2025,0
2024-02-16,S011,P0199,4,3,229,82,126,98,189.86,5,2,1,193.33,2,2,2024,0
2025-05-10,S004,P0148,5,0,462,71,96,82,455.3,20,1,0,482.39,3,5,2025,0
2024-08-16,S019,P0019,4,1,262,18,53,38,12.5,15,1,1,31.35,1,8,2024,0
2025-07-26,S017,P0476,1,4,153,92,127,114,978.0,15,2,1,1005.84,2,7,2025,0
2025-07-02,S012,P0479,0,0,222,59,96,70,55.47,15,0,0,52.95,2,7,2025,0
2024-11-30,S005,P0182,1,1,168,17,27,7,944.01,15,3,1,942.15,0,11,2024,0
2025-12-05,S001,P0322,4,1,442,107,178,144,654.48,20,0,0,659.29,2,12,2025,0
2024-08-04,S002,P0270,1,3,195,67,107,89,758.51,15,0,1,771.44,3,8,2024,0
2024-10-20,S004,P0208,2,2,63,52,74,45,737.79,10,3,0,745.78,3,10,2024,0
2024-03-29,S010,P0009,5,1,195,86,139,99,388.58,15,2,0,347.51,3,3,2024,0
2024-02-13,S018,P0301,3,3,41,116,146,125,556.48,0,2,1,601.38,1,2,2024,1
2025-08-07,S011,P0224,5,1,338,92,108,84,317.07,10,3,1,329.45,1,8,2025,0
2024-08-04,S011,P0395,4,2,307,32,65,47,492.37,5,2,1,472.81,2,8,2024,0
2024-08-29,S020,P0323,5,4,198,13,71,53,872.47,5,2,1,848.53,3,8,2024,0
2024-02-11,S018,P0445,4,4,393,9,37,15,219.6,20,2,1,171.42,0,2,2024,0
2024-04-16,S019,P0258,2,3,174,6,75,39,382.71,15,3,0,337.8,3,4,2024,0
2025-08-27,S001,P0118,5,0,276,19,60,34,959.65,20,0,0,919.91,3,8,2025,0
2025-11-26,S009,P0475,2,4,112,75,94,71,64.1,15,1,0,39.34,1,11,2025,0
2024-08-25,S019,P0257,2,4,77,24,50,36,427.49,5,1,1,421.63,0,8,2024,0
2025-05-25,S002,P0285,1,0,425,100,167,130,942.4,15,2,1,920.41,1,5,2025,0
2024-08-25,S002,P0458,0,3,353,33,49,28,776.27,0,2,1,819.55,0,8,2024,0
2024-09-15,S004,P0190,3,4,249,16,53,32,46.52,10,0,0,22.77,0,9,2024,0
2025-11-29,S010,P0373,0,1,357,69,146,106,152.0,15,3,1,175.85,2,11,2025,0
2025-04-19,S020,P0097,4,3,305,10,54,16,510.92,15,2,1,474.42,1,4,2025,0
2024-11-29,S016,P0145,5,2,396,26,46,35,818.58,15,0,0,768.82,0,11,2024,0
2024-10-03,S010,P0080,0,1,21,106,133,106,696.85,5,0,0,682.08,3,10,2024,1
2025-07-24,S004,P0442,5,1,121,23,49,40,832.81,5,0,1,836.15,3,7,2025,0
2025-08-12,S016,P0174,1,1,361,50,65,57,872.03,10,2,1,899.3,0,8,2025,0
2025-10-24,S013,P0097,3,1,468,72,73,73,444.22,15,3,1,401.4,2,10,2025,0
2025-05-15,S008,P0125,3,4,291,18,69,54,159.93,15,1,0,125.77,1,5,2025,0
2025-03-15,S004,P0298,5,1,244,42,98,59,342.39,20,2,0,371.74,1,3,2025,0
2024-10-28,S003,P0104,2,4,318,92,127,91,296.63,20,0,0,307.69,2,10,2024,0
2025-02-16,S011,P0118,2,4,229,69,113,75,964.3,0,2,1,1005.28,2,2,2025,0
2024-02-02,S016,P0231,4,2,117,14,36,29,902.92,5,0,1,940.35,0,2,2024,0
2024-02-12,S011,P0408,5,2,488,31,90,56,229.39,5,3,1,189.57,1,2,2024,0
2025-02-16,S004,P0447,4,3,163,74,74,64,257.04,5,0,1,260.81,3,2,2025,0
2024-04-22,S012,P0249,3,1,201,40,94,79,567.73,20,3,0,608.64,3,4,2024,0
2024-01-23,S008,P0367,2,1,364,53,119,92,22.19,15,3,0,56.79,1,1,2024,0
2024-02-08,S016,P0283,5,0,92,57,99,88,811.64,10,1,1,847.92,0,2,2024,0
2024-04-17,S004,P0483,3,1,346,105,139,130,870.14,15,3,0,916.31,2,4,2024,0
2024-03-07,S019,P0255,5,2,50,72,82,80,86.61,15,2,1,121.05,3,3,2024,1
2024-02-08,S014,P0478,0,2,308,83,125,103,192.1,15,1,0,195.2,3,2,2024,0
2025-02-04,S008,P0242,3,2,305,108,151,141,122.57,0,2,1,116.82,0,2,2025,0
2024-07-21,S002,P0175,5,4,316,7,48,9,19.91,5,1,0,-27.47,3,7,2024,0
2025-05-08,S015,P0320,4,0,23,85,104,86,497.51,20,1,1,530.04,2,5,2025,1
2024-06-21,S007,P0089,3,0,256,34,65,58,890.86,5,2,1,856.13,0,6,2024,0
2024-09-19,S010,P0251,0,1,39,19,64,27,674.06,5,1,1,679.13,1,9,2024,0
2024-11-14,S019,P0089,5,1,204,81,117,88,550.62,0,2,1,548.18,1,11,2024,0
2025-02-24,S012,P0332,1,1,326,111,149,134,483.26,10,0,1,469.21,1,2,2025,0
2025-01-04,S002,P0375,3,2,39,6,74,43,750.2,0,2,1,761.91,3,1,2025,1
2025-10-07,S001,P0145,3,3,469,14,68,54,768.23,20,1,1,788.89,0,10,2025,0
2025-11-20,S013,P0016,1,0,235,79,111,95,28.2,0,1,1,-13.46,0,11,2025,0
2024-07-09,S019,P0107,1,4,23,113,140,130,986.36,15,0,1,941.82,1,7,2024,1
2025-02-12,S018,P0489,3,3,448,34,45,38,385.35,10,3,1,340.6,3,2,2025,0
2025-05-01,S015,P0472,5,1,63,93,118,111,606.04,20,3,0,585.55,3,5,2025,1
2025-09-10,S001,P0003,0,4,360,86,135,112,38.55,0,2,1,48.35,0,9,2025,0
2024-06-10,S014,P0123,0,3,430,58,85,62,602.12,0,0,1,599.3,2,6,2024,0
2025-10-29,S013,P0246,1,2,34,24,70,59,808.22,20,2,0,836.56,0,10,2025,1
2025-03-09,S015,P0226,2,1,31,26,71,34,175.93,5,3,0,162.56,3,3,2025,1
2025-01-11,S020,P0477,4,4,261,15,57,36,199.73,5,0,1,221.07,1,1,2025,0
2024-05-04,S004,P0206,5,0,181,72,124,91,628.2,20,1,1,637.68,1,5,2024,0
2024-04-18,S004,P0081,0,0,182,115,117,112,76.02,5,0,0,98.35,0,4,2024,0
2025-03-02,S009,P0048,4,2,245,32,39,26,449.23,15,2,0,488.8,0,3,2025,0
2024-11-13,S001,P0099,0,2,483,45,79,76,547.32,15,3,1,571.35,1,11,2024,0
2025-02-16,S002,P0059,1,3,472,16,36,35,393.08,5,2,1,408.11,2,2,2025,0
2024-04-02,S011,P0241,4,4,360,71,106,101,460.53,0,0,0,504.28,0,4,2024,0
2024-01-13,S005,P0400,2,2,35,13,43,39,669.05,10,2,1,648.13,0,1,2024,1
2024-03-17,S003,P0429,1,1,82,58,78,65,278.52,5,2,0,258.82,0,3,2024,0
2025-11-05,S008,P0488,1,4,222,60,76,59,910.48,20,0,1,875.07,3,11,2025,0
2024-03-22,S020,P0415,0,2,236,70,101,76,64.27,20,0,1,94.94,2,3,2024,0
2024-10-12,S016,P0147,2,1,490,93,135,110,325.42,0,0,1,359.97,2,10,2024,0
2024-04-10,S011,P0331,0,2,241,101,145,108,794.59,0,3,1,787.6,1,4,2024,0
2025-10-30,S001,P0485,2,0,73,33,82,64,644.36,5,3,0,657.63,1,10,2025,0
2025-08-13,S018,P0410,4,3,447,92,149,129,458.34,15,3,0,413.69,3,8,2025,0
2025-12-13,S016,P0124,3,1,364,46,93,76,642.34,15,1,0,622.98,1,12,2025,0
2024-09-11,S012,P0080,0,3,241,102,160,130,44.08,15,3,0,44.28,0,9,2024,0
2024-02-19,S004,P0266,0,0,150,5,81,45,222.12,0,2,0,180.38,0,2,2024,0
2025-10-21,S012,P0017,4,1,29,99,150,128,177.46,0,2,1,160.22,3,10,2025,1
2025-06-27,S007,P0380,4,0,156,62,107,98,396.67,20,1,0,351.63,3,6,2025,0
2025-03-12,S013,P0091,5,4,345,17,50,12,352.87,10,3,1,306.39,1,3,2025,0
2025-05-29,S019,P0171,4,3,429,30,32,25,158.59,0,1,1,154.62,2,5,2025,0
2024-09-04,S007,P0266,0,4,61,28,63,39,491.19,5,3,0,475.81,2,9,2024,0
2025-12-06,S016,P0335,5,4,255,94,107,91,101.01,10,1,1,130.13,2,12,2025,0
2024-11-19,S004,P0347,0,3,353,67,102,71,864.29,5,3,0,905.11,2,11,2024,0
2024-02-05,S015,P0034,4,0,244,81,116,86,268.29,10,0,1,283.24,0,2,2024,0
2024-02-21,S001,P0443,4,1,460,89,136,100,144.58,10,0,0,117.2,1,2,2024,0
2025-09-14,S015,P0300,0,4,429,95,137,123,401.43,5,1,1,400.29,3,9,2025,0
2025-03-08,S004,P0053,5,2,368,105,107,99,587.17,0,1,1,561.11,3,3,2025,0
2024-04-19,S009,P0208,4,1,35,65,88,76,379.23,0,0,1,347.04,2,4,2024,1
2024-08-04,S018,P0248,3,0,91,110,154,146,189.55,5,0,0,230.18,3,8,2024,1
2025-08-12,S012,P0288,2,0,175,31,64,58,256.07,0,1,0,304.47,2,8,2025,0
2024-05-06,S017,P0004,4,0,135,19,71,36,193.95,15,1,0,208.9,3,5,2024,0
2025-01-16,S020,P0279,4,3,74,84,92,88,926.15,20,3,1,906.31,1,1,2025,1
2025-10-15,S007,P0229,1,1,162,88,120,106,548.29,0,0,0,520.62,2,10,2025,0
2024-11-09,S001,P0008,0,3,451,51,80,61,40.86,15,0,0,79.09,2,11,2024,0
2024-07-28,S018,P0416,3,0,489,38,69,63,670.46,20,1,0,623.2,3,7,2024,0
2024-05-19,S011,P0264,2,1,393,73,111,80,486.43,20,1,0,512.81,3,5,2024,0
2025-01-15,S002,P0229,1,4,238,103,117,111,327.92,5,2,0,299.56,1,1,2025,0
2024-03-03,S019,P0404,1,4,350,118,175,150,221.03,5,3,1,180.09,0,3,2024,0
2024-12-11,S007,P0131,5,2,400,33,62,24,252.45,5,1,0,275.09,1,12,2024,0
2025-09-29,S004,P0416,4,0,59,64,67,54,490.79,5,1,1,443.54,3,9,2025,0
2024-10-20,S013,P0094,0,4,490,52,83,75,54.63,5,0,1,85.28,0,10,2024,0
2025-03-17,S014,P0484,0,3,306,39,74,59,155.96,10,3,0,112.02,2,3,2025,0
2025-01-28,S006,P0465,5,2,433,61,130,90,128.45,0,0,0,159.89,3,1,2025,0
2024-08-27,S020,P0386,2,0,180,94,148,128,21.06,20,0,0,-19.07,0,8,2024,0
2025-03-21,S006,P0018,0,1,187,95,147,113,781.99,15,3,0,758.34,3,3,2025,0
2025-01-13,S006,P0025,1,4,492,93,145,125,425.63,10,2,0,376.59,2,1,2025,0
2024-02-06,S002,P0179,5,0,493,8,16,2,885.42,0,3,0,865.74,1,2,2024,0
2024-01-20,S009,P0003,1,2,312,14,37,20,953.9,10,3,0,934.83,3,1,2024,0
2024-01-24,S013,P0271,3,1,169,96,128,112,850.76,10,2,0,863.09,2,1,2024,0
2025-01-04,S013,P0218,3,1,228,7,50,15,585.15,5,2,0,621.12,3,1,2025,0
2024-03-26,S017,P0058,3,2,118,72,94,64,606.41,0,2,0,565.33,2,3,2024,0
2025-11-28,S020,P0012,0,3,356,52,80,45,678.29,10,3,0,684.9,3,11,2025,0
2025-03-25,S016,P0487,2,4,464,112,137,106,264.16,15,1,1,282.54,3,3,2025,0
2025-12-08,S013,P0242,1,3,477,34,83,73,703.58,0,0,0,711.97,1,12,2025,0
2024-04-12,S012,P0390,5,0,231,70,94,76,285.28,20,1,0,277.22,0,4,2024,0
2024-03-27,S008,P0443,2,3,360,74,89,78,513.4,0,0,0,550.08,1,3,2024,0
2025-12-30,S011,P0295,1,1,324,109,154,144,783.33,15,0,0,808.15,3,12,2025,0
2024-01-06,S013,P0121,4,3,314,89,122,98,346.36,20,0,0,321.87,3,1,2024,0
2025-10-21,S009,P0438,4,4,264,101,136,106,403.32,15,1,0,395.13,3,10,2025,0
2024-11-25,S015,P0063,2,3,147,40,61,39,120.4,0,2,0,155.9,1,11,2024,0
2025-03-21,S020,P0042,4,2,433,63,107,80,697.26,15,1,0,722.61,2,3,2025,0
2025-01-24,S015,P0223,4,4,449,37,56,35,581.1,20,3,0,552.16,1,1,2025,0
2025-04-03,S007,P0408,5,0,183,78,76,75,632.07,15,2,0,655.44,3,4,2025,0
2025-11-08,S004,P0140,1,1,175,114,149,121,482.69,15,2,0,524.36,3,11,2025,0
2024-05-18,S010,P0019,5,0,206,100,96,91,366.38,10,0,0,341.98,0,5,2024,0
2024-05-15,S018,P0138,0,1,209,54,97,84,495.71,10,0,0,539.09,1,5,2024,0
2025-11-20,S011,P0014,4,1,229,31,57,36,692.95,5,1,1,643.27,1,11,2025,0
2024-06-13,S019,P0168,5,0,260,98,126,118,532.69,5,2,1,530.17,0,6,2024,0
2024-06-10,S014,P0416,4,0,396,117,175,148,818.74,0,3,1,792.22,1,6,2024,0
2025-03-21,S010,P0101,5,1,368,117,142,126,545.55,20,3,1,591.79,1,3,2025,0
2025-09-09,S015,P0349,4,1,445,55,78,51,361.34,15,1,0,360.91,1,9,2025,0
2024-04-18,S014,P0298,0,2,235,41,71,67,590.55,15,2,1,559.85,0,4,2024,0
2025-09-13,S020,P0244,4,2,110,49,47,41,394.32,0,2,1,379.19,2,9,2025,0
2024-02-24,S010,P0423,5,0,264,90,83,82,528.65,5,3,1,500.23,2,2,2024,0
2025-05-06,S009,P0320,0,2,173,34,62,35,578.48,5,3,1,604.27,1,5,2025,0
2025-11-19,S006,P0294,0,4,315,86,137,98,617.04,0,0,1,631.53,2,11,2025,0
2024-03-10,S009,P0223,0,0,74,74,108,73,467.53,20,0,1,508.1,3,3,2024,0
2025-10-31,S020,P0488,2,4,94,8,24,10,567.25,0,2,0,616.53,2,10,2025,0
2024-08-10,S010,P0454,3,0,313,42,79,44,678.91,15,0,0,664.63,2,8,2024,0
2025-04-30,S008,P0005,5,3,388,66,90,71,631.53,10,2,0,586.9,2,4,2025,0
2025-12-01,S012,P0024,0,1,425,15,70,34,212.31,0,1,1,202.41,1,12,2025,0
2025-03-30,S017,P0126,5,4,336,82,98,81,863.3,10,1,0,880.86,1,3,2025,0
2025-12-25,S009,P0441,4,2,269,80,117,85,880.89,20,1,0,887.83,1,12,2025,0
2024-06-18,S020,P0043,1,1,279,67,103,87,502.88,20,3,0,491.23,1,6,2024,0
2025-12-22,S013,P0161,3,1,466,114,164,154,600.84,20,3,0,646.56,1,12,2025,0
2024-08-13,S003,P0361,1,4,58,90,115,112,149.32,10,3,1,101.34,2,8,2024,1
2025-09-01,S006,P0217,0,4,417,107,129,114,788.85,5,3,0,784.49,1,9,2025,0
2024-08-15,S003,P0339,1,2,429,50,61,60,88.16,5,3,0,75.16,0,8,2024,0
2025-01-13,S002,P0371,5,2,222,61,70,65,814.49,15,2,0,770.24,2,1,2025,0
2024-04-04,S001,P0095,1,4,483,62,101,75,952.06,15,1,0,1001.95,2,4,2024,0
2024-08-29,S001,P0051,5,1,446,81,141,101,662.38,0,1,0,696.53,2,8,2024,0
2024-03-19,S009,P0008,1,4,443,107,171,132,854.31,5,3,1,899.24,1,3,2024,0
2024-12-08,S011,P0438,1,1,158,113,184,147,432.09,15,1,0,387.39,3,12,2024,0
2024-10-10,S002,P0490,0,1,444,65,64,60,831.75,0,3,1,881.14,0,10,2024,0
2024-09-05,S014,P0030,3,4,492,13,55,48,576.45,10,2,1,587.57,0,9,2024,0
2025-05-21,S017,P0432,0,4,268,82,125,99,59.19,10,1,0,34.86,1,5,2025,0
2024-12-24,S002,P0199,4,1,24,112,129,119,187.67,15,2,1,224.16,1,12,2024,1
2024-12-11,S004,P0154,4,0,456,38,67,34,167.77,15,3,0,128.71,3,12,2024,0
2025-01-12,S016,P0022,4,3,304,7,37,1,504.22,10,2,0,489.63,1,1,2025,0
2024-11-29,S009,P0383,3,0,474,10,33,16,736.78,0,0,1,777.01,1,11,2024,0
2025-05-20,S003,P0169,1,3,424,85,109,76,543.43,10,2,0,578.23,2,5,2025,0
2025-02-24,S014,P0372,4,0,281,37,94,66,52.57,5,3,0,28.05,2,2,2025,0
2024-01-06,S018,P0040,0,3,247,53,119,85,87.81,0,2,0,42.22,1,1,2024,0
2024-06-06,S011,P0129,1,4,363,33,90,61,397.52,0,3,0,415.84,3,6,2024,0
2024-01-30,S004,P0364,5,0,427,68,85,85,89.52,15,3,1,74.31,1,1,2024,0
2025-04-29,S014,P0053,4,4,303,37,70,38,291.11,10,2,0,277.37,3,4,2025,0
2025-03-19,S006,P0284,3,1,239,67,70,65,608.07,5,3,0,637.91,2,3,2025,0
2024-01-11,S006,P0382,0,0,345,80,129,120,119.64,5,2,1,114.89,2,1,2024,0
2025-03-08,S002,P0177,4,0,444,64,74,71,896.35,20,0,0,856.58,1,3,2025,0
2025-10-05,S018,P0015,1,3,469,103,155,118,737.17,20,1,0,786.07,1,10,2025,0
2024-05-12,S018,P0020,3,1,51,73,102,76,105.08,0,2,1,141.05,3,5,2024,1
2025-02-17,S015,P0032,3,1,467,88,91,88,737.87,15,0,0,759.7,3,2,2025,0
2024-11-21,S005,P0294,2,1,83,55,97,73,755.74,15,2,1,776.27,1,11,2024,0
2024-02-25,S007,P0475,3,2,87,104,132,117,981.01,15,1,1,982.35,0,2,2024,1
2024-10-09,S015,P0287,2,3,204,10,36,35,393.34,10,2,1,345.17,2,10,2024,0
2025-10-13,S011,P0277,0,0,475,41,41,38,982.42,0,0,1,976.12,2,10,2025,0
2024-01-28,S014,P0001,5,0,407,5,39,12,71.36,10,2,1,105.01,1,1,2024,0
2024-10-09,S010,P0145,2,0,309,115,163,148,475.61,20,3,0,505.29,2,10,2024,0
2024-02-29,S006,P0435,2,4,154,65,63,55,493.69,20,0,0,501.38,3,2,2024,0
2024-07-11,S004,P0459,4,0,22,92,134,131,327.44,0,0,0,367.15,0,7,2024,1
2024-11-01,S016,P0158,1,4,266,31,87,55,777.05,20,1,1,755.32,0,11,2024,0
2024-01-03,S005,P0493,4,1,247,25,57,37,231.46,0,3,0,218.51,0,1,2024,0
2024-02-27,S015,P0284,4,4,79,29,50,40,260.36,0,0,1,219.55,0,2,2024,0
2024-05-05,S001,P0184,5,2,126,115,151,144,878.47,10,0,1,837.25,2,5,2024,1
2024-01-23,S012,P0035,0,4,385,110,131,100,265.71,0,1,1,313.46,2,1,2024,0
2025-04-29,S019,P0136,2,3,228,94,132,123,786.75,15,2,1,792.93,3,4,2025,0
2025-08-03,S013,P0027,0,4,499,24,80,57,186.39,5,1,0,196.66,3,8,2025,0
2025-03-25,S010,P0316,1,3,61,24,40,33,211.55,5,0,1,222.52,2,3,2025,0
2025-03-16,S012,P0348,5,3,219,79,99,87,436.37,5,3,0,483.16,0,3,2025,0
2025-12-10,S012,P0017,4,0,325,106,136,113,952.8,20,0,1,978.86,0,12,2025,0
2025-01-25,S016,P0450,2,3,379,34,80,74,538.77,20,1,1,543.83,2,1,2025,0
2024-07-22,S017,P0324,3,2,24,40,52,39,248.27,5,2,1,267.42,2,7,2024,1
2024-11-28,S010,P0126,4,4,33,83,128,119,500.7,10,2,0,451.28,0,11,2024,1
2025-04-23,S016,P0376,4,0,40,108,138,129,394.81,5,2,0,391.22,2,4,2025,1
2025-02-27,S002,P0432,4,0,277,8,33,20,971.26,15,1,1,940.61,2,2,2025,0
2024-02-14,S010,P0238,2,2,308,63,59,54,612.62,20,2,0,616.82,3,2,2024,0
2025-06-20,S014,P0430,3,4,374,55,59,53,13.15,20,2,1,29.17,3,6,2025,0
2025-03-09,S017,P0349,4,2,298,78,92,92,23.63,15,1,0,58.98,3,3,2025,0
2024-11-15,S017,P0476,1,4,392,115,138,115,180.14,10,3,0,167.88,2,11,2024,0
2024-06-09,S015,P0005,3,2,343,41,76,37,613.55,15,3,1,662.89,2,6,2024,0
2024-09-27,S009,P0132,4,4,306,97,126,87,550.61,10,3,0,589.11,2,9,2024,0
2024-07-16,S005,P0199,1,3,150,58,118,98,543.79,15,3,1,585.39,3,7,2024,0
2025-11-17,S011,P0473,5,0,278,93,111,84,706.2,15,2,0,685.96,2,11,2025,0
2025-10-17,S006,P0473,5,1,32,72,128,93,18.53,5,1,0,13.04,3,10,2025,1
2024-05-09,S003,P0171,0,4,234,99,155,122,501.53,10,3,1,550.83,1,5,2024,0
2024-07-24,S011,P0199,3,1,385,14,32,22,973.34,0,2,0,1007.41,0,7,2024,0
2024-09-09,S002,P0181,5,0,120,111,139,108,976.27,5,2,0,971.23,1,9,2024,0
2024-05-18,S013,P0130,1,2,36,72,81,81,922.37,15,0,0,924.46,1,5,2024,1
2024-10-28,S011,P0432,2,1,228,54,59,52,603.9,15,1,0,605.0,0,10,2024,0
2025-11-10,S006,P0313,3,0,457,43,58,42,340.76,15,3,0,330.95,2,11,2025,0
2024-05-18,S004,P0161,0,2,387,58,117,78,278.6,15,1,1,295.22,1,5,2024,0
2024-08-26,S007,P0428,4,0,305,57,123,89,530.36,5,2,1,541.97,2,8,2024,0
2025-01-01,S014,P0458,2,2,351,117,150,123,652.69,15,3,1,621.36,0,1,2025,0
2025-02-15,S003,P0362,0,0,210,68,110,75,61.29,10,1,0,31.37,2,2,2025,0
2025-05-07,S003,P0077,2,4,138,85,98,98,651.05,0,0,0,606.28,3,5,2025,0
2025-08-22,S003,P0004,1,0,429,60,72,54,608.82,0,3,0,615.48,1,8,2025,0
2024-12-30,S008,P0020,1,2,447,90,137,117,315.82,10,2,0,359.37,1,12,2024,0
2024-05-13,S001,P0467,5,1,355,99,139,120,863.57,5,1,1,894.01,0,5,2024,0
2025-11-12,S007,P0029,2,3,365,75,133,101,934.6,15,1,1,953.25,1,11,2025,0
2025-02-10,S015,P0031,5,0,211,110,174,149,573.85,0,2,1,528.43,3,2,2025,0
2025-05-21,S001,P0209,0,3,67,32,80,64,10.92,5,1,0,-3.32,1,5,2025,0
2024-09-20,S014,P0345,5,1,145,44,89,70,765.16,15,3,0,749.0,2,9,2024,0
2024-10-18,S017,P0192,5,0,275,118,155,139,88.74,15,0,1,40.23,1,10,2024,0
2024-12-17,S006,P0031,0,2,203,81,146,111,498.61,10,0,0,504.99,2,12,2024,0
2025-06-26,S009,P0374,3,2,397,105,119,105,59.24,0,1,1,49.18,1,6,2025,0
2025-04-13,S010,P0177,5,4,380,40,66,48,234.99,5,2,0,244.3,0,4,2025,0
2025-12-25,S020,P0247,3,0,47,42,91,62,138.18,15,1,0,160.12,3,12,2025,1
2025-07-30,S020,P0294,2,0,427,6,50,22,631.54,0,0,0,583.72,2,7,2025,0
2025-09-20,S005,P0063,3,0,280,26,89,53,255.15,15,1,0,268.76,0,9,2025,0
2025-06-02,S019,P0037,1,1,198,82,105,102,967.84,5,0,0,946.26,3,6,2025,0
2025-01-05,S012,P0493,1,3,412,113,152,136,236.31,10,1,0,275.53,2,1,2025,0
2024-09-28,S014,P0437,5,3,160,12,76,47,694.86,20,3,1,722.08,0,9,2024,0
2025-09-16,S009,P0439,0,0,352,42,67,47,933.63,20,3,0,958.58,2,9,2025,0
2025-12-08,S003,P0094,2,1,392,111,117,108,527.82,0,1,1,541.54,3,12,2025,0
2024-11-23,S015,P0326,2,2,151,38,108,77,974.93,20,2,1,983.29,0,11,2024,0
2024-01-29,S005,P0198,5,3,247,8,60,37,947.53,0,1,0,961.38,1,1,2024,0
2024-07-02,S001,P0491,2,0,497,37,84,72,138.7,10,3,0,134.0,1,7,2024,0
2024-02-11,S011,P0084,5,3,266,70,114,99,446.52,20,2,1,446.4,1,2,2024,0
2025-08-02,S019,P0280,5,3,432,18,60,41,368.33,10,0,0,329.09,2,8,2025,0
2025-06-23,S012,P0054,0,0,104,56,93,55,27.68,15,0,1,58.01,1,6,2025,0
2024-10-17,S008,P0099,3,2,248,114,169,138,958.16,10,2,1,972.44,3,10,2024,0
2025-11-12,S020,P0426,2,2,129,87,127,96,336.17,15,2,0,374.16,0,11,2025,0
2025-10-07,S017,P0218,0,0,45,23,21,20,803.75,0,0,0,770.9,3,10,2025,0
2024-01-06,S002,P0448,5,4,199,20,58,50,942.87,5,1,1,944.14,3,1,2024,0
2024-12-04,S018,P0240,5,0,480,32,77,53,986.41,5,1,0,953.47,0,12,2024,0
2025-11-22,S016,P0163,3,2,451,106,131,120,187.2,20,3,0,204.83,2,11,2025,0
2025-11-15,S001,P0228,0,4,153,102,155,142,543.67,5,1,1,579.59,0,11,2025,0
2025-10-28,S019,P0193,5,1,173,37,106,68,274.98,0,0,0,284.35,2,10,2025,0
2025-10-10,S005,P0393,2,4,154,90,127,92,285.17,20,3,0,329.96,1,10,2025,0
2024-08-22,S004,P0459,4,3,360,86,135,102,338.1,15,0,1,293.98,3,8,2024,0
2024-02-01,S016,P0182,4,2,500,29,58,24,440.22,5,0,0,489.94,0,2,2024,0
2025-02-28,S001,P0496,1,1,239,14,69,43,807.96,15,3,0,826.59,2,2,2025,0
2024-10-05,S011,P0233,2,1,20,103,98,98,987.37,15,2,0,1002.77,1,10,2024,1
2025-10-19,S019,P0330,2,4,453,103,141,118,748.59,5,0,1,771.1,3,10,2025,0
2024-12-11,S002,P0314,0,4,21,60,103,83,618.16,5,1,1,592.29,0,12,2024,1
2025-12-20,S011,P0113,2,3,268,86,103,77,839.48,15,3,0,884.56,2,12,2025,0
2024-10-30,S014,P0077,4,3,104,74,102,102,951.43,20,3,0,908.46,3,10,2024,0
2024-12-26,S004,P0204,4,2,464,12,39,32,860.03,0,1,0,853.21,1,12,2024,0
2024-02-29,S019,P0328,5,4,189,78,88,71,127.23,15,2,0,142.92,2,2,2024,0
2024-04-16,S013,P0345,1,0,324,78,112,86,448.73,20,2,0,491.74,1,4,2024,0
2024-03-11,S017,P0343,2,0,461,24,61,23,864.19,20,0,0,836.09,1,3,2024,0
2025-07-30,S020,P0207,4,4,296,70,101,92,263.41,5,2,1,258.94,1,7,2025,0
2024-09-16,S015,P0034,0,1,491,69,84,70,22.09,0,2,0,29.08,0,9,2024,0
2024-01-17,S003,P0034,0,4,79,108,123,110,390.8,5,2,1,413.48,0,1,2024,1
2024-01-19,S020,P0329,1,3,294,25,60,49,947.97,15,2,1,928.83,1,1,2024,0
2024-11-29,S012,P0465,4,4,48,77,124,84,175.99,5,1,0,192.06,3,11,2024,1
2024-08-16,S003,P0364,3,4,80,117,187,148,72.11,0,3,1,73.38,0,8,2024,1
2025-03-26,S002,P0395,0,0,324,11,47,20,736.32,10,3,0,746.16,3,3,2025,0
2025-09-11,S003,P0444,5,2,409,33,78,62,908.71,15,1,0,914.68,3,9,2025,0
2024-01-22,S010,P0158,1,4,339,69,89,86,644.09,20,2,0,601.35,3,1,2024,0
2024-04-15,S001,P0210,2,2,264,102,130,121,836.91,10,3,0,803.23,0,4,2024,0
2025-07-21,S019,P0500,5,1,98,40,73,73,262.4,15,2,1,260.85,0,7,2025,0
2024-01-07,S017,P0443,2,2,37,34,39,27,92.68,0,2,0,117.32,1,1,2024,0
2024-07-01,S004,P0313,0,0,415,24,76,57,614.67,15,0,1,606.6,2,7,2024,0
2025-01-06,S013,P0119,3,1,58,81,109,107,91.92,5,1,1,128.01,1,1,2025,1
2025-05-12,S006,P0217,4,3,377,102,125,122,536.19,20,1,0,516.78,0,5,2025,0
2024-09-27,S017,P0325,1,2,121,93,116,100,542.83,5,3,0,501.97,0,9,2024,0
2025-05-03,S004,P0108,4,0,227,82,95,89,675.48,10,0,0,712.49,2,5,2025,0
2024-06-09,S008,P0061,2,1,483,31,74,51,23.79,5,1,0,34.77,2,6,2024,0
2025-11-28,S007,P0292,0,4,387,33,49,32,242.38,5,2,0,201.98,1,11,2025,0
2024-06-18,S014,P0364,0,1,302,5,38,26,887.61,10,0,1,839.51,0,6,2024,0
2025-06-14,S013,P0096,0,1,107,83,93,91,481.1,20,2,1,447.02,2,6,2025,0
2025-04-07,S015,P0371,3,4,31,103,130,120,633.74,10,3,1,670.63,0,4,2025,1
2024-12-26,S003,P0498,2,4,295,22,63,55,423.88,5,0,1,467.59,3,12,2024,0
2024-03-27,S007,P0428,0,2,209,30,68,28,941.71,0,0,0,990.53,1,3,2024,0
2024-12-11,S016,P0046,3,4,407,53,121,87,514.23,15,2,1,485.38,3,12,2024,0
2025-12-07,S003,P0409,3,3,454,47,84,52,192.47,20,1,0,197.55,0,12,2025,0
2025-04-08,S013,P0139,0,1,372,100,125,113,761.87,15,3,1,791.08,0,4,2025,0
2025-01-27,S014,P0426,0,1,99,26,25,25,546.24,5,1,0,574.73,3,1,2025,0
2024-08-02,S014,P0292,4,3,285,12,34,30,563.41,15,0,0,517.85,3,8,2024,0
2024-02-07,S003,P0196,3,0,216,89,124,112,523.51,5,2,1,535.15,0,2,2024,0
2025-12-11,S008,P0216,5,3,114,67,112,89,704.09,0,3,0,729.11,1,12,2025,0
2025-09-04,S019,P0197,4,1,190,88,145,119,913.79,10,3,1,926.44,2,9,2025,0
2024-11-22,S018,P0456,4,0,106,75,132,98,618.31,0,2,1,636.05,3,11,2024,0
2024-04-03,S007,P0361,2,2,472,119,138,109,108.47,20,1,0,132.93,3,4,2024,0
2025-06-03,S016,P0069,1,3,352,47,104,72,293.34,10,1,0,264.28,1,6,2025,0
2025-05-22,S003,P0367,4,2,457,58,96,61,783.53,5,3,0,811.11,2,5,2025,0
2025-06-08,S019,P0496,2,1,476,43,92,77,56.19,20,2,0,104.53,2,6,2025,0
2024-04-30,S016,P0143,2,3,304,20,47,45,75.05,20,3,1,109.87,3,4,2024,0
2024-05-05,S007,P0030,3,3,101,54,105,66,694.84,10,3,1,683.6,3,5,2024,0
2025-05-16,S016,P0439,0,0,290,19,38,37,315.34,5,3,1,352.21,0,5,2025,0
2025-09-17,S012,P0067,2,3,435,26,43,17,226.46,10,2,1,188.09,3,9,2025,0
2024-01-10,S003,P0236,4,3,314,49,59,53,934.84,0,0,1,982.2,2,1,2024,0
2025-02-10,S015,P0489,1,3,464,86,95,86,203.02,0,3,1,160.54,0,2,2025,0
2024-01-06,S008,P0418,2,2,58,115,170,153,394.29,15,2,0,352.53,2,1,2024,1
2025-05-17,S001,P0223,5,3,100,9,57,39,370.82,20,0,1,416.41,2,5,2025,0
2024-07-30,S003,P0019,0,0,205,8,30,5,713.15,15,0,0,676.35,3,7,2024,0
2025-05-11,S008,P0337,3,2,145,9,26,22,812.03,10,2,0,772.08,2,5,2025,0
2024-02-26,S003,P0327,3,1,462,115,151,142,300.48,0,2,0,298.26,0,2,2024,0
2024-09-01,S017,P0490,0,4,141,77,84,70,797.4,5,0,1,813.49,2,9,2024,0
2025-09-11,S018,P0153,1,4,71,80,122,90,29.24,0,1,0,-17.99,1,9,2025,1
2025-01-04,S009,P0201,0,2,42,16,70,51,436.22,5,3,1,451.06,0,1,2025,1
2025-10-10,S010,P0330,3,2,482,52,97,65,719.44,10,3,1,708.29,3,10,2025,0
2024-05-23,S017,P0281,4,2,129,26,22,16,381.55,10,2,1,342.07,3,5,2024,0
2025-05-13,S019,P0474,3,4,412,49,70,41,969.35,0,2,0,1011.26,0,5,2025,0
2024-01-22,S017,P0322,0,3,163,56,77,52,651.03,5,2,0,668.39,1,1,2024,0
2025-07-04,S006,P0006,3,2,470,100,165,130,833.31,15,0,0,861.77,3,7,2025,0
2024-01-31,S010,P0046,0,1,444,34,69,48,235.21,15,1,0,222.87,3,1,2024,0
2025-12-03,S012,P0298,0,1,484,79,115,97,343.74,0,3,1,380.1,3,12,2025,0
2024-05-28,S007,P0499,0,4,341,84,102,75,721.71,10,0,1,702.21,1,5,2024,0
2025-12-05,S020,P0013,4,0,91,80,99,86,418.7,0,1,0,372.5,0,12,2025,0
2024-02-28,S005,P0429,3,4,350,71,84,68,712.67,10,3,0,706.87,0,2,2024,0
2024-04-25,S011,P0166,3,2,271,12,79,52,22.63,5,1,0,8.93,3,4,2024,0
2025-04-05,S003,P0252,0,1,235,28,63,29,37.88,20,3,1,22.52,1,4,2025,0
2024-09-10,S018,P0059,2,3,249,83,97,75,773.65,10,1,1,779.1,1,9,2024,0
2025-09-25,S019,P0217,5,1,342,120,117,116,763.23,20,2,1,729.59,2,9,2025,0
2024-03-03,S016,P0193,0,4,420,112,144,126,392.6,15,0,0,426.27,2,3,2024,0
2024-12-04,S003,P0333,0,3,480,11,52,36,922.48,0,1,0,946.95,1,12,2024,0
2024-01-16,S017,P0177,5,1,470,79,116,106,519.5,0,3,0,470.33,2,1,2024,0
2025-06-25,S006,P0481,5,0,366,114,133,113,686.64,5,2,0,637.76,3,6,2025,0
2025-07-03,S007,P0415,4,2,410,20,79,46,44.97,10,0,1,13.54,3,7,2025,0
2025-03-19,S017,P0149,1,2,270,33,57,23,232.73,0,2,0,205.43,1,3,2025,0
2025-02-15,S011,P0007,2,2,323,23,61,57,585.86,0,2,1,609.31,0,2,2025,0
2025-05-11,S014,P0303,1,1,170,102,133,111,936.84,10,1,0,889.29,1,5,2025,0
2025-04-27,S012,P0212,2,4,126,75,125,106,253.23,10,0,0,277.74,2,4,2025,0
2025-07-30,S009,P0486,3,4,213,28,91,65,234.31,15,3,1,206.15,3,7,2025,0
2025-08-07,S004,P0474,0,2,361,10,46,20,411.44,10,1,0,429.76,2,8,2025,0
2024-01-22,S019,P0400,4,4,477,62,110,77,655.36,5,2,1,620.39,1,1,2024,0
2024-02-04,S001,P0082,5,1,497,50,126,86,95.88,0,1,1,92.96,1,2,2024,0
2024-09-03,S007,P0497,1,0,246,37,86,73,467.87,20,0,1,422.4,0,9,2024,0
2024-03-17,S005,P0212,1,2,116,49,112,82,718.59,15,3,0,743.55,1,3,2024,0
2025-01-25,S016,P0454,3,1,493,119,120,119,450.78,10,0,1,446.91,0,1,2025,0
2024-11-27,S007,P0033,5,2,497,49,115,89,872.11,15,2,0,912.38,2,11,2024,0
2025-02-18,S017,P0455,4,1,226,34,94,54,728.89,0,1,1,733.43,3,2,2025,0
2024-05-07,S014,P0006,4,0,172,75,130,107,479.18,0,3,0,469.64,3,5,2024,0
2025-06-04,S006,P0285,4,3,370,84,84,76,288.49,15,2,1,319.13,1,6,2025,0
2024-07-29,S014,P0428,3,2,154,93,109,107,928.23,20,0,1,923.98,3,7,2024,0
2025-06-12,S017,P0382,1,1,63,29,55,47,765.48,20,0,1,789.29,2,6,2025,0
2024-01-04,S004,P0336,1,4,417,119,183,150,789.24,5,0,0,766.96,1,1,2024,0
2024-09-18,S004,P0105,3,4,317,28,94,64,205.61,15,1,1,211.11,1,9,2024,0
2025-12-13,S019,P0095,0,0,419,76,107,72,84.44,10,1,1,124.25,2,12,2025,0
2024-03-31,S010,P0038,5,4,122,55,80,76,414.01,5,2,0,388.45,3,3,2024,0
2024-06-07,S009,P0272,4,2,281,68,115,77,994.16,15,3,0,960.15,3,6,2024,0
2024-09-11,S008,P0228,4,3,320,16,62,32,541.66,5,0,1,544.77,3,9,2024,0
2025-07-23,S014,P0293,0,3,477,24,75,64,789.28,20,0,1,748.92,1,7,2025,0
2025-08-27,S006,P0324,0,0,284,98,112,97,946.96,5,2,1,901.23,3,8,2025,0
2024-12-14,S013,P0256,4,2,241,107,150,140,238.89,0,3,0,270.65,1,12,2024,0
2025-05-18,S001,P0131,0,4,39,15,26,22,850.27,20,3,1,889.01,3,5,2025,0
2025-07-29,S011,P0207,3,3,123,101,125,117,292.12,15,2,0,272.88,3,7,2025,0
2025-05-06,S014,P0499,3,0,494,33,59,31,464.6,15,0,1,417.13,2,5,2025,0
2025-02-21,S014,P0304,4,1,305,77,107,104,432.38,15,1,0,411.56,1,2,2025,0
2025-12-26,S003,P0464,4,1,144,91,126,96,743.92,10,0,1,735.57,0,12,2025,0
2025-05-08,S020,P0142,0,0,251,66,132,101,890.3,10,1,0,896.59,3,5,2025,0
2025-07-02,S019,P0463,3,3,368,107,141,129,445.41,10,2,1,449.54,0,7,2025,0
2024-05-13,S002,P0080,1,4,157,39,49,49,190.59,15,1,0,190.24,3,5,2024,0
2025-02-11,S007,P0392,3,0,408,18,54,54,962.91,15,0,1,984.99,2,2,2025,0
2025-06-04,S006,P0224,4,0,439,97,107,88,221.73,10,3,0,180.73,0,6,2025,0
2024-11-22,S019,P0237,1,4,459,20,43,10,419.07,0,1,1,430.54,3,11,2024,0
2024-08-28,S019,P0149,3,1,85,84,95,93,174.8,15,3,1,204.23,1,8,2024,1
2025-01-17,S005,P0285,1,2,249,51,84,64,480.03,20,2,1,467.83,0,1,2025,0
2025-02-07,S010,P0060,1,0,50,116,147,127,484.06,20,2,1,505.77,3,2,2025,1
2025-03-17,S007,P0041,2,4,495,53,76,50,879.82,0,2,1,895.82,2,3,2025,0
2024-10-27,S003,P0151,3,3,169,93,130,106,604.82,20,2,0,563.96,0,10,2024,0
2025-04-14,S007,P0138,3,4,190,113,176,153,270.23,0,3,0,258.68,2,4,2025,0
2024-08-29,S019,P0488,2,0,465,72,106,96,814.74,10,2,0,825.54,3,8,2024,0
2025-07-13,S002,P0148,1,1,380,105,148,141,518.75,10,3,1,520.5,1,7,2025,0
2024-08-16,S013,P0062,4,3,500,44,95,67,267.5,0,2,1,231.31,2,8,2024,0
2024-06-10,S010,P0151,3,2,355,100,141,128,880.38,20,1,1,895.04,2,6,2024,0
2024-10-08,S001,P0471,1,4,455,96,127,106,833.09,20,1,0,844.17,1,10,2024,0
2025-01-31,S007,P0482,2,1,420,114,187,152,490.26,5,2,1,446.0,1,1,2025,0
2025-12-15,S008,P0205,2,4,57,87,143,120,118.07,0,2,0,96.55,1,12,2025,1
2025-09-12,S020,P0197,2,3,204,107,146,134,745.95,5,2,1,723.08,1,9,2025,0
2025-04-27,S001,P0429,4,1,180,47,114,86,586.79,0,0,0,617.7,3,4,2025,0
2024-06-16,S017,P0071,2,0,295,95,141,124,903.14,5,2,0,909.12,0,6,2024,0
2024-05-03,S017,P0310,4,4,140,91,129,105,492.04,20,3,0,494.13,1,5,2024,0
2024-08-25,S002,P0382,5,0,309,15,31,24,543.84,5,0,1,526.2,0,8,2024,0
2024-10-25,S010,P0140,0,3,153,64,82,71,463.46,15,2,0,427.23,3,10,2024,0
2024-03-03,S009,P0464,1,4,328,47,82,53,828.94,5,0,1,833.9,2,3,2024,0
2025-09-17,S018,P0482,1,3,83,37,51,51,246.84,20,0,0,213.67,3,9,2025,0
2025-11-23,S016,P0184,1,2,482,7,55,32,539.59,15,1,1,535.5,2,11,2025,0
2024-11-26,S013,P0418,3,2,221,62,121,91,694.7,10,2,0,722.02,3,11,2024,0
2025-06-15,S013,P0462,3,3,226,28,70,44,733.81,20,2,1,724.93,3,6,2025,0
2024-09-04,S010,P0014,4,1,25,30,55,29,138.53,20,2,0,140.1,0,9,2024,1
2024-10-10,S009,P0494,3,1,310,67,86,85,779.95,5,0,0,769.36,3,10,2024,0
2024-05-15,S003,P0359,3,0,75,88,131,107,178.68,20,1,0,193.89,2,5,2024,1
2025-06-29,S013,P0165,1,1,24,8,85,48,171.27,0,0,0,156.81,1,6,2025,1
2025-09-25,S007,P0097,1,1,234,81,75,73,928.11,20,1,0,895.05,3,9,2025,0
2024-10-05,S005,P0237,2,0,476,20,70,30,461.61,20,2,1,480.56,2,10,2024,0
2025-05-06,S008,P0123,0,4,249,109,181,145,745.33,5,0,1,775.76,3,5,2025,0
2024-04-05,S006,P0453,4,1,302,39,65,45,453.27,15,3,0,411.67,0,4,2024,0
2024-03-07,S006,P0327,2,1,27,32,60,26,313.85,15,1,1,352.62,0,3,2024,0
2025-10-11,S002,P0113,4,1,239,52,109,86,288.63,0,2,0,251.38,2,10,2025,0
2025-03-22,S017,P0317,3,0,153,43,79,76,85.36,20,3,0,129.7,2,3,2025,0
2024-12-07,S014,P0065,4,4,128,48,94,78,827.3,10,3,0,840.26,3,12,2024,0
2024-09-11,S009,P0397,1,4,420,69,106,77,797.14,0,0,1,771.63,0,9,2024,0
2024-01-19,S011,P0394,0,4,211,94,126,118,673.18,0,0,1,699.0,2,1,2024,0
2024-03-01,S012,P0395,4,4,225,83,114,74,648.23,0,1,0,607.8,2,3,2024,0
2024-12-02,S010,P0117,4,1,142,106,110,96,127.65,20,0,1,104.94,3,12,2024,0
2025-12-05,S007,P0056,4,1,184,37,71,70,70.57,5,3,0,98.53,1,12,2025,0
2024-09-05,S009,P0325,5,3,27,117,140,128,586.01,0,1,1,560.0,1,9,2024,1
2024-05-25,S013,P0420,3,0,32,119,153,130,771.28,10,0,0,791.97,0,5,2024,1
2025-01-28,S008,P0305,3,0,427,49,113,85,550.9,5,0,1,584.33,3,1,2025,0
2024-01-31,S015,P0281,2,0,316,92,109,104,971.38,20,1,1,972.23,0,1,2024,0
2025-05-08,S003,P0288,4,0,112,97,134,119,607.96,20,2,0,577.82,0,5,2025,1
2025-02-17,S014,P0081,5,1,407,106,137,136,834.25,10,2,0,818.4,3,2,2025,0
2024-08-02,S017,P0232,0,2,487,25,49,43,939.9,20,3,1,934.63,3,8,2024,0
2025-05-12,S019,P0467,1,4,194,118,158,150,55.19,15,0,1,84.5,3,5,2025,0
2025-10-09,S006,P0022,3,1,224,110,150,116,258.88,15,0,0,227.89,3,10,2025,0
2025-11-29,S020,P0384,5,2,264,35,71,65,578.42,0,3,1,619.31,2,11,2025,0
2024-02-29,S003,P0377,2,0,407,30,93,68,493.41,5,0,1,504.45,1,2,2024,0
2024-03-25,S001,P0251,5,0,346,104,145,119,665.66,10,1,0,664.0,2,3,2024,0
2025-03-29,S004,P0489,5,3,194,58,79,71,988.76,0,3,1,993.13,3,3,2025,0
2025-01-30,S019,P0479,1,2,60,86,123,109,186.69,10,2,0,152.52,3,1,2025,1
2025-01-27,S001,P0412,0,3,468,53,105,88,218.69,0,1,1,223.67,1,1,2025,0
2025-05-17,S016,P0060,1,4,91,32,49,30,388.16,10,3,0,436.71,3,5,2025,0
2025-03-16,S020,P0085,1,1,252,87,123,92,908.81,20,3,1,911.97,3,3,2025,0
2024-03-02,S018,P0369,1,2,255,25,54,53,508.74,10,3,0,505.83,3,3,2024,0
2024-12-19,S018,P0323,0,4,412,55,91,62,641.34,15,0,0,665.36,3,12,2024,0
2024-08-18,S009,P0394,2,0,432,98,127,102,632.15,10,3,1,645.47,2,8,2024,0
2025-05-09,S018,P0003,0,1,290,41,90,65,321.34,5,1,1,348.43,0,5,2025,0
2024-08-05,S001,P0013,3,4,32,38,101,67,182.36,15,2,0,217.23,0,8,2024,1
2024-09-25,S003,P0486,2,3,248,49,90,51,439.82,10,1,0,468.81,3,9,2024,0
2024-04-16,S012,P0260,3,2,261,114,153,113,210.3,5,2,1,244.57,1,4,2024,0
2024-08-18,S009,P0284,5,2,370,36,61,27,769.0,0,2,1,797.28,3,8,2024,0
2024-06-19,S011,P0349,2,4,415,52,75,74,309.56,5,1,1,265.57,3,6,2024,0
2024-05-16,S004,P0494,5,4,247,18,77,52,521.37,0,2,0,527.84,2,5,2024,0
2025-01-11,S015,P0059,1,2,85,15,35,26,932.79,15,2,1,902.99,1,1,2025,0
2025-06-30,S016,P0454,3,1,230,72,130,103,281.35,10,0,0,241.43,0,6,2025,0
2024-07-15,S013,P0276,4,0,345,64,83,72,349.36,10,2,0,345.3,2,7,2024,0
2025-11-27,S006,P0499,5,3,444,78,96,91,394.15,15,2,1,347.55,3,11,2025,0
2024-09-28,S003,P0180,5,2,366,97,127,88,359.41,0,2,1,377.3,2,9,2024,0
2024-08-16,S019,P0215,1,2,49,88,128,97,911.78,5,0,0,895.46,2,8,2024,1
2024-08-23,S019,P0350,1,4,431,104,144,126,100.71,5,1,1,143.12,0,8,2024,0
2025-12-13,S019,P0274,1,1,393,57,75,72,665.02,5,3,1,617.69,0,12,2025,0
2024-07-23,S002,P0355,4,4,160,109,148,135,413.34,10,2,1,406.85,0,7,2024,0
2025-05-13,S005,P0049,4,4,94,42,92,76,103.15,15,0,1,99.53,3,5,2025,0
2025-09-24,S017,P0121,5,1,228,41,81,62,139.18,5,2,1,103.19,2,9,2025,0
2025-08-20,S002,P0285,0,1,454,47,69,43,675.3,20,0,1,696.26,1,8,2025,0
2024-05-23,S004,P0067,5,0,244,66,83,69,111.06,5,2,0,94.82,1,5,2024,0
2024-08-16,S015,P0218,0,3,156,5,17,11,626.65,10,1,0,602.77,1,8,2024,0
2025-09-17,S012,P0037,2,2,225,71,89,82,418.1,5,1,0,374.75,2,9,2025,0
2025-10-06,S011,P0004,5,2,303,43,69,53,645.97,0,0,0,667.14,0,10,2025,0
2025-11-30,S015,P0266,0,2,190,95,120,118,489.85,15,1,1,471.09,3,11,2025,0
2024-07-02,S020,P0147,4,3,253,60,83,52,540.42,5,1,0,510.07,0,7,2024,0
2024-05-09,S007,P0451,0,3,166,110,182,148,541.38,15,0,1,578.65,1,5,2024,0
2025-03-10,S019,P0336,1,2,378,111,142,123,413.31,10,3,0,373.18,1,3,2025,0
2024-08-15,S008,P0482,0,0,310,87,124,119,633.06,20,0,0,633.7,3,8,2024,0
2025-11-21,S004,P0469,0,4,70,22,71,41,82.75,15,0,1,130.71,3,11,2025,0
2025-08-27,S009,P0008,4,2,69,92,128,110,278.7,20,1,1,319.71,2,8,2025,1
2024-06-19,S013,P0167,4,1,309,86,103,78,268.81,0,3,1,279.31,2,6,2024,0
2025-04-20,S005,P0269,1,3,235,37,55,47,823.21,10,1,0,828.72,0,4,2025,0
2025-03-05,S001,P0343,1,0,111,57,49,49,558.88,10,3,1,566.84,2,3,2025,0
2024-01-01,S017,P0377,2,3,20,47,78,49,542.7,20,1,1,589.91,2,1,2024,1
2024-01-11,S006,P0482,3,3,252,14,41,7,71.9,15,2,0,79.01,1,1,2024,0
2024-06-20,S018,P0031,2,2,77,51,62,58,354.91,0,1,0,402.46,2,6,2024,0
2025-09-26,S014,P0111,0,0,359,26,98,60,315.17,5,1,0,331.39,2,9,2025,0
2025-12-21,S009,P0316,0,1,471,54,91,56,586.8,20,3,1,585.53,2,12,2025,0
2024-08-23,S005,P0457,4,3,142,51,97,64,509.11,15,0,0,543.63,2,8,2024,0
2025-10-25,S001,P0180,0,0,284,109,143,137,888.61,0,2,0,904.87,2,10,2025,0
2024-01-19,S020,P0343,1,0,377,86,122,85,415.29,10,0,1,437.25,1,1,2024,0
2025-04-24,S017,P0315,5,2,309,46,86,76,655.56,5,0,0,651.98,0,4,2025,0
2025-07-08,S006,P0263,0,1,61,108,137,102,952.86,0,0,0,950.18,0,7,2025,1
2025-08-23,S017,P0497,2,1,151,10,38,2,870.06,15,3,0,838.44,2,8,2025,0
2024-01-22,S001,P0042,4,4,444,12,77,37,665.38,10,0,1,661.06,0,1,2024,0
2025-04-02,S012,P0448,5,4,184,92,130,91,137.56,10,3,0,187.01,1,4,2025,0
2025-09-06,S007,P0195,3,1,393,6,7,1,346.07,20,1,0,307.19,0,9,2025,0
2025-05-10,S002,P0202,5,4,367,9,9,1,973.36,10,1,0,934.97,0,5,2025,0
2025-03-11,S018,P0246,2,1,45,84,127,97,692.21,5,2,0,725.97,2,3,2025,1
2024-02-25,S020,P0049,5,2,371,73,97,76,445.07,20,3,0,455.39,2,2,2024,0
2024-09-30,S009,P0456,3,2,348,63,112,72,772.62,0,1,1,773.11,2,9,2024,0
2024-01-16,S014,P0285,5,3,181,104,160,130,876.88,15,2,0,851.8,0,1,2024,0
2025-04-05,S011,P0482,2,0,204,98,132,110,147.39,20,0,1,138.75,1,4,2025,0
2025-01-28,S017,P0243,1,3,156,69,122,89,176.13,15,3,1,157.12,3,1,2025,0
2024-06-28,S008,P0147,2,0,195,50,81,56,644.66,10,0,1,679.51,0,6,2024,0
2025-10-12,S010,P0191,1,1,340,70,96,78,460.57,10,2,1,492.4,2,10,2025,0
2025-05-08,S019,P0202,5,2,40,59,108,87,652.27,0,1,0,654.53,0,5,2025,1
2025-11-01,S004,P0341,3,3,335,49,95,59,286.61,5,1,0,294.1,3,11,2025,0
2025-09-22,S004,P0366,5,4,361,83,131,102,721.61,0,2,0,723.59,0,9,2025,0
2024-07-17,S017,P0170,4,3,214,11,51,17,627.48,0,2,1,664.09,0,7,2024,0
2024-08-16,S010,P0398,2,4,370,58,101,84,475.63,20,1,0,446.18,3,8,2024,0
2025-02-04,S011,P0269,5,2,343,99,127,94,668.65,15,0,1,656.96,3,2,2025,0
2025-09-25,S002,P0328,1,1,232,86,106,96,728.38,15,1,1,762.1,2,9,2025,0
2025-03-05,S018,P0386,0,1,30,52,93,62,306.2,5,0,0,346.87,1,3,2025,1
2025-08-09,S008,P0018,2,0,184,52,84,78,643.98,15,1,0,645.57,2,8,2025,0
2024-04-21,S008,P0392,5,1,420,71,120,105,355.07,10,0,1,315.98,2,4,2024,0
2024-06-29,S011,P0429,2,2,435,52,119,86,65.24,5,3,0,44.14,2,6,2024,0
2025-12-17,S017,P0421,2,3,258,39,91,78,339.61,10,1,0,349.3,3,12,2025,0
2024-06-06,S003,P0023,2,2,125,17,52,36,637.61,0,2,0,600.58,2,6,2024,0
2024-10-30,S013,P0497,3,3,160,31,51,34,682.93,0,0,0,651.08,0,10,2024,0
2024-03-16,S016,P0020,3,1,383,56,97,86,596.49,20,1,1,612.89,0,3,2024,0
2024-03-31,S007,P0343,2,0,157,91,135,121,947.64,0,0,1,945.12,0,3,2024,0
2025-11-05,S008,P0171,0,4,179,73,96,86,394.58,5,1,1,426.77,0,11,2025,0
2024-02-06,S013,P0459,1,2,476,45,104,81,804.74,5,1,1,759.29,3,2,2024,0
2024-09-29,S006,P0101,0,2,207,88,149,111,143.85,10,2,1,178.41,0,9,2024,0
2025-03-04,S013,P0123,4,1,307,106,152,138,226.74,10,3,1,271.74,0,3,2025,0
2024-08-02,S002,P0023,0,1,333,77,144,116,304.12,15,2,1,312.1,2,8,2024,0
2025-06-21,S010,P0006,0,1,21,63,100,92,412.0,15,2,0,362.1,3,6,2025,1
2024-04-15,S011,P0265,4,0,252,108,118,118,339.82,15,3,0,324.52,0,4,2024,0
2025-07-01,S006,P0149,3,2,497,55,113,82,866.69,5,0,1,833.07,3,7,2025,0
2024-03-03,S019,P0241,1,3,224,35,73,69,578.41,0,2,1,611.07,0,3,2024,0
2025-08-28,S005,P0281,2,2,60,102,139,134,846.68,5,1,1,880.02,2,8,2025,1
2024-06-10,S011,P0153,3,3,303,57,97,90,276.87,5,0,1,290.47,2,6,2024,0
2024-10-21,S004,P0098,3,4,142,7,20,6,694.43,0,1,1,645.94,0,10,2024,0
2025-11-09,S008,P0172,3,3,140,47,77,40,837.81,20,0,0,797.4,3,11,2025,0
2025-10-13,S016,P0410,2,1,268,57,95,58,287.87,20,3,0,265.35,1,10,2025,0
2025-08-16,S007,P0001,5,4,498,51,78,54,78.42,10,3,1,28.77,1,8,2025,0
2024-09-08,S011,P0217,2,3,478,35,52,49,137.57,5,2,1,178.56,1,9,2024,0
2024-07-21,S019,P0241,5,4,239,28,64,55,298.56,20,2,1,315.41,2,7,2024,0
2025-12-08,S006,P0085,3,3,173,29,60,51,73.39,15,1,1,40.01,3,12,2025,0
2024-07-20,S013,P0075,2,2,276,46,57,47,225.3,20,0,1,274.74,3,7,2024,0
2024-10-11,S005,P0129,0,4,173,14,33,14,345.01,5,2,1,313.56,2,10,2024,0
2025-08-12,S020,P0355,3,3,381,34,90,68,44.26,15,2,0,85.15,3,8,2025,0
2024-12-26,S017,P0229,4,0,492,30,76,41,820.81,5,0,1,791.53,3,12,2024,0
2024-12-14,S016,P0186,4,1,144,102,131,94,642.62,10,3,1,626.65,0,12,2024,0
2025-05-03,S014,P0448,1,0,86,33,46,34,23.87,15,2,0,-25.68,0,5,2025,0
2025-02-07,S020,P0051,0,0,368,63,100,71,721.9,10,1,0,688.72,1,2,2025,0
2025-01-06,S001,P0383,3,1,41,76,130,106,575.66,5,1,0,571.47,0,1,2025,1
2025-10-02,S014,P0092,5,1,72,106,106,103,893.24,10,3,1,878.75,1,10,2025,1
2025-11-06,S002,P0379,0,0,228,62,110,78,35.91,20,2,0,68.65,1,11,2025,0
2024-02-06,S011,P0389,3,3,147,30,64,47,178.82,10,3,0,213.06,0,2,2024,0
2024-10-04,S010,P0113,0,2,455,97,147,133,148.83,15,1,0,162.22,3,10,2024,0
2024-12-19,S003,P0172,5,4,96,118,170,153,198.16,0,1,1,152.46,0,12,2024,1
2024-09-03,S013,P0142,4,4,392,14,62,51,171.9,10,0,0,138.24,1,9,2024,0
2024-03-04,S017,P0212,5,3,242,61,132,92,671.3,10,3,0,649.48,3,3,2024,0
2025-04-16,S010,P0430,0,0,288,15,54,52,734.42,0,3,0,695.33,1,4,2025,0
2025-09-12,S019,P0335,1,2,347,43,47,41,121.35,20,0,0,119.59,3,9,2025,0
2024-02-25,S010,P0470,4,3,356,104,143,140,444.93,5,3,0,463.7,2,2,2024,0
2024-01-17,S002,P0235,1,1,385,58,69,66,889.29,0,1,1,852.3,3,1,2024,0
2024-12-22,S018,P0163,1,4,209,105,108,95,97.28,20,2,1,98.64,1,12,2024,0
2025-03-31,S012,P0480,1,1,434,50,88,81,274.6,10,2,1,276.84,0,3,2025,0
2024-05-03,S008,P0277,2,2,156,97,124,95,479.39,5,3,0,435.89,3,5,2024,0
2024-04-30,S009,P0107,0,0,60,95,123,112,866.37,15,1,0,900.98,3,4,2024,1
2024-02-06,S016,P0096,0,1,221,18,75,49,963.85,0,1,1,977.03,3,2,2024,0
2025-05-23,S002,P0280,5,1,122,68,73,62,154.17,15,0,1,118.67,0,5,2025,0
2024-01-21,S005,P0163,3,3,300,71,90,88,742.29,15,2,1,759.72,3,1,2024,0
2025-11-19,S019,P0051,5,1,27,79,155,116,579.34,0,3,1,612.66,3,11,2025,1
2024-06-17,S019,P0070,5,3,447,97,154,126,942.08,0,2,0,991.47,3,6,2024,0
2024-12-09,S007,P0153,5,1,383,80,125,86,158.52,10,3,1,134.99,1,12,2024,0
2025-03-12,S013,P0431,2,1,153,87,118,88,250.42,15,3,1,262.96,3,3,2025,0
2024-12-08,S015,P0076,0,3,55,103,139,103,644.14,5,3,0,664.02,1,12,2024,1
2025-04-27,S003,P0006,2,2,274,84,121,107,666.59,15,1,0,662.47,3,4,2025,0
2025-05-30,S004,P0182,2,0,332,106,150,110,364.93,5,1,1,334.03,2,5,2025,0
2025-11-18,S001,P0043,2,3,147,106,147,123,93.06,15,0,1,107.35,2,11,2025,0
2025-01-25,S014,P0487,4,4,349,112,130,127,882.8,20,3,1,924.42,3,1,2025,0
2025-07-21,S016,P0201,2,3,158,5,53,38,628.54,20,2,1,596.59,1,7,2025,0
2024-08-22,S012,P0023,2,4,474,107,123,110,818.06,20,2,0,832.88,1,8,2024,0
2024-01-09,S011,P0426,1,0,425,96,129,107,29.6,0,3,1,44.46,3,1,2024,0
2025-03-02,S002,P0180,0,4,340,84,108,85,57.48,20,0,0,83.64,3,3,2025,0
2025-08-22,S003,P0201,1,1,313,100,112,108,845.78,10,3,1,816.9,3,8,2025,0
2025-03-26,S010,P0313,4,3,224,16,50,43,764.7,20,2,0,725.66,0,3,2025,0
2025-09-16,S003,P0499,1,4,27,35,38,33,455.42,10,2,0,461.77,0,9,2025,1
2025-01-15,S007,P0378,1,1,31,93,127,125,286.29,15,2,0,270.19,2,1,2025,1
2024-06-30,S007,P0485,4,2,337,46,73,39,255.31,20,1,0,244.68,1,6,2024,0
2024-10-25,S007,P0396,0,2,304,59,100,77,883.66,15,0,1,928.81,0,10,2024,0
2025-11-08,S017,P0054,3,2,377,68,88,76,602.47,5,2,1,602.12,3,11,2025,0
2024-07-31,S001,P0258,3,3,272,74,69,69,124.52,5,0,1,137.92,1,7,2024,0
2024-01-10,S017,P0274,0,2,325,92,122,121,581.03,10,2,0,579.94,3,1,2024,0
2025-07-30,S008,P0402,4,1,29,68,99,83,319.31,20,2,1,274.11,1,7,2025,1
2025-10-24,S004,P0010,0,1,92,21,65,55,985.34,15,3,1,948.56,1,10,2025,0
2024-01-20,S011,P0300,3,2,401,113,147,114,653.19,15,0,0,638.76,1,1,2024,0
2024-09-13,S009,P0181,3,0,467,84,123,110,851.31,20,3,1,846.29,2,9,2024,0
2024-08-26,S008,P0375,5,3,297,42,95,67,416.51,10,2,1,396.88,1,8,2024,0
2025-10-21,S015,P0309,0,4,350,9,41,38,516.97,15,2,1,500.92,3,10,2025,0
2025-06-25,S006,P0147,4,3,386,32,79,63,187.92,20,2,0,139.52,2,6,2025,0
2024-07-26,S014,P0252,2,2,171,56,97,92,324.17,5,2,1,285.31,3,7,2024,0
2024-01-21,S006,P0362,0,3,213,119,156,136,510.62,20,0,0,505.2,0,1,2024,0
2025-07-19,S002,P0322,5,1,86,101,140,127,561.22,10,0,0,536.27,3,7,2025,1
2025-12-06,S007,P0383,0,4,139,117,178,143,405.41,20,2,1,443.77,3,12,2025,1
2024-09-20,S013,P0407,0,3,170,82,130,105,996.47,5,1,1,1006.97,3,9,2024,0
2024-12-18,S004,P0317,1,1,359,30,51,21,26.49,20,2,0,56.28,3,12,2024,0
2024-03-18,S009,P0415,0,2,203,12,74,34,803.7,5,1,1,846.69,0,3,2024,0
2024-12-21,S004,P0156,5,4,159,101,128,96,216.65,15,0,1,222.66,0,12,2024,0
2024-01-25,S007,P0305,0,2,254,107,130,116,531.1,5,3,0,485.68,1,1,2024,0
2025-04-02,S011,P0248,5,4,248,115,147,126,10.58,10,3,1,-20.41,1,4,2025,0
2025-04-08,S003,P0183,1,4,126,32,50,46,276.43,10,1,1,273.61,0,4,2025,0
2025-03-23,S009,P0335,3,4,232,95,106,89,513.22,5,0,0,559.29,3,3,2025,0
2025-03-30,S002,P0391,2,2,290,25,87,59,684.38,15,0,0,681.79,3,3,2025,0
2024-03-22,S002,P0032,5,0,272,90,101,96,599.51,10,1,0,552.08,1,3,2024,0
2025-11-23,S015,P0267,3,0,281,106,129,108,927.95,15,2,0,960.85,1,11,2025,0
2025-01-26,S010,P0177,1,3,188,38,36,28,232.17,15,2,0,258.36,3,1,2025,0
2024-05-10,S014,P0494,0,3,292,87,137,127,423.97,10,1,0,453.73,1,5,2024,0
2025-01-05,S009,P0008,3,1,218,27,69,46,764.03,10,1,0,781.45,0,1,2025,0
2025-09-27,S002,P0439,4,1,203,47,77,52,660.14,5,2,1,628.26,0,9,2025,0
2024-09-20,S001,P0035,4,4,473,38,84,59,364.47,5,2,1,375.5,1,9,2024,0
2024-03-04,S017,P0231,1,1,159,114,151,119,544.77,5,1,0,581.38,0,3,2024,0
2024-08-18,S008,P0282,0,1,32,21,87,48,692.28,15,0,1,732.14,0,8,2024,1
2024-03-03,S010,P0358,2,0,99,83,138,122,821.93,20,2,1,848.4,1,3,2024,1
2025-02-14,S015,P0054,1,1,122,118,135,124,492.76,10,2,0,486.68,2,2,2025,1
2025-05-06,S013,P0081,1,4,420,73,89,68,890.35,0,1,0,924.24,1,5,2025,0
2024-03-28,S007,P0464,1,0,140,99,153,122,205.51,10,3,0,157.52,1,3,2024,0
2025-03-01,S013,P0317,5,0,463,104,146,139,429.96,10,2,0,454.63,1,3,2025,0
2024-06-25,S006,P0065,0,4,499,99,125,93,147.23,10,2,0,143.67,1,6,2024,0
2024-02-13,S017,P0341,4,1,371,63,84,59,843.68,0,2,1,857.47,0,2,2024,0
2025-04-12,S020,P0258,1,2,294,52,97,86,200.36,10,1,0,250.02,3,4,2025,0
2024-08-16,S016,P0427,1,2,417,61,82,66,347.71,5,0,0,397.27,2,8,2024,0
2024-07-04,S020,P0496,1,4,53,76,109,73,339.91,15,3,0,299.12,1,7,2024,1
2025-04-28,S013,P0462,0,1,354,59,129,91,205.44,0,1,1,176.39,2,4,2025,0
2025-02-13,S012,P0126,3,3,475,42,64,42,329.17,0,3,1,364.69,3,2,2025,0
2024-06-13,S019,P0302,5,0,192,43,102,77,456.64,20,0,0,413.54,1,6,2024,0
2024-02-13,S005,P0190,4,3,139,17,81,51,11.84,15,1,1,15.13,3,2,2024,0
2024-09-29,S016,P0316,4,0,430,32,62,43,377.19,5,1,0,405.75,1,9,2024,0
2024-08-28,S004,P0016,5,4,234,85,113,94,722.16,20,1,1,722.94,1,8,2024,0
2025-04-04,S001,P0141,3,0,409,29,63,55,637.42,15,0,1,669.49,2,4,2025,0
2024-03-19,S011,P0026,2,0,65,83,101,84,452.43,5,2,1,466.66,3,3,2024,1
2025-08-12,S001,P0111,4,3,316,99,134,102,485.33,0,1,1,444.77,3,8,2025,0
2025-01-12,S014,P0041,2,0,475,5,67,44,625.46,10,3,0,624.47,3,1,2025,0
2024-08-31,S009,P0446,2,0,39,44,81,80,16.07,10,3,1,34.29,2,8,2024,1
2024-05-01,S012,P0253,0,3,439,116,136,123,918.48,15,1,1,868.58,3,5,2024,0
2024-05-02,S003,P0389,5,4,485,49,92,56,339.05,20,3,0,302.06,3,5,2024,0
2025-09-08,S011,P0489,5,0,462,13,42,18,299.86,15,1,1,314.2,0,9,2025,0
2025-08-10,S001,P0456,1,4,174,74,117,104,788.31,0,3,1,828.41,3,8,2025,0
2024-12-14,S013,P0150,3,0,477,110,155,142,990.13,15,0,0,941.93,2,12,2024,0
2025-11-01,S019,P0212,1,2,156,119,178,147,215.5,0,0,1,165.8,0,11,2025,0
2024-07-25,S012,P0495,2,3,431,85,126,125,365.22,5,0,1,394.66,0,7,2024,0
2025-09-02,S004,P0350,2,0,273,10,42,16,283.51,10,1,1,265.78,0,9,2025,0
2024-02-02,S019,P0105,0,3,451,47,125,85,893.71,10,3,1,853.68,2,2,2024,0
2025-06-09,S001,P0320,5,1,349,104,135,131,696.68,15,1,1,696.44,0,6,2025,0
2025-11-23,S007,P0311,0,3,278,113,160,127,876.57,0,3,1,852.69,2,11,2025,0
2024-11-30,S020,P0367,4,2,416,105,169,129,331.21,20,1,0,360.29,3,11,2024,0
2024-08-07,S018,P0210,4,1,251,65,73,68,161.87,10,0,1,208.59,3,8,2024,0
2025-04-12,S001,P0371,4,1,149,71,125,90,86.87,5,3,0,62.5,3,4,2025,0
2024-11-23,S002,P0002,1,1,49,100,129,94,109.97,15,0,0,67.47,3,11,2024,1
2024-05-18,S019,P0146,5,1,369,29,77,61,511.27,0,1,0,462.11,0,5,2024,0
2024-09-11,S009,P0138,1,3,378,78,101,92,329.96,10,2,1,323.1,3,9,2024,0
2024-02-29,S004,P0255,2,2,333,29,69,61,129.95,5,3,1,138.83,0,2,2024,0
2025-06-11,S005,P0477,5,4,139,25,33,31,602.92,10,3,1,645.73,3,6,2025,0
2025-02-01,S002,P0001,1,2,438,105,157,121,305.59,0,1,1,347.28,2,2,2025,0
2025-12-13,S012,P0321,2,4,31,20,65,36,583.91,15,1,1,567.64,2,12,2025,1
2025-07-15,S010,P0145,2,3,392,87,113,89,509.89,0,1,1,489.23,1,7,2025,0
2024-09-27,S019,P0399,5,2,359,82,116,113,320.64,5,0,0,321.88,3,9,2024,0
2025-09-21,S008,P0204,3,1,410,120,173,156,170.19,0,2,0,163.79,2,9,2025,0
2024-03-28,S004,P0489,1,1,33,94,147,116,193.17,10,3,0,238.52,1,3,2024,1
2025-08-09,S010,P0304,0,1,280,100,142,137,379.39,10,1,0,338.5,0,8,2025,0
2024-09-09,S010,P0073,0,0,340,45,51,43,105.07,5,2,1,67.89,3,9,2024,0
2025-11-10,S013,P0161,1,3,102,7,45,6,85.31,15,0,1,134.21,3,11,2025,0
2024-11-15,S012,P0491,2,3,340,47,101,68,755.97,5,0,1,716.64,3,11,2024,0
2024-08-11,S004,P0058,3,2,50,118,133,116,851.36,5,0,0,802.93,0,8,2024,1
2024-11-10,S001,P0494,0,1,114,15,38,23,470.32,15,1,1,470.54,1,11,2024,0
2025-04-30,S013,P0319,5,4,32,89,114,87,62.54,10,2,1,68.88,0,4,2025,1
2025-02-16,S015,P0354,2,1,363,80,116,97,87.08,5,2,0,71.85,2,2,2025,0
2025-12-18,S002,P0227,1,2,248,95,122,110,225.59,15,0,0,226.19,0,12,2025,0
2024-02-18,S005,P0453,2,2,356,104,156,116,192.17,0,0,1,151.69,2,2,2024,0
2025-12-17,S018,P0044,0,3,209,77,127,113,243.11,5,1,1,214.13,1,12,2025,0
2024-03-17,S010,P0467,2,0,240,56,132,93,880.91,15,2,1,861.65,1,3,2024,0
2024-04-27,S004,P0190,2,0,77,82,142,105,337.2,0,2,1,366.38,2,4,2024,1
2025-08-19,S017,P0206,1,3,50,30,58,51,328.75,10,2,0,372.33,2,8,2025,1
2024-08-03,S010,P0365,2,0,226,116,136,117,345.53,20,1,0,349.3,3,8,2024,0
2024-10-14,S001,P0183,5,4,256,87,143,112,352.93,0,3,1,354.85,1,10,2024,0
2025-06-25,S009,P0397,4,0,152,85,111,94,58.59,5,0,1,81.92,0,6,2025,0
2024-11-10,S002,P0147,0,0,499,34,90,52,827.5,15,2,0,816.47,3,11,2024,0
2024-05-02,S015,P0331,3,1,295,72,92,66,77.17,5,2,0,101.15,0,5,2024,0
2025-08-25,S008,P0355,3,2,233,61,102,84,381.15,5,3,0,377.43,1,8,2025,0
2025-05-22,S012,P0176,5,4,187,114,129,122,821.27,10,2,1,799.0,1,5,2025,0
2025-09-07,S012,P0173,3,2,421,97,120,90,894.5,0,3,1,927.74,1,9,2025,0
2024-07-19,S019,P0090,1,3,73,104,116,110,159.84,5,0,0,205.99,1,7,2024,1
2025-12-08,S004,P0256,2,1,85,38,54,31,372.37,5,0,0,355.02,0,12,2025,0
2024-06-08,S010,P0080,4,3,492,88,122,103,913.41,10,1,1,885.01,2,6,2024,0
2024-05-10,S015,P0083,2,1,46,40,34,34,424.2,20,1,1,414.78,3,5,2024,0
2024-10-12,S015,P0088,0,2,282,64,83,80,626.68,15,3,1,671.74,2,10,2024,0
2024-04-30,S006,P0031,0,2,396,78,113,89,723.47,20,2,0,692.98,3,4,2024,0
2025-02-10,S017,P0130,0,1,477,77,131,91,122.38,10,1,1,163.91,1,2,2025,0
2024-09-13,S006,P0017,4,0,317,38,38,32,906.42,0,2,0,936.46,1,9,2024,0
2024-02-04,S012,P0062,5,4,172,12,78,52,152.34,5,0,1,112.0,1,2,2024,0
2025-04-29,S012,P0120,1,1,322,106,143,107,413.67,10,1,0,415.97,2,4,2025,0
2024-07-02,S015,P0087,3,3,36,68,78,60,224.82,0,2,0,268.0,0,7,2024,1
2025-06-02,S013,P0017,1,4,310,29,90,65,491.77,10,2,0,458.21,1,6,2025,0
2024-08-06,S007,P0017,5,1,483,69,140,107,66.78,0,1,1,23.15,2,8,2024,0
2025-06-26,S009,P0147,4,2,133,51,60,51,218.27,15,2,1,201.81,2,6,2025,0
2024-09-27,S009,P0433,1,3,162,75,147,108,405.13,10,2,1,396.11,1,9,2024,0
2025-01-10,S019,P0293,2,2,186,85,102,94,472.41,5,1,1,442.05,0,1,2025,0
2025-11-17,S013,P0038,1,3,215,14,75,51,616.53,0,2,0,597.72,0,11,2025,0
2024-10-27,S015,P0444,1,3,62,80,119,117,760.01,10,2,0,729.85,3,10,2024,1
2024-12-04,S015,P0419,3,1,25,31,67,41,780.73,5,2,0,754.5,0,12,2024,1
2025-02-10,S002,P0467,2,1,24,42,88,66,873.6,0,2,1,882.11,2,2,2025,1
2024-07-09,S016,P0261,0,2,364,56,115,77,80.57,0,1,0,38.26,2,7,2024,0
2025-11-28,S005,P0391,3,3,252,27,104,67,86.41,20,1,0,65.53,2,11,2025,0
2025-07-13,S013,P0045,2,4,151,14,67,39,337.05,15,0,0,383.71,2,7,2025,0
2024-06-12,S008,P0224,2,2,362,38,84,51,899.16,20,2,1,946.85,2,6,2024,0
2025-11-09,S007,P0201,5,2,164,11,45,33,735.75,5,0,1,732.94,1,11,2025,0
2025-02-28,S012,P0214,0,3,287,56,103,70,33.36,0,3,1,31.49,3,2,2025,0
2024-07-09,S001,P0144,2,2,435,23,67,44,23.39,5,1,1,42.58,2,7,2024,0
2024-08-15,S016,P0148,2,3,251,107,118,102,150.59,0,2,1,122.18,2,8,2024,0
2025-10-08,S006,P0256,2,3,93,92,140,108,625.88,20,1,1,608.65,1,10,2025,1
2025-08-10,S006,P0409,4,2,466,70,82,73,754.48,0,0,1,772.38,1,8,2025,0
2024-03-18,S018,P0371,1,1,360,69,97,60,801.43,0,3,1,811.41,2,3,2024,0
2025-02-07,S005,P0096,2,1,390,27,54,45,995.32,10,0,1,978.25,1,2,2025,0
2025-05-15,S011,P0179,3,3,139,107,135,105,187.65,5,0,1,147.84,3,5,2025,0
2025-02-05,S015,P0130,0,2,336,115,154,142,779.54,5,3,0,786.21,0,2,2025,0
2025-12-20,S010,P0427,4,1,419,105,126,99,14.17,15,3,1,-18.48,2,12,2025,0
2025-08-18,S011,P0433,3,0,237,59,95,95,949.85,10,2,0,982.64,0,8,2025,0
2025-05-05,S015,P0080,3,0,53,92,119,87,94.86,5,3,1,110.7,0,5,2025,1
2025-02-13,S017,P0175,1,4,188,51,70,44,937.89,15,2,0,945.92,0,2,2025,0
2024-12-29,S014,P0300,2,4,337,84,159,122,84.48,20,3,1,72.39,2,12,2024,0
2024-07-21,S010,P0121,2,2,213,40,85,49,712.15,10,0,1,730.78,0,7,2024,0
2024-06-07,S015,P0241,0,1,171,82,104,78,163.78,5,1,1,125.74,2,6,2024,0
2024-04-11,S019,P0431,2,3,459,28,80,61,139.88,0,3,1,170.89,2,4,2024,0
2024-09-20,S019,P0476,0,0,247,31,56,27,333.4,0,1,0,349.56,3,9,2024,0
2025-06-02,S007,P0377,0,2,396,31,46,36,479.22,0,1,0,459.06,1,6,2025,0
2024-07-25,S020,P0345,5,2,364,95,117,103,74.78,15,2,1,121.08,2,7,2024,0
2024-12-22,S007,P0125,5,0,153,62,97,92,704.56,10,1,0,741.1,0,12,2024,0
2024-04-20,S005,P0017,2,0,268,107,157,123,575.73,5,1,0,594.66,0,4,2024,0
2025-07-18,S018,P0214,4,2,372,10,43,11,931.88,10,3,0,927.97,2,7,2025,0
2025-01-13,S014,P0174,1,3,170,81,121,109,115.71,10,1,0,97.93,3,1,2025,0
2024-08-16,S014,P0423,1,1,232,64,116,98,850.22,0,0,1,843.33,2,8,2024,0
2025-04-08,S009,P0248,1,4,369,7,42,27,388.73,0,0,1,351.44,3,4,2025,0
2024-06-27,S001,P0340,5,4,75,63,136,103,817.15,20,2,1,797.41,1,6,2024,1
2025-04-02,S007,P0034,4,2,92,114,124,107,98.18,15,2,0,65.15,1,4,2025,1
2024-11-17,S001,P0455,1,0,400,93,142,118,693.35,15,1,0,739.81,0,11,2024,0
2024-09-09,S004,P0223,1,1,469,20,59,38,332.94,0,1,0,308.99,3,9,2024,0
2024-08-20,S012,P0226,2,0,328,116,143,135,846.94,15,3,0,830.57,3,8,2024,0
2024-09-21,S002,P0112,4,1,86,50,85,82,620.35,15,0,1,590.01,2,9,2024,0
2024-07-13,S007,P0458,0,3,79,31,69,30,623.47,15,0,0,622.09,3,7,2024,0
2025-09-13,S013,P0361,5,0,257,117,185,156,415.2,20,1,1,401.4,0,9,2025,0
2025-12-30,S013,P0091,4,4,351,94,115,101,492.86,15,3,1,462.47,1,12,2025,0
2024-04-28,S011,P0178,3,0,433,60,86,73,965.55,10,0,0,975.25,3,4,2024,0
2025-03-11,S018,P0212,3,2,360,77,139,100,343.52,5,2,1,354.21,0,3,2025,0
2024-11-29,S020,P0154,3,2,375,85,99,92,452.21,5,0,1,472.29,0,11,2024,0
2024-06-11,S015,P0432,2,3,486,14,42,26,316.92,0,0,1,324.9,0,6,2024,0
2025-05-21,S016,P0326,5,4,153,9,19,18,948.99,10,3,1,914.88,0,5,2025,0
2024-09-14,S015,P0405,5,4,491,64,105,81,934.58,5,2,0,889.58,3,9,2024,0
2025-11-14,S004,P0319,0,2,350,5,33,32,401.28,10,2,1,427.94,2,11,2025,0
2024-10-14,S003,P0256,1,0,432,57,76,53,729.13,10,1,1,690.96,2,10,2024,0
2024-02-23,S001,P0092,4,1,320,23,38,33,759.49,5,3,1,771.31,3,2,2024,0
2024-11-07,S012,P0190,0,3,245,37,98,70,184.72,20,1,0,140.2,2,11,2024,0
2025-12-11,S010,P0161,2,0,336,8,53,14,960.57,15,0,0,945.06,2,12,2025,0
2025-01-26,S010,P0453,5,4,138,30,48,33,779.07,20,0,1,783.47,3,1,2025,0
2024-07-31,S003,P0107,1,2,385,42,79,67,794.06,20,2,1,757.85,1,7,2024,0
2025-11-08,S019,P0125,0,2,414,106,128,112,806.5,0,2,0,776.63,2,11,2025,0
2024-07-27,S015,P0057,4,3,165,96,143,129,935.94,0,3,1,981.65,3,7,2024,0
2025-01-27,S013,P0237,5,0,363,7,36,24,573.29,5,3,1,529.99,3,1,2025,0
2025-07-11,S013,P0296,5,4,430,12,26,11,919.22,20,3,1,893.32,0,7,2025,0
2025-04-05,S003,P0463,1,0,331,117,142,127,784.51,15,1,0,765.47,0,4,2025,0
2025-04-07,S006,P0157,1,3,375,28,76,51,256.52,20,1,0,276.66,2,4,2025,0
2024-02-28,S001,P0311,1,0,135,14,74,34,351.55,0,3,1,327.68,0,2,2024,0
2025-05-05,S003,P0013,2,4,90,71,124,85,249.11,10,1,1,222.67,2,5,2025,0
2025-06-16,S002,P0440,3,1,114,61,95,75,821.84,10,2,0,825.86,2,6,2025,0
2024-08-29,S001,P0349,1,1,305,51,98,76,727.31,5,0,0,680.03,0,8,2024,0
2025-07-17,S012,P0054,5,0,454,44,103,65,149.79,15,2,1,126.89,2,7,2025,0
2025-11-25,S005,P0177,0,0,88,26,50,22,461.7,20,1,1,472.93,3,11,2025,0
2024-08-01,S016,P0068,4,2,110,5,56,39,114.77,0,3,1,87.73,1,8,2024,0
2024-06-25,S007,P0238,1,2,324,48,86,66,993.62,0,2,0,959.2,2,6,2024,0
2024-07-31,S014,P0224,4,0,379,7,58,47,166.78,0,1,1,163.48,2,7,2024,0
2025-05-15,S019,P0456,5,1,166,58,64,58,854.75,5,1,0,835.04,1,5,2025,0
2024-12-24,S011,P0433,4,2,223,25,56,19,954.84,20,0,0,998.34,3,12,2024,0
2024-11-01,S018,P0465,5,3,275,51,82,54,433.32,5,0,0,458.85,0,11,2024,0
2025-06-04,S012,P0461,5,1,201,74,110,91,995.19,15,2,0,986.96,3,6,2025,0
2024-11-25,S020,P0374,4,4,80,76,115,92,941.65,0,0,0,931.28,3,11,2024,1
2024-04-11,S011,P0212,4,4,211,79,110,110,319.89,5,3,0,357.24,2,4,2024,0
2025-03-10,S018,P0025,0,4,154,53,113,82,621.16,0,2,1,655.97,1,3,2025,0
2024-08-13,S004,P0214,3,4,279,95,146,135,509.49,0,0,1,531.09,2,8,2024,0
2024-01-29,S008,P0288,1,3,347,83,94,83,341.28,0,0,0,309.72,1,1,2024,0
2024-05-17,S010,P0262,2,1,479,68,97,82,330.94,0,2,1,369.63,0,5,2024,0
2025-11-17,S018,P0307,3,0,69,21,92,54,948.37,10,0,1,935.34,2,11,2025,0
2024-12-05,S003,P0222,4,1,276,115,165,147,574.78,20,1,0,593.03,0,12,2024,0
2024-05-26,S001,P0293,5,2,88,75,140,110,655.75,10,3,1,613.67,1,5,2024,1
2025-11-14,S010,P0458,4,4,174,101,156,127,256.93,0,1,1,219.18,1,11,2025,0
2024-01-27,S001,P0145,5,1,309,74,109,103,930.03,0,2,1,911.48,1,1,2024,0
2025-10-26,S007,P0135,5,1,157,12,26,3,620.84,10,0,0,648.49,2,10,2025,0
2024-04-01,S003,P0449,4,3,28,96,115,105,26.53,20,2,0,67.01,0,4,2024,1
2025-08-06,S012,P0160,1,1,38,111,165,130,448.51,10,3,1,431.41,2,8,2025,1
2025-04-13,S019,P0195,5,2,209,111,158,129,981.57,15,2,1,1014.41,1,4,2025,0
2025-08-24,S009,P0404,4,3,161,19,45,22,818.11,5,2,0,849.82,0,8,2025,0
2025-08-25,S019,P0318,3,3,444,51,85,75,489.53,0,2,1,508.85,0,8,2025,0
2025-02-01,S017,P0331,3,4,308,91,139,123,602.05,15,2,1,640.69,3,2,2025,0
2024-01-12,S020,P0391,0,1,106,96,122,100,816.11,5,2,1,768.82,0,1,2024,0
2025-04-25,S014,P0103,3,4,125,95,139,101,268.74,5,0,0,274.99,3,4,2025,0
2024-09-05,S001,P0058,4,0,394,74,141,111,891.69,20,3,1,891.49,3,9,2024,0
2024-08-24,S004,P0137,3,3,139,106,165,126,332.54,5,0,1,303.39,1,8,2024,0
2024-01-13,S020,P0214,3,3,362,64,108,102,153.11,20,2,1,151.63,3,1,2024,0
2024-07-15,S002,P0157,0,0,365,27,31,28,832.23,5,0,1,800.33,0,7,2024,0
2024-04-24,S016,P0058,1,1,329,67,124,89,107.11,10,1,0,115.72,3,4,2024,0
2024-01-16,S004,P0256,1,2,380,105,146,135,516.1,5,1,1,479.41,2,1,2024,0
2025-05-21,S002,P0430,0,4,272,91,111,98,264.87,5,1,0,313.57,3,5,2025,0
2025-05-24,S006,P0390,3,2,134,33,60,38,525.35,5,3,0,516.2,2,5,2025,0
2025-09-19,S013,P0090,1,2,494,93,153,114,424.27,10,2,0,474.2,3,9,2025,0
2025-10-11,S009,P0006,2,4,47,58,60,58,519.02,0,2,0,551.36,0,10,2025,1
2025-11-14,S008,P0455,5,1,438,32,55,46,829.85,5,3,1,791.48,3,11,2025,0
2024-09-02,S019,P0068,4,2,158,37,89,65,546.35,20,0,0,528.97,0,9,2024,0
2024-10-05,S010,P0239,3,2,362,97,141,124,737.93,15,0,0,702.01,0,10,2024,0
2024-11-09,S009,P0301,1,1,84,91,115,87,838.27,15,2,0,811.36,3,11,2024,1
2024-10-17,S017,P0035,0,1,174,38,73,47,696.83,10,1,0,695.33,2,10,2024,0
2025-12-21,S011,P0443,1,0,474,70,140,108,538.8,15,1,1,518.6,0,12,2025,0
2024-08-31,S004,P0115,2,0,62,65,108,90,163.7,5,2,0,207.61,0,8,2024,1
2025-06-23,S015,P0378,1,1,132,83,117,86,490.04,5,0,1,514.88,2,6,2025,0
2024-09-20,S009,P0388,1,3,79,26,36,36,719.41,20,0,0,737.15,2,9,2024,0
2024-07-03,S020,P0248,0,3,137,115,143,134,53.13,10,2,1,94.53,3,7,2024,0
2025-03-15,S018,P0463,2,4,140,25,68,30,917.86,20,1,1,923.56,0,3,2025,0
2024-06-12,S015,P0188,0,0,69,5,49,28,916.91,5,1,0,963.68,2,6,2024,0
2024-06-11,S002,P0286,4,1,64,72,117,100,802.1,10,3,1,840.0,3,6,2024,1
2025-09-08,S005,P0400,5,2,337,39,75,40,128.9,20,2,0,102.41,2,9,2025,0
2024-07-24,S010,P0289,5,4,356,80,137,117,346.01,10,3,0,315.56,2,7,2024,0
2025-10-02,S005,P0142,3,2,26,39,68,32,678.23,5,3,1,646.75,1,10,2025,1
2024-08-18,S017,P0336,5,4,77,53,69,55,142.44,5,1,0,92.82,0,8,2024,0
2025-05-06,S003,P0467,3,1,277,35,62,61,923.56,0,2,0,963.12,3,5,2025,0
2024-02-21,S006,P0144,0,0,95,43,76,40,989.37,5,0,1,986.45,3,2,2024,0
2025-03-27,S018,P0108,1,2,216,78,145,105,816.5,10,2,0,780.83,0,3,2025,0
2024-04-19,S012,P0142,0,2,238,56,71,68,931.91,20,1,0,886.74,1,4,2024,0
2025-02-03,S016,P0189,1,2,50,19,59,51,230.05,15,3,1,193.81,2,2,2025,1
2025-01-30,S016,P0330,3,0,460,57,129,95,355.32,10,0,0,329.24,3,1,2025,0
2025-12-10,S002,P0475,3,2,299,39,84,52,83.79,15,1,1,56.48,2,12,2025,0
2024-07-15,S020,P0340,4,2,228,29,57,49,336.9,0,1,1,296.24,3,7,2024,0
2024-06-06,S015,P0345,0,0,214,24,56,28,34.38,0,1,0,22.74,2,6,2024,0
2024-06-05,S009,P0254,2,3,314,25,53,35,850.37,15,3,0,834.04,3,6,2024,0
2024-10-31,S010,P0082,3,4,209,50,81,78,214.24,10,1,0,186.77,1,10,2024,0
2025-03-10,S016,P0156,5,4,251,115,137,129,175.69,15,3,0,164.67,0,3,2025,0
2024-12-09,S012,P0306,2,1,105,101,118,100,726.82,5,1,0,746.03,0,12,2024,0
2025-09-10,S013,P0021,5,3,250,73,90,66,279.1,15,0,0,237.41,2,9,2025,0
2024-03-11,S019,P0309,0,3,75,59,58,51,354.5,10,3,1,327.96,0,3,2024,0
2024-10-13,S009,P0110,5,4,435,28,34,34,102.45,0,3,0,120.11,3,10,2024,0
2025-06-27,S017,P0331,3,4,431,70,96,75,532.03,10,0,0,571.27,0,6,2025,0
2025-10-10,S016,P0134,3,1,307,62,114,75,454.46,20,0,1,481.65,3,10,2025,0
2024-11-06,S009,P0300,2,0,129,54,87,77,799.29,10,0,1,789.65,1,11,2024,0
2025-06-19,S017,P0055,0,0,461,87,134,104,927.14,10,3,0,900.4,1,6,2025,0
2025-06-18,S020,P0463,3,3,365,104,148,132,379.4,0,0,0,414.01,1,6,2025,0
2024-03-13,S006,P0111,2,2,350,96,163,127,620.74,5,3,1,617.16,2,3,2024,0
2025-09-29,S018,P0434,2,1,425,52,105,81,198.63,0,2,1,228.79,0,9,2025,0
2024-07-27,S001,P0034,0,1,437,28,56,20,721.14,15,2,0,678.77,3,7,2024,0
2025-09-28,S002,P0109,2,4,266,25,96,60,832.96,10,0,1,790.06,1,9,2025,0
2025-08-04,S009,P0021,1,2,419,97,110,101,712.07,20,2,1,751.32,2,8,2025,0
2024-02-04,S009,P0211,2,0,404,36,102,71,37.68,15,3,0,-2.19,1,2,2024,0
2025-12-15,S005,P0230,0,0,139,65,108,68,114.52,15,1,0,144.72,0,12,2025,0
2025-02-27,S015,P0241,0,2,494,11,8,6,26.06,15,3,0,39.79,3,2,2025,0
2024-03-05,S003,P0279,1,4,282,32,53,30,633.42,15,3,1,621.55,0,3,2024,0
2024-09-06,S005,P0385,3,3,435,63,55,55,504.63,0,3,1,464.65,1,9,2024,0
2025-07-27,S003,P0390,4,2,444,32,63,61,325.44,0,2,1,287.63,0,7,2025,0
2025-08-25,S016,P0432,1,2,77,5,69,45,916.73,15,3,0,928.33,0,8,2025,0
2024-03-22,S005,P0186,1,0,61,106,172,145,237.08,5,2,0,242.94,2,3,2024,1
2025-08-27,S004,P0033,2,2,499,47,109,69,392.28,15,1,0,386.89,0,8,2025,0
2024-11-04,S009,P0473,5,3,422,109,161,137,322.98,0,3,1,370.19,0,11,2024,0
2024-09-26,S011,P0002,3,1,345,72,86,65,698.36,10,1,0,710.13,2,9,2024,0
2025-03-04,S010,P0258,2,4,130,36,60,49,234.87,15,3,1,247.81,2,3,2025,0
2024-01-03,S005,P0008,3,2,99,7,27,22,693.3,20,2,0,723.5,1,1,2024,0
2025-04-18,S016,P0467,3,0,163,44,77,67,186.11,15,3,1,191.57,0,4,2025,0
2025-09-18,S015,P0388,2,3,241,34,63,26,915.36,15,2,1,904.5,2,9,2025,0
2025-12-27,S002,P0132,5,4,331,113,149,130,845.9,20,3,0,802.91,0,12,2025,0
2025-09-01,S014,P0177,2,4,187,115,141,121,641.57,10,3,1,664.86,1,9,2025,0
2024-04-23,S006,P0267,2,3,196,30,46,36,470.93,20,1,1,442.12,1,4,2024,0
2025-01-21,S010,P0394,4,1,238,46,86,52,635.26,5,2,0,635.22,0,1,2025,0
2025-10-05,S005,P0330,1,1,160,87,92,80,893.31,0,1,0,915.32,1,10,2025,0
2024-11-30,S018,P0089,3,3,407,113,157,139,365.51,5,1,0,370.92,0,11,2024,0
2024-09-07,S017,P0307,5,4,131,49,89,63,519.55,5,0,0,568.13,0,9,2024,0
2024-11-06,S020,P0281,1,2,329,120,159,150,667.89,5,1,1,702.02,1,11,2024,0
2025-10-16,S016,P0498,1,2,223,14,93,54,87.21,10,0,1,104.41,3,10,2025,0
2024-03-21,S007,P0036,0,3,202,100,172,139,116.88,15,0,1,150.65,3,3,2024,0
2024-04-25,S013,P0104,4,4,203,74,118,93,344.5,20,0,1,372.08,0,4,2024,0
2025-03-25,S020,P0286,1,2,439,100,136,128,129.56,10,3,0,86.0,0,3,2025,0
2024-08-14,S013,P0172,2,0,27,9,36,7,493.24,5,0,1,518.24,1,8,2024,0
2025-10-20,S007,P0479,3,4,231,85,122,87,18.44,20,2,0,-14.25,2,10,2025,0
2025-12-12,S008,P0441,4,0,348,17,31,12,254.02,0,2,1,249.9,0,12,2025,0
2024-04-21,S008,P0016,2,1,156,113,141,114,723.99,10,2,1,687.39,0,4,2024,0
2024-07-22,S010,P0363,5,3,279,98,132,100,873.36,0,0,0,864.66,3,7,2024,0
2024-12-30,S010,P0251,0,3,292,41,103,73,266.97,20,2,1,296.02,0,12,2024,0
2024-12-07,S006,P0474,0,1,438,82,137,101,560.29,20,0,0,564.61,3,12,2024,0
2025-10-28,S019,P0313,2,2,500,40,46,39,31.12,0,3,0,11.14,1,10,2025,0
2025-06-23,S015,P0361,4,0,184,107,137,114,216.66,0,2,0,238.79,2,6,2025,0
2025-03-17,S001,P0017,5,3,324,27,80,67,244.55,10,0,0,274.67,2,3,2025,0
2025-09-01,S007,P0233,2,3,191,115,158,147,867.69,10,3,1,857.72,0,9,2025,0
2024-06-10,S004,P0378,1,2,179,51,105,74,808.63,0,2,0,780.72,3,6,2024,0
2025-05-17,S010,P0427,4,3,141,90,116,93,561.61,15,3,0,525.82,3,5,2025,0
2024-12-13,S016,P0036,2,2,239,79,107,88,228.08,15,1,0,266.67,2,12,2024,0
2024-12-22,S012,P0402,0,0,478,94,158,126,684.05,0,1,0,725.35,1,12,2024,0
2024-06-11,S007,P0439,1,4,389,66,108,69,430.28,10,3,1,400.19,3,6,2024,0
2025-10-21,S016,P0286,0,3,326,83,117,82,426.49,20,2,0,442.61,0,10,2025,0
2024-04-15,S015,P0441,5,1,181,33,76,48,792.28,0,3,0,811.58,1,4,2024,0
2025-09-22,S013,P0266,0,0,323,18,59,51,996.85,20,0,0,978.22,3,9,2025,0
2025-03-06,S013,P0388,5,0,166,110,151,136,213.41,0,0,0,172.13,3,3,2025,0
2024-06-23,S001,P0367,3,4,218,100,104,98,522.72,15,1,1,544.38,2,6,2024,0
2025-12-02,S003,P0219,0,4,209,99,131,96,332.08,5,3,1,296.54,3,12,2025,0
2025-03-26,S010,P0262,0,1,396,108,152,113,520.4,15,0,0,478.25,2,3,2025,0
2024-01-31,S016,P0472,0,2,22,64,113,95,784.74,15,0,0,808.55,0,1,2024,1
2024-04-12,S008,P0440,3,4,276,31,52,27,252.04,5,1,1,290.61,0,4,2024,0
2025-04-12,S015,P0030,3,1,396,50,101,69,815.5,15,3,0,852.98,1,4,2025,0
2025-03-13,S012,P0365,3,4,238,10,60,24,644.33,10,3,1,596.26,1,3,2025,0
2025-06-09,S009,P0255,0,2,335,57,92,70,860.92,5,0,1,824.51,2,6,2025,0
2025-11-19,S017,P0433,3,1,159,6,55,39,203.54,15,2,1,205.58,3,11,2025,0
2024-01-06,S013,P0324,3,0,471,13,47,38,17.65,20,3,1,16.48,2,1,2024,0
2025-05-03,S004,P0489,4,0,61,77,105,73,596.49,5,2,1,602.39,3,5,2025,1
2025-02-27,S015,P0216,5,2,190,5,34,1,955.55,15,3,1,979.25,1,2,2025,0
2025-12-30,S003,P0171,3,0,245,92,110,102,134.88,5,1,1,115.5,3,12,2025,0
2025-02-17,S007,P0043,4,4,466,60,76,71,492.62,15,0,1,462.71,3,2,2025,0
2024-09-02,S012,P0176,4,3,186,22,88,57,679.6,15,2,0,709.61,0,9,2024,0
2024-03-05,S011,P0057,2,3,67,115,146,138,327.28,15,3,0,339.88,2,3,2024,1
2025-04-25,S018,P0048,5,3,68,103,130,114,539.45,5,0,1,530.79,2,4,2025,1
2024-12-07,S019,P0213,5,0,32,29,49,31,408.23,15,2,0,389.35,1,12,2024,0
2024-11-04,S018,P0073,1,0,350,100,135,108,702.85,10,2,1,723.74,2,11,2024,0
2024-04-18,S009,P0421,1,1,408,21,52,32,515.0,15,3,1,560.84,3,4,2024,0
2024-12-14,S014,P0166,5,4,53,31,64,40,379.68,20,2,1,400.14,1,12,2024,0
2024-09-29,S008,P0329,4,3,170,66,92,87,236.19,0,0,1,202.72,3,9,2024,0
2025-03-10,S014,P0430,2,1,208,104,131,123,614.77,20,2,1,659.2,3,3,2025,0
2025-03-07,S013,P0226,5,4,438,68,101,98,868.34,20,2,0,841.65,0,3,2025,0
2024-04-07,S004,P0384,1,0,37,115,187,152,259.41,20,1,1,256.32,3,4,2024,1
2024-08-11,S017,P0094,2,2,363,40,71,32,738.38,10,2,1,762.09,2,8,2024,0
2024-02-24,S014,P0360,0,2,128,15,47,47,442.77,15,0,0,420.91,1,2,2024,0
2025-10-19,S017,P0321,5,4,338,64,122,87,516.87,10,0,0,501.84,1,10,2025,0
2024-03-28,S014,P0035,5,0,70,42,75,70,463.52,20,3,0,497.78,2,3,2024,0
2024-08-18,S007,P0486,3,4,346,96,144,122,105.47,20,2,0,141.5,1,8,2024,0
2025-07-09,S006,P0483,2,1,358,82,141,108,308.65,0,3,1,260.74,3,7,2025,0
2024-11-20,S015,P0209,0,2,488,22,34,28,105.67,5,1,1,59.6,0,11,2024,0
2024-07-01,S019,P0214,5,2,449,77,123,85,379.83,15,3,0,335.13,2,7,2024,0
2025-08-27,S013,P0036,3,0,264,11,40,20,213.95,15,2,0,218.22,1,8,2025,0
2025-01-20,S003,P0144,5,3,97,19,61,49,341.92,10,3,0,332.32,2,1,2025,0
2025-11-12,S019,P0445,4,1,489,70,112,100,687.12,10,1,1,692.97,2,11,2025,0
2024-02-21,S001,P0445,3,1,36,71,131,110,581.21,0,3,0,562.39,3,2,2024,1
2024-08-08,S007,P0040,3,1,227,96,113,102,885.61,15,1,0,907.89,3,8,2024,0
2024-10-26,S013,P0084,1,4,472,85,110,103,803.86,20,2,0,843.72,2,10,2024,0
2025-10-19,S009,P0278,3,2,332,27,25,23,817.49,15,0,1,781.07,1,10,2025,0
2024-12-11,S009,P0352,1,1,30,98,155,119,427.61,0,2,1,400.1,1,12,2024,1
2025-12-16,S003,P0142,0,4,349,86,101,96,614.23,15,3,0,581.4,0,12,2025,0
2025-12-07,S007,P0227,4,1,292,120,181,154,781.08,15,2,0,747.37,3,12,2025,0
2025-11-23,S007,P0438,5,0,472,64,72,61,75.18,20,3,0,82.25,1,11,2025,0
2025-05-04,S015,P0296,2,3,20,90,159,128,640.56,0,0,0,603.26,0,5,2025,1
2024-07-06,S018,P0255,4,2,246,69,89,77,10.08,0,2,0,-17.98,1,7,2024,0
2024-12-14,S010,P0308,5,0,446,77,124,86,96.8,20,2,0,88.26,2,12,2024,0
2025-12-16,S013,P0257,2,2,111,5,45,8,149.81,15,1,0,155.1,0,12,2025,0
2025-01-16,S013,P0455,0,3,397,106,161,127,374.36,10,3,1,357.13,0,1,2025,0
2025-03-04,S012,P0236,0,2,167,31,54,22,120.51,5,0,1,85.52,2,3,2025,0
2024-06-16,S001,P0293,0,1,235,55,79,64,695.29,10,0,0,718.38,2,6,2024,0
2024-04-10,S005,P0414,5,1,166,103,138,129,662.9,15,2,0,655.09,1,4,2024,0
2024-01-03,S005,P0131,0,0,123,76,107,75,68.79,0,2,0,24.88,3,1,2024,0
2025-10-06,S020,P0126,5,3,255,88,130,115,601.84,15,1,1,613.1,2,10,2025,0
2024-07-19,S013,P0268,4,0,289,62,114,79,517.24,20,1,0,539.21,3,7,2024,0
2025-04-03,S013,P0179,3,3,127,76,139,112,967.1,0,1,0,1008.21,3,4,2025,0
2025-05-17,S018,P0500,2,3,433,110,178,140,835.47,20,0,1,809.03,3,5,2025,0
2025-08-16,S020,P0207,1,3,329,71,86,62,942.57,10,1,0,984.93,2,8,2025,0
2025-08-31,S015,P0079,5,3,485,112,190,151,727.45,0,2,0,731.57,2,8,2025,0
2025-07-01,S015,P0413,4,4,65,119,140,112,410.12,15,2,1,434.22,1,7,2025,1
2024-03-18,S014,P0257,4,0,292,13,43,41,365.29,20,1,1,359.07,3,3,2024,0
2025-01-05,S009,P0072,2,2,130,93,131,114,52.47,15,3,1,18.25,2,1,2025,0
2024-06-04,S017,P0275,0,0,163,76,140,110,503.12,15,3,0,488.14,1,6,2024,0
2024-03-24,S016,P0094,0,4,128,23,69,50,31.22,5,2,1,75.66,0,3,2024,0
2025-05-02,S018,P0476,5,1,411,23,71,38,329.57,0,1,0,326.08,3,5,2025,0
2024-01-28,S009,P0331,0,2,316,84,143,111,434.45,20,0,1,400.55,0,1,2024,0
2025-09-23,S016,P0192,0,3,34,44,95,66,750.16,10,0,0,772.24,2,9,2025,1
2025-01-25,S019,P0310,5,4,450,42,107,71,397.83,0,2,1,396.56,2,1,2025,0
2024-06-13,S003,P0388,0,3,92,94,130,111,871.55,15,1,1,894.6,3,6,2024,1
2024-05-31,S016,P0432,2,0,274,6,33,4,777.41,0,2,0,813.02,2,5,2024,0
2025-07-04,S013,P0333,4,2,374,9,25,19,259.62,5,3,0,296.7,3,7,2025,0
2024-06-07,S013,P0314,4,2,409,118,141,110,348.62,0,0,0,304.09,0,6,2024,0
2025-08-05,S012,P0484,2,1,132,115,152,142,866.3,10,1,1,841.91,2,8,2025,1
2024-05-10,S003,P0098,4,0,69,43,114,80,985.75,10,0,1,963.71,1,5,2024,1
2025-02-15,S011,P0223,4,1,308,81,96,83,938.39,5,3,0,943.55,3,2,2025,0
2024-12-23,S014,P0421,3,4,397,89,149,122,601.76,0,3,1,553.06,2,12,2024,0
2025-06-15,S003,P0233,3,2,456,67,77,75,707.88,20,2,1,722.69,2,6,2025,0
2024-03-11,S019,P0456,4,4,161,45,77,43,446.4,20,1,1,454.7,3,3,2024,0
2025-10-19,S002,P0165,2,2,115,75,86,83,367.01,0,1,1,367.26,3,10,2025,0
2024-06-02,S017,P0291,2,1,354,57,66,50,704.68,20,0,1,690.07,0,6,2024,0
2024-10-05,S010,P0236,1,0,27,81,120,86,944.33,15,1,0,929.65,3,10,2024,1
2025-12-04,S013,P0195,3,3,210,37,88,59,312.99,15,3,1,266.68,0,12,2025,0
2025-02-05,S012,P0006,1,3,23,79,129,110,279.49,15,1,0,316.65,3,2,2025,1
2025-03-03,S012,P0015,0,0,222,85,122,98,438.44,0,3,0,473.08,0,3,2025,0
2025-12-13,S016,P0294,5,3,254,59,101,70,542.45,20,3,0,513.73,1,12,2025,0
2024-09-29,S011,P0446,3,2,135,64,99,63,844.9,0,2,1,865.39,3,9,2024,0
2024-01-28,S008,P0087,1,2,90,63,97,80,502.12,10,3,1,470.85,2,1,2024,0
2025-03-23,S018,P0056,3,3,351,58,104,96,242.21,15,3,1,211.42,3,3,2025,0
2024-09-26,S013,P0112,3,3,209,25,61,30,538.67,0,2,0,509.4,2,9,2024,0
2025-01-08,S011,P0472,4,2,233,45,95,60,398.76,20,3,1,352.17,0,1,2025,0
2025-07-23,S012,P0443,1,2,314,89,114,101,549.03,10,0,0,545.94,2,7,2025,0
2025-12-02,S002,P0493,2,4,298,93,151,130,459.52,0,0,1,465.5,0,12,2025,0
2025-06-27,S009,P0219,2,2,286,116,135,113,673.01,0,0,0,718.53,3,6,2025,0
2025-04-10,S013,P0201,2,0,67,9,27,1,919.52,15,0,0,953.86,0,4,2025,0
2025-11-14,S016,P0218,2,1,190,35,114,74,688.13,5,0,1,687.89,2,11,2025,0
2025-11-09,S014,P0093,3,4,137,40,56,48,240.66,20,2,0,200.89,0,11,2025,0
2025-09-20,S018,P0265,3,4,350,18,66,41,105.73,15,1,0,144.38,3,9,2025,0
2025-11-06,S007,P0040,5,3,211,101,116,104,95.84,10,0,0,54.05,3,11,2025,0
2024-04-21,S010,P0158,2,0,247,119,119,109,490.3,10,1,0,487.78,2,4,2024,0
2024-06-28,S014,P0286,3,3,136,103,139,132,487.76,15,0,0,445.37,0,6,2024,0
2025-11-08,S016,P0156,1,0,120,20,63,23,708.11,10,2,0,727.73,1,11,2025,0
2024-10-07,S014,P0054,5,4,34,115,145,133,613.98,5,0,0,621.45,0,10,2024,1
2025-03-25,S010,P0135,3,1,268,80,109,106,391.02,20,3,1,430.84,3,3,2025,0
2025-09-03,S012,P0473,3,0,181,38,69,49,87.15,5,2,1,66.09,0,9,2025,0
2025-07-14,S002,P0457,5,4,148,5,28,1,846.45,0,0,1,863.53,0,7,2025,0
2024-11-09,S001,P0050,0,4,186,32,68,37,692.2,10,3,0,726.51,1,11,2024,0
2025-11-20,S008,P0097,2,4,75,53,105,86,993.79,10,0,1,1031.9,3,11,2025,1
2024-07-25,S016,P0057,4,1,156,14,75,44,511.76,0,2,1,523.62,0,7,2024,0
2024-12-19,S012,P0168,4,3,72,44,93,71,107.65,20,2,1,143.37,1,12,2024,0
2025-07-16,S017,P0026,4,1,38,116,146,135,598.82,15,1,1,621.47,1,7,2025,1
2025-07-07,S001,P0422,4,0,179,72,99,70,716.38,5,3,0,731.59,3,7,2025,0
2024-11-15,S001,P0194,5,2,390,54,77,61,346.98,5,0,0,299.17,3,11,2024,0
2025-11-21,S007,P0028,1,3,332,83,108,76,92.81,20,2,0,90.75,2,11,2025,0
2024-05-22,S014,P0314,0,2,433,63,74,64,214.66,15,0,1,186.86,2,5,2024,0
2025-10-26,S012,P0108,0,3,217,118,131,110,589.29,10,1,0,585.72,0,10,2025,0
2024-09-23,S007,P0394,0,1,321,31,46,24,862.6,20,3,1,859.42,0,9,2024,0
2025-09-21,S001,P0313,4,0,320,60,77,68,426.6,15,2,1,459.0,1,9,2025,0
2024-09-18,S013,P0149,1,2,471,6,60,40,98.82,5,3,1,60.27,1,9,2024,0
2025-01-10,S010,P0454,3,4,234,44,82,79,973.73,5,3,1,993.54,1,1,2025,0
2024-05-10,S009,P0105,0,4,296,101,168,132,662.3,5,1,0,631.23,0,5,2024,0
2025-01-11,S016,P0143,2,1,468,120,181,145,175.55,10,1,0,131.93,1,1,2025,0
2025-04-14,S017,P0345,4,1,201,55,88,68,111.11,20,2,1,145.71,2,4,2025,0
2025-03-14,S001,P0041,3,3,271,57,96,74,774.75,0,3,1,745.77,2,3,2025,0
2025-10-21,S009,P0092,1,1,409,94,148,117,362.87,5,0,1,376.97,0,10,2025,0
2024-10-22,S017,P0270,5,3,366,104,163,142,756.98,15,2,1,735.83,2,10,2024,0
2025-01-05,S008,P0478,0,3,97,52,73,60,45.56,5,3,0,89.38,3,1,2025,0
2025-05-16,S014,P0488,4,0,120,92,124,100,425.78,0,1,0,469.81,1,5,2025,0
2024-04-14,S002,P0341,1,2,203,65,124,104,421.07,0,1,1,372.79,2,4,2024,0
2024-07-02,S004,P0092,1,4,475,18,61,53,217.55,10,1,1,263.67,2,7,2024,0
2024-06-05,S014,P0420,3,3,304,50,62,56,269.14,5,2,1,312.69,3,6,2024,0
2024-10-29,S004,P0428,4,4,155,45,77,47,115.34,0,2,0,92.01,1,10,2024,0
2025-07-17,S004,P0107,3,4,276,108,105,100,682.2,10,0,1,708.36,2,7,2025,0
2024-06-28,S002,P0107,3,4,381,92,119,107,344.32,10,1,1,335.77,3,6,2024,0
2024-12-15,S004,P0182,0,1,247,15,70,41,254.87,5,0,1,275.19,1,12,2024,0
2025-07-26,S006,P0450,3,1,393,65,122,82,780.41,15,2,0,731.07,3,7,2025,0
2025-11-23,S017,P0311,1,0,318,34,63,24,615.84,20,0,1,619.25,1,11,2025,0
2025-12-13,S019,P0112,5,0,307,60,117,81,991.29,20,3,1,998.43,0,12,2025,0
2025-07-29,S003,P0307,5,2,438,92,128,111,394.89,5,3,1,368.34,0,7,2025,0
2024-04-03,S013,P0464,3,4,205,48,76,45,849.61,10,1,0,851.58,2,4,2024,0
2024-07-26,S014,P0493,2,0,104,117,139,137,139.26,20,2,0,149.71,0,7,2024,1
2024-08-05,S013,P0182,1,1,55,16,40,30,914.64,0,0,0,935.88,2,8,2024,0
2025-09-20,S003,P0010,0,1,498,56,115,92,687.57,10,2,0,712.48,3,9,2025,0
2025-11-09,S019,P0213,1,0,43,31,67,64,998.3,5,0,0,994.39,1,11,2025,1
2025-09-14,S009,P0291,0,1,116,47,89,70,211.77,5,1,1,180.6,2,9,2025,0
2024-12-19,S001,P0388,4,0,382,116,168,141,54.92,5,3,1,69.19,0,12,2024,0
2024-02-18,S010,P0382,1,1,354,78,153,114,588.9,10,3,0,551.31,3,2,2024,0
2025-07-25,S009,P0367,3,0,198,6,43,38,706.99,10,2,1,704.91,1,7,2025,0
2024-09-17,S011,P0355,0,3,56,118,129,119,805.71,10,1,0,800.93,0,9,2024,1
2024-08-04,S018,P0489,1,4,327,97,112,112,848.78,5,0,0,824.13,2,8,2024,0
2025-01-11,S006,P0232,2,0,364,35,86,61,532.64,10,1,1,557.79,3,1,2025,0
2025-07-15,S009,P0453,3,0,351,75,81,71,160.89,15,3,0,149.87,3,7,2025,0
2024-06-14,S008,P0184,1,1,24,82,149,120,591.05,0,3,1,601.79,1,6,2024,1
2024-12-15,S012,P0459,3,3,352,32,44,37,445.46,5,2,0,462.53,3,12,2024,0
2025-06-28,S018,P0236,3,1,219,11,35,20,473.03,15,1,0,515.13,3,6,2025,0
2025-05-19,S001,P0103,3,1,90,9,49,42,330.1,5,2,0,302.82,0,5,2025,0
2025-03-31,S004,P0183,1,0,410,37,43,31,924.72,5,2,1,881.71,0,3,2025,0
2025-07-06,S007,P0045,0,1,404,106,159,140,166.3,15,1,1,181.9,3,7,2025,0
2024-07-30,S013,P0328,0,3,348,88,133,97,126.32,0,2,0,111.9,1,7,2024,0
2024-03-31,S010,P0167,3,3,126,56,91,65,882.85,5,1,1,865.72,2,3,2024,0
2024-11-28,S020,P0229,4,0,371,32,73,41,663.35,5,1,0,695.74,1,11,2024,0
2024-12-29,S004,P0343,4,4,244,63,108,73,247.5,5,3,0,232.15,0,12,2024,0
2024-01-07,S002,P0080,0,1,241,41,45,36,204.32,0,2,1,186.67,3,1,2024,0
2025-04-08,S001,P0491,3,1,475,47,43,37,405.88,5,3,0,405.62,3,4,2025,0
2024-01-17,S014,P0479,0,3,365,49,71,47,949.06,15,2,1,919.16,3,1,2024,0
2024-07-10,S016,P0215,4,4,486,116,147,131,687.37,10,2,0,657.64,0,7,2024,0
2025-02-03,S001,P0457,1,3,265,85,110,86,599.9,15,1,1,620.83,2,2,2025,0
2025-05-14,S001,P0088,5,4,334,104,164,129,949.71,0,2,1,982.7,1,5,2025,0
2024-03-13,S010,P0377,2,1,171,114,160,142,626.86,20,2,1,612.04,1,3,2024,0
2024-02-12,S005,P0204,1,4,427,31,73,55,587.33,10,1,1,634.8,1,2,2024,0
2025-08-02,S019,P0468,2,4,180,95,114,110,313.78,0,3,0,339.11,2,8,2025,0
2025-09-27,S002,P0467,4,0,470,29,50,29,953.65,15,0,1,956.43,1,9,2025,0
2025-08-05,S003,P0041,3,2,27,29,36,22,292.75,15,1,0,316.42,2,8,2025,0
2024-01-26,S012,P0327,4,1,445,112,151,143,904.91,20,3,1,917.44,2,1,2024,0
2024-02-06,S018,P0077,3,3,257,24,35,23,55.25,5,0,1,29.5,3,2,2024,0
2025-12-16,S008,P0278,5,4,81,35,104,65,586.74,15,1,0,628.67,1,12,2025,0
2025-02-03,S006,P0067,4,4,244,73,88,73,397.59,20,2,0,419.02,3,2,2025,0
2024-11-07,S001,P0460,2,3,150,92,130,98,383.03,15,3,0,360.11,3,11,2024,0
2024-11-12,S004,P0301,4,4,366,91,156,116,305.77,20,1,1,317.21,2,11,2024,0
2025-08-27,S008,P0473,5,3,283,15,22,9,20.0,0,3,0,21.77,3,8,2025,0
2025-08-16,S008,P0458,3,2,381,75,76,72,703.74,15,0,1,712.83,1,8,2025,0
2024-10-13,S019,P0086,4,0,312,48,59,41,290.04,5,3,1,284.14,0,10,2024,0
2025-10-27,S014,P0415,3,1,155,102,125,99,95.6,15,3,0,104.79,3,10,2025,0
2025-11-01,S001,P0461,5,1,353,59,71,63,248.12,0,2,0,217.7,3,11,2025,0
2024-02-08,S004,P0368,0,3,144,65,91,81,183.46,10,0,1,193.56,0,2,2024,0
2024-03-26,S004,P0211,0,1,430,60,84,64,498.14,0,2,0,547.47,0,3,2024,0
2025-05-05,S004,P0398,1,3,74,110,122,112,687.78,20,3,0,643.65,0,5,2025,1
2025-12-02,S002,P0049,0,4,81,112,143,108,373.96,0,3,1,415.53,2,12,2025,1
2025-01-14,S017,P0304,1,2,147,118,169,129,787.58,15,0,1,788.52,3,1,2025,0
2024-05-23,S013,P0203,1,3,374,36,74,47,235.53,0,2,1,225.44,1,5,2024,0
2025-07-28,S015,P0263,5,4,318,28,80,47,897.16,20,3,1,902.76,2,7,2025,0
2025-06-28,S001,P0332,5,1,137,44,93,65,749.7,10,2,1,797.18,3,6,2025,0
2025-10-04,S003,P0357,0,0,304,8,42,9,172.96,0,1,0,144.52,3,10,2025,0
2024-11-04,S015,P0273,5,0,397,34,42,25,762.64,10,0,1,750.82,0,11,2024,0
2025-07-30,S003,P0303,2,4,231,33,79,42,932.73,0,1,1,958.8,0,7,2025,0
2025-01-03,S007,P0323,1,3,23,12,24,18,622.27,0,3,0,638.93,1,1,2025,0
2025-02-03,S013,P0285,5,1,56,66,80,56,705.81,0,2,0,694.58,2,2,2025,0
2025-10-18,S003,P0263,1,0,35,81,135,104,135.21,10,2,0,162.05,2,10,2025,1
2024-08-19,S010,P0256,2,3,419,40,62,46,65.2,10,3,1,59.19,1,8,2024,0
2024-07-19,S001,P0487,5,1,352,56,56,55,710.09,20,0,1,667.53,1,7,2024,0
2025-12-18,S002,P0358,2,4,100,115,121,117,895.33,0,2,1,851.58,1,12,2025,1
2024-05-17,S012,P0263,0,2,71,94,141,118,788.82,20,0,0,760.37,3,5,2024,1
2025-01-09,S012,P0197,5,1,375,63,68,58,833.39,10,3,0,822.22,0,1,2025,0
2025-02-08,S004,P0072,1,4,219,58,83,77,341.82,0,3,1,388.93,3,2,2025,0
2025-12-10,S016,P0324,4,3,192,85,144,108,199.85,10,2,1,206.82,0,12,2025,0
2024-12-13,S008,P0097,0,0,90,49,94,68,87.4,0,0,1,108.54,1,12,2024,0
2024-03-08,S009,P0105,0,3,278,60,133,93,521.37,5,1,0,546.55,0,3,2024,0
2024-08-10,S019,P0279,4,3,86,110,107,107,73.9,5,3,1,45.8,0,8,2024,1
2024-01-08,S019,P0339,1,2,44,36,83,57,351.25,10,0,1,384.62,0,1,2024,1
2025-03-19,S002,P0345,5,0,190,99,98,89,835.75,15,3,0,840.58,3,3,2025,0
2024-05-26,S013,P0310,1,0,369,64,139,101,567.99,10,3,1,557.08,1,5,2024,0
2024-09-30,S014,P0041,2,3,291,101,137,125,386.59,15,2,0,395.27,1,9,2024,0
2024-03-09,S019,P0362,0,3,253,95,134,114,193.36,15,2,1,214.95,0,3,2024,0
2024-10-05,S003,P0344,5,1,382,74,143,104,467.52,20,3,1,471.94,0,10,2024,0
2024-12-01,S002,P0406,4,4,446,25,93,65,754.72,15,0,0,708.26,3,12,2024,0
2024-11-25,S018,P0273,5,4,240,25,49,31,844.17,20,2,0,802.2,3,11,2024,0
2024-04-13,S002,P0225,0,2,135,118,151,144,920.94,5,0,1,923.5,3,4,2024,1
2024-04-13,S006,P0280,5,2,143,40,103,69,859.88,5,0,1,865.09,0,4,2024,0
2025-02-03,S015,P0475,3,3,110,44,98,64,443.09,5,2,1,472.63,1,2,2025,0
2024-08-20,S010,P0159,2,0,139,11,69,33,21.39,10,0,1,3.24,2,8,2024,0
2024-03-05,S014,P0053,2,4,402,10,58,38,302.96,20,1,1,291.66,1,3,2024,0
2025-08-02,S017,P0433,0,4,497,5,70,31,85.23,20,2,0,96.31,3,8,2025,0
2025-04-21,S012,P0207,5,3,29,81,130,107,126.92,0,0,0,98.46,1,4,2025,1
2024-05-16,S012,P0233,4,1,55,12,88,48,599.13,5,0,1,601.8,3,5,2024,0
2024-02-26,S013,P0349,3,2,411,37,63,46,82.96,15,0,0,118.1,2,2,2024,0
2025-05-23,S018,P0291,3,0,210,60,70,59,31.52,0,1,1,26.62,0,5,2025,0
2024-07-17,S001,P0495,5,4,255,8,19,5,645.65,15,1,1,665.89,2,7,2024,0
2024-06-05,S005,P0117,5,4,476,98,138,105,980.57,5,2,0,1013.66,1,6,2024,0
2025-05-18,S006,P0142,1,1,263,83,114,90,394.09,20,0,1,376.61,1,5,2025,0
2025-10-27,S016,P0445,5,1,307,82,139,104,730.88,15,2,0,725.01,0,10,2025,0
2025-11-23,S019,P0092,0,3,403,61,109,86,400.53,10,2,1,387.2,0,11,2025,0
2025-01-30,S012,P0074,3,0,295,92,129,90,671.74,10,2,1,630.86,0,1,2025,0
2024-04-20,S003,P0141,0,0,64,75,124,94,534.99,5,2,0,510.95,1,4,2024,1
2024-11-03,S001,P0099,1,0,247,57,108,96,588.35,0,2,1,633.75,1,11,2024,0
2025-05-13,S017,P0343,2,4,467,77,96,93,876.14,20,0,1,876.69,3,5,2025,0
2024-12-04,S005,P0422,1,4,371,94,105,85,475.96,10,1,0,466.3,1,12,2024,0
2024-12-04,S003,P0068,1,1,67,73,134,109,858.98,0,3,1,843.59,2,12,2024,1
2025-10-05,S014,P0339,4,4,335,69,130,100,627.29,20,0,1,652.16,0,10,2025,0
2025-03-23,S020,P0213,2,2,449,57,56,50,499.2,10,3,0,505.87,0,3,2025,0
2025-12-09,S013,P0490,0,1,463,26,51,27,315.16,5,1,0,291.46,1,12,2025,0
2025-07-28,S001,P0482,3,3,251,106,128,108,123.6,20,2,1,97.45,3,7,2025,0
2024-08-07,S020,P0266,1,2,354,15,40,37,69.27,0,0,0,93.94,0,8,2024,0
2024-12-06,S006,P0118,4,2,204,62,126,95,254.13,5,1,1,219.1,3,12,2024,0
2025-07-16,S009,P0320,4,3,425,110,155,140,421.73,20,0,1,452.91,0,7,2025,0
2025-02-03,S015,P0457,0,0,327,71,140,109,214.25,20,0,0,262.3,1,2,2025,0
2024-05-25,S010,P0201,4,0,262,18,61,49,471.58,5,0,0,447.52,3,5,2024,0
2025-09-08,S002,P0418,2,3,51,53,69,68,577.93,15,2,0,580.38,1,9,2025,1
2024-12-05,S009,P0138,0,4,277,119,179,143,594.35,15,1,1,562.09,2,12,2024,0
2025-06-26,S006,P0235,0,0,370,40,88,80,690.46,0,1,1,698.38,3,6,2025,0
2025-12-02,S004,P0071,5,0,60,23,23,21,189.85,0,0,1,173.97,2,12,2025,0
2025-01-27,S011,P0085,3,4,280,40,52,32,297.75,0,3,1,319.26,1,1,2025,0
2025-05-25,S006,P0494,5,4,263,52,85,46,63.4,0,3,0,33.96,2,5,2025,0
2024-10-20,S015,P0490,0,0,409,116,167,135,749.49,5,0,0,715.57,0,10,2024,0
2025-10-13,S008,P0279,5,1,132,14,56,53,818.87,5,0,1,782.9,1,10,2025,0
2025-03-21,S006,P0040,4,4,475,66,74,71,749.52,20,0,0,733.81,1,3,2025,0
2025-07-12,S003,P0077,0,1,96,22,42,29,102.24,5,1,1,120.28,2,7,2025,0
2024-01-22,S014,P0231,1,4,264,74,88,71,119.96,10,2,1,116.7,0,1,2024,0
2024-09-16,S020,P0494,2,2,479,96,126,107,738.77,15,3,1,721.36,3,9,2024,0
2025-01-17,S002,P0067,0,3,433,101,161,135,802.41,15,2,0,773.5,0,1,2025,0
2025-09-07,S017,P0147,0,0,391,107,138,124,576.17,10,1,1,622.81,3,9,2025,0
2025-08-09,S005,P0194,3,3,27,29,76,41,682.5,20,2,0,703.7,3,8,2025,1
2024-07-10,S001,P0089,3,0,271,86,118,80,163.07,10,2,1,131.5,3,7,2024,0
2025-05-15,S020,P0423,0,0,147,60,116,76,314.49,15,3,1,268.68,1,5,2025,0
2025-11-09,S005,P0097,4,1,342,109,130,116,747.67,5,3,1,732.22,3,11,2025,0
2024-03-20,S002,P0276,3,3,461,20,72,42,15.32,0,1,1,61.37,0,3,2024,0
2024-08-29,S012,P0197,1,0,87,100,102,100,546.37,5,3,0,553.96,1,8,2024,1
2025-01-27,S010,P0241,4,3,56,113,138,131,837.44,0,0,0,873.89,0,1,2025,1
2025-08-01,S013,P0215,0,2,334,97,100,93,905.52,5,2,0,912.29,1,8,2025,0
2025-03-15,S001,P0123,0,2,418,9,39,10,948.67,5,1,0,910.78,0,3,2025,0
2024-01-16,S012,P0080,0,2,221,110,120,112,744.57,0,2,0,787.89,0,1,2024,0
2025-03-17,S009,P0211,4,2,479,43,91,57,421.53,15,0,1,411.18,0,3,2025,0
2024-01-09,S015,P0262,0,4,28,5,8,1,219.61,15,3,1,195.92,1,1,2024,0
2024-09-03,S018,P0354,3,3,279,108,121,109,959.24,5,2,0,941.75,2,9,2024,0
2025-10-19,S009,P0061,2,4,393,23,41,26,275.89,0,2,0,237.45,1,10,2025,0
2025-07-05,S012,P0307,1,2,235,109,131,126,51.88,0,2,1,5.45,0,7,2025,0
2025-05-26,S017,P0341,4,2,331,101,145,106,223.09,5,0,1,268.8,2,5,2025,0
2025-02-08,S011,P0497,5,1,321,87,144,120,964.15,5,0,1,922.77,3,2,2025,0
2025-05-30,S007,P0057,4,3,266,52,94,73,466.32,0,1,1,511.01,1,5,2025,0
2024-02-25,S011,P0009,1,3,360,99,140,123,281.87,15,3,1,285.47,0,2,2024,0
2025-11-23,S006,P0487,2,1,172,114,145,110,941.58,5,0,0,953.19,3,11,2025,0
2024-03-08,S003,P0025,2,1,260,115,148,133,236.25,15,1,0,252.36,3,3,2024,0
2024-12-20,S008,P0041,5,2,170,106,178,142,491.53,5,1,0,488.83,2,12,2024,0
2025-10-24,S020,P0384,1,4,351,66,105,85,424.22,20,3,0,434.77,3,10,2025,0
2025-06-01,S004,P0044,5,0,242,83,97,97,614.62,10,1,1,603.04,3,6,2025,0
2025-12-24,S008,P0012,4,4,28,66,108,76,436.46,5,0,1,422.56,2,12,2025,1
2025-12-08,S019,P0209,4,2,213,30,43,27,582.47,5,2,1,582.63,1,12,2025,0
2024-11-23,S019,P0492,2,1,351,55,106,79,225.77,10,1,1,241.73,3,11,2024,0
2025-03-02,S011,P0397,0,0,434,110,185,149,891.95,20,1,1,908.39,3,3,2025,0
2024-07-21,S012,P0208,5,3,429,111,157,123,68.47,20,0,0,96.18,3,7,2024,0
2024-02-10,S008,P0472,1,0,279,71,97,83,297.36,20,1,0,338.84,2,2,2024,0
2025-04-08,S019,P0428,5,3,452,108,158,126,785.57,10,1,1,740.28,3,4,2025,0
2025-01-30,S008,P0146,1,3,359,65,91,60,457.4,0,3,0,419.32,2,1,2025,0
2025-03-23,S020,P0034,4,1,53,68,97,77,460.45,10,3,1,421.0,3,3,2025,1
2024-01-29,S009,P0423,4,0,404,6,15,1,246.41,5,3,0,268.55,3,1,2024,0
2024-03-22,S018,P0443,5,2,67,98,139,103,170.05,10,1,0,186.1,1,3,2024,1
2024-05-30,S003,P0266,5,1,156,41,74,46,713.57,10,2,1,695.8,0,5,2024,0
2025-12-05,S020,P0390,2,1,345,74,123,111,214.3,15,2,1,258.7,3,12,2025,0
2024-10-25,S017,P0404,3,3,283,64,108,101,607.22,20,1,0,632.61,0,10,2024,0
2025-03-08,S003,P0070,2,4,82,77,131,97,638.71,20,2,1,626.57,1,3,2025,1
2025-08-10,S017,P0416,5,4,452,77,106,77,870.6,0,2,0,888.11,1,8,2025,0
2024-10-30,S011,P0308,2,4,494,73,136,109,377.45,20,2,0,372.44,2,10,2024,0
2025-12-09,S014,P0269,3,3,360,106,168,136,25.52,15,1,0,7.33,2,12,2025,0
2024-08-17,S006,P0223,2,0,309,35,71,42,774.6,0,2,0,817.26,1,8,2024,0
2024-02-23,S013,P0002,5,1,248,36,101,67,905.66,10,1,1,881.81,1,2,2024,0
2024-08-03,S015,P0349,4,0,89,13,31,18,13.0,10,1,1,14.4,2,8,2024,0
2025-11-23,S007,P0029,4,0,100,80,134,112,340.33,15,1,0,330.17,3,11,2025,1
2025-03-25,S001,P0214,3,3,326,98,129,125,834.21,20,3,0,862.58,0,3,2025,0
2024-08-18,S015,P0002,5,0,415,44,91,52,87.95,15,0,0,68.98,1,8,2024,0
2024-05-07,S019,P0194,3,1,77,95,123,113,300.21,20,1,0,313.33,0,5,2024,1
2024-02-18,S006,P0137,1,0,335,37,59,33,934.15,15,2,1,980.55,1,2,2024,0
2024-02-28,S013,P0218,2,2,62,118,168,153,151.25,0,3,1,138.47,1,2,2024,1
2024-05-01,S020,P0082,5,2,257,19,26,9,788.18,20,2,1,795.41,3,5,2024,0
2024-06-02,S002,P0161,1,3,108,15,26,20,992.46,20,0,0,1007.24,3,6,2024,0
2025-10-11,S009,P0467,1,1,66,65,88,70,99.0,15,2,0,138.91,0,10,2025,1
2024-11-03,S003,P0213,0,0,187,15,31,16,860.78,10,3,0,847.2,1,11,2024,0
2025-02-19,S010,P0261,2,1,119,8,54,42,388.03,5,3,1,389.28,1,2,2025,0
2024-10-28,S001,P0033,4,2,154,31,52,41,900.31,10,2,0,935.03,2,10,2024,0
2025-02-11,S016,P0249,4,2,152,64,80,55,654.77,20,1,0,647.47,3,2,2025,0
2024-11-12,S014,P0141,4,2,427,48,64,47,948.74,10,0,1,953.5,0,11,2024,0
2024-01-26,S003,P0427,4,1,312,7,55,39,204.37,10,3,0,227.86,2,1,2024,0
2025-09-04,S007,P0075,2,2,98,81,132,116,640.61,15,3,1,627.01,0,9,2025,1
2025-09-25,S008,P0495,4,1,355,79,86,75,434.97,10,2,1,482.89,3,9,2025,0
2025-08-12,S013,P0440,3,3,430,25,57,56,368.75,20,1,1,328.26,1,8,2025,0
2024-05-10,S004,P0057,5,0,182,79,91,83,872.47,15,1,0,858.6,3,5,2024,0
2024-05-23,S008,P0389,4,2,281,103,153,140,12.57,0,1,1,5.33,0,5,2024,0
2025-01-07,S019,P0224,1,4,79,58,115,79,98.39,15,3,1,88.39,1,1,2025,0
2024-05-24,S008,P0375,3,1,333,115,129,114,236.11,10,1,1,242.61,0,5,2024,0
2024-09-10,S012,P0358,5,2,200,60,94,60,859.67,5,0,1,881.51,0,9,2024,0
2024-04-16,S018,P0342,4,0,156,106,155,124,99.16,15,1,1,104.22,2,4,2024,0
2024-10-24,S013,P0067,4,4,166,54,89,79,814.64,0,3,1,804.66,1,10,2024,0
2025-10-19,S006,P0112,3,3,165,87,161,121,645.23,5,0,1,609.38,1,10,2025,0
2024-07-23,S009,P0054,0,1,251,116,154,141,398.82,0,1,0,364.68,0,7,2024,0
2025-05-03,S015,P0218,0,3,197,83,90,73,265.58,10,0,0,285.24,3,5,2025,0
2024-01-04,S011,P0094,0,3,196,63,109,90,671.05,0,1,1,659.72,2,1,2024,0
2024-10-01,S004,P0296,4,1,173,111,152,118,757.24,10,0,1,779.93,1,10,2024,0
2025-05-09,S011,P0343,2,2,182,108,145,114,144.93,20,2,0,173.35,2,5,2025,0
2024-12-20,S010,P0100,5,4,425,96,92,86,708.86,5,2,1,677.58,0,12,2024,0
2025-09-19,S005,P0220,1,1,463,41,96,66,173.36,20,1,1,148.39,3,9,2025,0
2024-11-26,S017,P0090,1,4,404,59,92,84,730.86,20,3,1,766.39,2,11,2024,0
2024-02-06,S019,P0141,3,3,317,110,130,108,185.17,0,0,0,135.56,1,2,2024,0
2025-08-01,S019,P0006,3,1,61,32,35,25,495.0,20,3,1,458.07,3,8,2025,0
2025-11-19,S015,P0293,4,0,487,26,56,26,601.71,5,1,0,636.1,0,11,2025,0
2024-08-04,S018,P0003,5,4,106,60,102,100,239.71,5,2,1,219.67,3,8,2024,0
2024-08-26,S013,P0278,0,3,266,103,133,127,495.81,10,0,0,450.73,3,8,2024,0
2025-06-02,S002,P0278,0,2,281,119,181,144,375.49,20,0,1,341.66,2,6,2025,0
2024-05-23,S019,P0299,4,4,350,115,163,137,917.22,0,0,0,869.37,3,5,2024,0
2024-04-15,S010,P0427,4,4,418,61,81,58,992.48,0,1,0,965.95,2,4,2024,0
2025-12-14,S019,P0219,4,1,196,83,117,116,757.29,5,1,0,738.9,2,12,2025,0
2025-12-16,S003,P0172,0,3,89,77,138,110,545.57,15,0,0,558.44,1,12,2025,1
2024-03-24,S015,P0046,4,2,423,79,116,88,674.79,15,3,1,629.95,0,3,2024,0
2024-07-12,S016,P0092,3,1,132,56,82,60,627.83,0,3,0,640.38,3,7,2024,0
2025-01-16,S004,P0338,5,1,184,73,143,109,649.26,15,1,0,641.31,3,1,2025,0
2025-01-19,S017,P0390,4,0,76,13,43,24,154.32,0,0,0,115.56,3,1,2025,0
2025-09-30,S016,P0106,3,4,95,97,156,132,331.99,20,2,0,315.57,0,9,2025,1
2025-07-15,S001,P0392,5,2,81,40,49,44,225.82,15,3,1,265.95,3,7,2025,0
2024-04-20,S009,P0121,3,4,22,119,150,135,559.68,5,0,0,537.05,0,4,2024,1
2024-03-23,S016,P0257,5,1,361,70,138,98,659.77,0,0,1,673.94,1,3,2024,0
2025-09-04,S002,P0457,5,3,77,49,72,57,406.7,20,0,0,447.0,0,9,2025,0
2025-06-30,S020,P0450,1,2,324,31,40,22,620.85,0,3,0,623.3,0,6,2025,0
2025-02-14,S007,P0044,2,4,333,74,107,69,540.43,5,1,0,509.25,1,2,2025,0
2024-10-21,S011,P0289,4,0,28,102,151,136,710.54,15,3,0,695.24,0,10,2024,1
2024-01-22,S015,P0320,2,1,284,19,36,12,452.94,0,3,1,460.46,0,1,2024,0
2025-09-11,S010,P0297,0,1,103,111,136,102,388.66,5,0,1,411.09,2,9,2025,0
2024-03-28,S019,P0494,3,1,288,51,114,87,391.36,10,2,1,366.97,2,3,2024,0
2025-02-24,S008,P0091,1,2,284,75,104,97,17.15,20,2,1,54.47,2,2,2025,0
2024-01-24,S006,P0168,0,0,271,85,157,124,129.46,15,3,1,92.32,3,1,2024,0
2024-06-18,S018,P0016,2,0,397,61,106,80,107.52,10,0,0,142.65,2,6,2024,0
2024-09-26,S012,P0312,2,4,219,64,82,81,70.49,5,0,0,100.94,3,9,2024,0
2024-07-07,S012,P0045,4,4,193,37,68,46,549.61,15,3,0,556.43,3,7,2024,0
2024-03-09,S011,P0156,5,1,444,89,140,124,37.77,20,0,0,83.45,2,3,2024,0
2025-10-26,S020,P0234,5,3,400,52,58,51,426.79,5,3,0,431.96,1,10,2025,0
2025-02-03,S006,P0008,3,2,400,56,99,77,704.55,10,0,0,718.98,1,2,2025,0
2024-01-10,S002,P0408,2,4,227,120,167,132,75.04,5,1,0,52.79,2,1,2024,0
2024-12-01,S019,P0072,3,4,41,91,146,120,737.58,0,3,0,775.02,1,12,2024,1
2024-06-24,S015,P0323,2,3,125,114,156,142,364.54,15,2,0,314.66,0,6,2024,1
2025-06-01,S011,P0336,0,3,54,112,123,115,795.04,15,2,1,754.9,3,6,2025,1
2025-11-18,S002,P0027,3,1,450,75,86,73,210.23,5,1,1,224.59,0,11,2025,0
2025-02-12,S012,P0113,3,2,261,98,108,107,783.04,0,3,0,787.49,1,2,2025,0
2024-10-29,S018,P0452,2,1,376,69,93,73,851.63,5,1,1,896.72,0,10,2024,0
2025-07-09,S012,P0077,5,0,498,113,133,118,384.91,20,2,0,349.98,0,7,2025,0
2025-06-17,S002,P0107,3,3,259,101,119,95,390.16,20,3,0,361.08,3,6,2025,0
2025-04-22,S011,P0173,2,1,21,17,48,39,870.65,0,3,1,903.83,0,4,2025,1
2024-04-12,S003,P0241,4,2,111,18,76,42,198.53,5,0,0,177.57,0,4,2024,0
2025-10-06,S013,P0078,0,3,207,117,164,137,739.5,20,2,0,765.02,3,10,2025,0
2024-04-14,S016,P0355,0,2,268,20,65,57,52.77,10,2,0,100.29,1,4,2024,0
2024-12-18,S005,P0095,0,3,461,108,148,137,216.11,0,1,1,170.84,1,12,2024,0
2024-04-03,S012,P0470,1,0,226,54,77,63,988.17,5,2,1,1011.77,3,4,2024,0
2024-03-08,S020,P0477,5,0,55,45,82,43,170.07,0,1,1,203.91,1,3,2024,0
2025-04-27,S003,P0256,5,3,239,85,99,91,56.99,0,3,1,79.76,3,4,2025,0
2024-02-11,S002,P0421,0,3,333,116,114,113,956.19,10,3,0,945.43,0,2,2024,0
2025-01-31,S018,P0432,4,1,480,58,107,82,712.97,0,1,0,665.06,2,1,2025,0
2024-05-18,S020,P0005,3,1,255,103,171,138,237.8,20,1,1,278.38,0,5,2024,0
2024-10-01,S014,P0183,2,4,290,74,99,98,496.8,15,2,0,506.66,0,10,2024,0
2024-08-06,S008,P0391,1,3,312,50,88,78,558.59,0,0,0,534.22,2,8,2024,0
2024-09-22,S017,P0136,5,4,252,38,69,65,949.64,15,3,1,903.05,2,9,2024,0
2024-06-16,S009,P0233,5,1,129,87,139,122,682.24,20,0,0,712.07,1,6,2024,0
2025-09-26,S009,P0091,1,1,425,116,172,153,308.2,10,2,1,266.24,3,9,2025,0
2024-09-19,S019,P0044,0,3,87,53,91,88,484.85,5,1,0,455.15,1,9,2024,1
2024-10-15,S009,P0188,5,3,359,55,60,52,219.45,20,0,1,204.61,2,10,2024,0
2025-03-28,S007,P0031,4,4,108,112,128,102,796.03,15,3,1,809.88,2,3,2025,0
2024-09-18,S007,P0289,1,0,224,76,101,91,60.36,15,3,1,44.73,2,9,2024,0
2025-06-13,S011,P0007,2,3,498,92,123,118,514.98,5,0,0,553.32,0,6,2025,0
2024-01-12,S009,P0213,3,4,205,9,56,24,127.78,0,0,0,146.25,1,1,2024,0
2024-06-13,S006,P0159,3,0,56,65,125,100,926.71,15,3,0,964.26,0,6,2024,1
2025-01-06,S015,P0176,3,2,229,116,133,128,712.37,10,3,0,721.65,0,1,2025,0
2025-01-29,S001,P0046,3,3,403,32,71,37,268.99,10,1,1,247.38,0,1,2025,0
2025-07-27,S008,P0029,4,0,71,31,34,26,972.18,10,1,1,1009.78,2,7,2025,0
2025-10-31,S016,P0219,2,0,492,28,29,27,173.27,10,2,1,210.97,1,10,2025,0
2025-06-27,S015,P0149,1,2,123,94,129,119,557.17,15,3,0,577.92,1,6,2025,0
2024-08-14,S020,P0180,4,2,187,93,138,101,662.02,5,3,1,648.55,3,8,2024,0
2024-08-10,S007,P0222,5,1,206,47,52,49,126.98,10,2,0,99.15,2,8,2024,0
2025-04-21,S001,P0108,5,2,51,59,119,79,334.98,15,0,1,314.82,2,4,2025,1
2024-05-02,S016,P0093,1,1,57,84,136,120,910.63,10,0,0,955.88,2,5,2024,1
2024-06-15,S005,P0199,4,1,71,55,127,92,841.42,10,0,1,823.14,0,6,2024,1
2025-06-19,S018,P0258,0,0,437,31,92,67,63.24,5,1,1,28.12,1,6,2025,0
2025-02-01,S011,P0482,5,3,278,79,102,102,106.98,15,0,0,120.22,0,2,2025,0
2024-07-19,S009,P0445,1,4,36,45,59,46,749.34,15,1,0,709.66,3,7,2024,1
2025-04-16,S012,P0028,3,0,346,25,62,46,708.4,0,0,1,662.91,1,4,2025,0
2025-08-06,S003,P0025,0,0,334,34,90,62,478.95,20,0,1,480.21,0,8,2025,0
2025-09-03,S015,P0268,0,2,32,99,127,111,178.95,10,0,1,184.56,0,9,2025,1
2025-05-26,S019,P0389,0,2,73,38,60,28,860.94,20,0,0,857.23,2,5,2025,0
2024-05-17,S003,P0204,4,0,322,19,62,50,461.54,20,0,1,414.93,0,5,2024,0
2025-12-16,S019,P0159,2,0,264,113,143,128,237.46,20,3,0,256.62,3,12,2025,0
2024-11-17,S015,P0451,2,4,355,108,145,134,769.49,20,2,0,749.69,3,11,2024,0
2025-03-19,S015,P0285,0,4,192,35,102,74,287.13,15,1,0,310.63,3,3,2025,0
2025-01-21,S013,P0413,4,1,171,35,54,50,656.53,0,0,1,615.97,0,1,2025,0
2024-03-13,S006,P0162,2,3,483,68,92,65,526.93,10,0,1,526.0,2,3,2024,0
2024-11-28,S004,P0402,0,0,64,6,8,3,36.8,20,3,0,39.14,3,11,2024,0
2024-02-24,S010,P0240,0,0,63,16,61,53,54.99,0,3,0,69.68,1,2,2024,0
2025-08-05,S002,P0096,5,2,243,17,61,44,887.26,5,1,0,915.13,0,8,2025,0
2025-12-11,S016,P0023,4,3,295,24,60,30,752.04,20,2,0,798.89,1,12,2025,0
2024-10-02,S010,P0348,2,2,394,29,63,45,171.95,10,1,0,139.8,3,10,2024,0
2025-10-06,S005,P0472,1,4,183,110,168,150,404.5,15,1,0,415.16,2,10,2025,0
2024-05-14,S001,P0261,2,3,421,101,155,140,703.78,20,1,0,718.58,0,5,2024,0
2024-12-24,S019,P0458,5,2,138,79,120,97,875.39,0,1,0,880.28,1,12,2024,0
2025-12-18,S001,P0478,3,4,458,81,105,103,956.81,20,1,0,937.13,2,12,2025,0
2025-11-05,S010,P0414,2,0,213,75,127,110,621.77,10,3,0,582.65,0,11,2025,0
2025-04-11,S001,P0429,2,2,187,15,42,27,896.73,20,1,1,863.4,2,4,2025,0
2024-01-12,S014,P0327,2,0,369,7,41,1,180.57,15,1,0,184.2,1,1,2024,0
2024-11-17,S006,P0062,3,0,343,45,47,47,613.52,5,3,0,581.62,3,11,2024,0
2024-07-28,S005,P0117,3,4,426,45,82,69,775.85,5,1,1,797.54,0,7,2024,0
2024-09-22,S017,P0479,5,2,90,39,58,33,851.16,20,0,0,822.59,2,9,2024,0
2025-11-17,S010,P0218,2,2,104,32,77,65,135.63,20,2,1,179.57,3,11,2025,0
2025-06-04,S004,P0123,5,3,382,17,88,56,406.02,5,2,0,449.69,2,6,2025,0
2024-03-23,S005,P0245,1,2,418,38,72,50,827.15,10,0,0,821.81,0,3,2024,0
2024-09-17,S007,P0252,0,0,104,27,80,59,617.18,15,0,1,587.24,2,9,2024,0
2025-03-24,S001,P0426,5,0,449,39,52,43,736.88,0,1,1,726.9,1,3,2025,0
2025-05-14,S012,P0298,4,4,144,60,121,97,488.16,10,2,1,533.59,0,5,2025,0
2025-04-24,S016,P0393,4,2,450,34,52,38,339.07,5,1,1,339.22,0,4,2025,0
2025-11-22,S004,P0488,4,3,48,46,101,63,734.09,15,2,1,722.07,2,11,2025,1
2025-11-23,S002,P0451,4,0,481,10,67,29,635.66,5,0,1,613.65,2,11,2025,0
2024-09-25,S008,P0460,2,3,356,22,89,60,334.45,0,3,1,371.46,1,9,2024,0
2025-12-10,S013,P0233,2,1,445,7,8,1,451.75,10,2,1,435.04,0,12,2025,0
2024-04-24,S020,P0405,4,0,42,118,163,134,718.32,10,3,0,694.36,3,4,2024,1
2025-12-18,S001,P0415,3,1,224,67,128,97,524.17,20,1,1,479.4,3,12,2025,0
2024-01-10,S004,P0400,0,1,306,32,55,36,129.45,20,3,1,127.43,2,1,2024,0
2024-02-26,S012,P0138,3,2,417,112,148,116,943.76,0,1,0,912.8,2,2,2024,0
2024-04-21,S009,P0283,4,0,97,96,145,122,798.04,0,3,0,827.51,0,4,2024,1
2025-08-01,S005,P0448,2,0,454,77,110,96,146.75,5,3,1,160.96,2,8,2025,0
2025-12-18,S002,P0215,3,2,359,78,127,102,218.56,20,0,0,177.97,1,12,2025,0
2025-07-29,S019,P0387,0,0,232,30,36,22,547.41,15,2,0,555.29,3,7,2025,0
2025-04-23,S009,P0140,0,0,352,53,126,87,949.49,15,3,1,984.16,0,4,2025,0
2024-03-24,S006,P0166,0,4,41,18,45,29,672.21,15,1,1,700.03,3,3,2024,0
2025-05-31,S008,P0009,3,3,402,10,64,33,144.22,20,2,1,124.36,1,5,2025,0
2025-12-08,S006,P0250,5,3,484,111,134,124,123.49,10,1,1,157.75,3,12,2025,0
2025-12-18,S008,P0278,3,4,156,33,45,41,730.95,15,2,0,776.77,0,12,2025,0
2025-08-19,S009,P0209,1,1,244,21,68,40,471.5,20,1,0,472.39,1,8,2025,0
2024-12-05,S018,P0489,2,0,346,61,72,69,617.62,20,2,1,590.85,1,12,2024,0
2025-12-12,S016,P0246,3,4,168,101,126,116,618.11,20,3,0,577.45,2,12,2025,0
2025-09-03,S016,P0277,3,2,21,74,73,68,784.28,0,1,0,737.48,2,9,2025,1
2025-05-03,S006,P0096,0,2,347,37,68,31,544.59,0,3,1,515.37,2,5,2025,0
2025-10-01,S012,P0136,5,1,365,24,54,24,973.07,10,0,0,987.92,1,10,2025,0
2024-06-13,S015,P0419,5,4,247,71,130,92,838.05,10,3,0,816.32,0,6,2024,0
2024-01-25,S005,P0445,1,4,228,55,104,80,454.86,20,3,1,479.43,1,1,2024,0
2025-03-15,S005,P0163,5,0,331,73,85,73,458.12,0,1,1,490.34,1,3,2025,0
2025-06-14,S003,P0091,1,3,460,103,160,124,38.79,0,2,1,6.47,0,6,2025,0
2025-07-22,S013,P0088,3,1,77,51,98,68,84.21,5,3,1,130.22,2,7,2025,0
2024-11-20,S006,P0409,4,3,234,21,92,60,866.58,10,0,1,839.56,3,11,2024,0
2024-06-20,S002,P0289,1,0,201,118,160,152,67.79,10,1,1,42.35,2,6,2024,0
2024-10-25,S001,P0099,1,4,266,84,125,99,436.73,15,1,0,438.04,3,10,2024,0
2025-09-21,S018,P0485,0,0,332,32,74,52,89.57,15,3,0,81.16,3,9,2025,0
2025-12-31,S011,P0035,4,3,324,99,144,113,567.73,0,3,0,573.39,1,12,2025,0
2024-12-24,S012,P0480,2,0,147,106,149,128,100.27,20,0,0,76.51,2,12,2024,0
2025-12-11,S018,P0232,5,0,149,11,10,7,837.3,10,2,1,873.76,2,12,2025,0
2024-12-13,S008,P0458,5,2,261,105,161,141,56.84,5,1,1,40.47,1,12,2024,0
2024-06-21,S008,P0349,1,4,210,39,83,47,811.05,10,0,1,823.57,0,6,2024,0
2024-09-14,S016,P0267,3,0,420,59,107,79,157.03,20,3,0,144.55,0,9,2024,0
2024-03-23,S016,P0319,0,2,228,30,54,54,406.66,5,3,0,397.09,2,3,2024,0
2025-04-22,S009,P0273,1,3,388,22,61,22,963.22,0,2,1,963.17,0,4,2025,0
2025-10-11,S020,P0186,2,1,361,103,134,115,258.33,5,3,0,267.84,0,10,2025,0
2025-07-27,S011,P0366,2,2,173,14,61,44,574.93,5,1,1,578.7,2,7,2025,0
2024-12-31,S007,P0213,4,3,482,13,39,8,775.54,20,3,0,789.01,0,12,2024,0
2025-02-05,S020,P0099,1,4,37,65,71,55,236.57,0,1,0,235.26,3,2,2025,1
2024-02-04,S009,P0229,5,0,297,91,117,97,403.07,0,2,1,428.62,2,2,2024,0
2025-03-07,S011,P0259,0,3,191,11,68,34,714.35,20,2,0,712.98,3,3,2025,0
2025-03-12,S004,P0295,4,0,384,58,120,80,52.71,15,2,0,35.71,0,3,2025,0
2025-12-23,S011,P0151,0,4,263,29,80,69,92.66,15,0,0,142.07,1,12,2025,0
2024-01-24,S017,P0343,3,1,223,10,73,33,796.9,10,0,0,802.11,0,1,2024,0
2024-08-25,S011,P0219,0,3,495,26,68,45,315.1,0,2,0,337.7,3,8,2024,0
2024-03-27,S020,P0290,4,2,496,87,123,99,170.24,15,3,0,209.01,2,3,2024,0
2025-04-06,S008,P0419,1,4,433,80,80,79,54.64,10,0,0,30.12,3,4,2025,0
2025-02-13,S008,P0249,0,1,371,56,105,86,568.49,5,1,1,604.7,2,2,2025,0
2024-08-20,S010,P0262,0,0,354,16,59,22,256.51,5,1,1,242.28,3,8,2024,0
2025-02-07,S003,P0018,4,2,239,60,83,70,266.1,20,3,1,260.95,3,2,2025,0
2024-01-01,S003,P0239,4,2,40,7,20,10,750.03,15,2,0,740.96,0,1,2024,0
2025-12-11,S016,P0399,2,1,339,95,126,122,397.56,5,3,1,442.9,0,12,2025,0
2024-06-14,S007,P0189,3,4,201,12,55,50,162.59,20,0,1,124.23,1,6,2024,0
2024-03-15,S005,P0311,3,3,323,64,104,79,908.97,15,3,1,875.69,3,3,2024,0
2025-04-30,S001,P0277,3,1,471,92,91,84,444.14,10,2,0,424.99,3,4,2025,0
2025-05-14,S005,P0492,3,3,400,46,65,36,552.13,5,3,0,511.65,2,5,2025,0
2024-10-06,S001,P0430,5,3,326,68,93,82,112.03,15,2,0,90.7,3,10,2024,0
2024-11-01,S017,P0351,4,0,74,53,95,60,735.5,15,1,1,754.97,1,11,2024,0
2025-11-21,S017,P0149,5,0,466,117,127,119,450.8,15,2,1,404.01,0,11,2025,0
2025-01-10,S019,P0415,1,1,491,50,82,81,77.35,0,0,1,93.12,0,1,2025,0
2024-07-14,S019,P0199,0,1,473,120,167,131,371.67,0,2,1,330.07,0,7,2024,0
2025-09-30,S009,P0161,3,2,460,42,71,48,681.19,20,3,1,687.95,3,9,2025,0
2025-10-17,S003,P0127,5,4,409,31,87,53,669.56,0,3,0,682.72,2,10,2025,0
2024-03-09,S016,P0182,3,2,92,17,9,7,293.44,20,3,1,291.95,0,3,2024,0
2025-07-18,S017,P0197,3,3,240,45,65,54,353.58,10,1,1,374.34,0,7,2025,0
2024-09-29,S013,P0255,3,0,165,108,133,104,97.62,10,1,1,143.96,1,9,2024,0
2025-08-10,S016,P0073,5,3,447,9,28,28,834.87,10,0,1,852.82,0,8,2025,0
2024-03-25,S001,P0021,0,0,256,117,170,130,147.36,10,1,1,143.82,1,3,2024,0
2025-02-04,S015,P0432,5,1,86,64,79,69,368.32,5,1,1,372.94,2,2,2025,0
2025-12-14,S007,P0156,4,3,439,55,103,93,867.45,10,2,1,823.29,2,12,2025,0
2024-08-25,S016,P0187,1,3,458,5,17,1,896.82,15,3,0,872.48,0,8,2024,0
2024-03-28,S002,P0417,1,2,297,45,89,79,71.08,20,0,0,70.58,2,3,2024,0
2024-08-11,S019,P0459,3,1,38,51,91,89,588.07,0,3,0,619.83,3,8,2024,1
2024-02-26,S011,P0267,5,1,393,72,117,92,508.79,20,1,1,498.02,0,2,2024,0
2024-07-08,S014,P0431,0,1,454,64,106,82,527.34,15,1,1,510.9,1,7,2024,0
2025-05-20,S014,P0423,2,1,194,7,40,2,218.09,10,0,1,181.14,2,5,2025,0
2024-06-26,S017,P0406,1,1,66,59,76,73,616.98,10,2,1,584.45,0,6,2024,1
2024-07-04,S015,P0319,3,2,402,7,57,43,667.9,15,1,0,706.02,3,7,2024,0
2024-10-23,S008,P0035,2,1,321,36,83,59,714.09,5,0,1,701.59,2,10,2024,0
2025-04-23,S014,P0164,4,1,122,85,124,94,982.95,15,1,0,954.72,1,4,2025,0
2024-12-30,S003,P0177,5,0,173,108,162,138,857.87,20,2,1,866.55,3,12,2024,0
2025-10-17,S009,P0343,5,1,145,96,149,117,927.55,20,1,1,970.64,1,10,2025,0
2025-06-28,S013,P0041,1,1,259,57,93,54,30.88,10,0,0,-16.76,3,6,2025,0
2024-02-14,S020,P0447,2,2,272,43,111,71,549.56,20,3,0,551.68,3,2,2024,0
2024-03-06,S001,P0422,1,3,269,14,82,50,444.0,5,2,1,453.27,3,3,2024,0
2024-12-30,S003,P0399,1,4,408,56,72,56,194.26,15,2,0,149.12,3,12,2024,0
2024-12-17,S003,P0310,0,4,156,36,56,47,855.83,20,3,1,884.55,2,12,2024,0
2025-11-13,S005,P0175,2,1,146,27,54,48,41.85,15,1,1,70.02,2,11,2025,0
2024-09-02,S002,P0167,2,1,435,9,30,11,513.63,20,1,1,539.92,1,9,2024,0
2024-05-20,S013,P0108,1,2,416,15,55,52,649.57,10,2,0,683.61,3,5,2024,0
2025-10-29,S011,P0155,0,1,54,77,132,101,539.19,5,1,1,524.17,3,10,2025,1
2024-08-15,S019,P0298,2,3,68,24,54,36,903.06,0,0,1,948.96,2,8,2024,0
2025-01-01,S014,P0131,2,2,353,113,125,104,285.52,0,2,1,280.48,0,1,2025,0
2024-07-15,S008,P0386,4,1,229,75,116,109,197.56,10,3,0,235.33,2,7,2024,0
2024-01-24,S017,P0142,0,0,439,110,162,128,851.71,10,0,1,868.35,2,1,2024,0
2024-05-15,S018,P0028,2,4,102,61,127,97,979.64,0,2,1,942.6,0,5,2024,0
2024-06-30,S004,P0365,4,2,249,80,100,82,261.89,10,2,0,246.98,1,6,2024,0
2024-10-31,S014,P0107,5,1,348,23,17,17,852.23,20,0,1,821.46,1,10,2024,0
2024-04-15,S012,P0139,3,3,29,92,157,124,263.63,10,2,1,258.07,0,4,2024,1
2024-08-03,S014,P0267,4,0,372,38,93,64,134.3,10,1,1,182.87,2,8,2024,0
2024-12-06,S006,P0230,2,1,454,113,166,152,343.28,5,2,1,388.99,2,12,2024,0
2024-08-23,S011,P0271,2,4,285,37,65,58,227.53,15,0,1,266.22,2,8,2024,0
2024-07-05,S010,P0007,5,3,423,15,88,48,671.09,0,1,0,624.44,2,7,2024,0
2024-02-18,S012,P0471,3,1,116,33,100,66,483.79,5,3,1,489.09,2,2,2024,0
2024-04-09,S014,P0290,0,3,180,89,151,125,247.48,5,2,0,237.77,1,4,2024,0
2025-09-29,S011,P0437,5,2,491,43,76,72,609.7,15,1,0,613.9,0,9,2025,0
2024-11-18,S016,P0437,0,0,391,46,61,51,600.51,15,0,1,600.24,2,11,2024,0
2024-03-31,S014,P0205,3,3,277,87,144,111,660.77,0,0,1,650.53,3,3,2024,0
2025-09-09,S010,P0311,2,4,61,17,44,28,734.31,15,3,0,735.37,0,9,2025,0
2025-11-13,S009,P0253,2,1,313,19,29,13,885.0,15,3,1,872.12,1,11,2025,0
2025-05-09,S008,P0179,1,3,370,86,134,117,976.35,0,1,0,972.15,0,5,2025,0
2025-02-27,S011,P0056,0,0,104,110,149,136,228.82,20,1,1,211.34,2,2,2025,1
2024-02-23,S015,P0210,5,1,324,110,150,119,407.1,10,2,1,413.86,2,2,2024,0
2024-10-06,S010,P0196,2,0,309,75,121,108,237.84,10,2,1,213.66,2,10,2024,0
2025-01-15,S016,P0490,3,1,364,26,61,55,809.36,20,1,1,781.73,2,1,2025,0
2024-03-27,S009,P0454,0,4,409,98,118,93,691.52,20,2,0,683.7,2,3,2024,0
2024-05-14,S009,P0129,1,0,21,63,91,57,95.79,0,1,0,86.18,1,5,2024,1
2025-11-16,S019,P0285,5,4,62,69,133,104,689.66,0,0,1,673.94,0,11,2025,1
2024-10-05,S020,P0274,5,1,59,78,109,72,807.96,20,3,1,816.27,1,10,2024,1
2024-10-22,S010,P0184,1,3,106,54,68,49,139.73,15,1,0,120.76,2,10,2024,0
2025-10-27,S009,P0115,1,0,255,8,40,33,58.96,5,3,1,43.53,3,10,2025,0
2024-11-14,S004,P0456,3,0,350,116,154,143,262.67,0,0,0,296.08,1,11,2024,0
2024-07-01,S001,P0284,2,4,224,104,114,108,655.82,0,2,1,657.02,0,7,2024,0
2025-11-23,S007,P0165,0,2,416,21,95,58,365.44,15,2,0,375.32,2,11,2025,0
2025-10-30,S018,P0258,2,4,290,25,52,29,572.8,20,3,0,550.79,0,10,2025,0
2025-06-14,S013,P0018,0,0,375,41,46,35,89.67,5,1,0,67.84,3,6,2025,0
2025-12-23,S007,P0196,1,2,220,23,51,42,233.55,5,1,0,222.69,3,12,2025,0
2025-12-25,S016,P0376,0,1,184,65,88,61,170.08,20,2,1,170.77,3,12,2025,0
2025-08-05,S017,P0126,4,1,240,37,60,53,274.25,20,2,1,285.24,3,8,2025,0
2025-03-21,S015,P0270,4,1,432,59,102,81,558.36,15,1,1,553.81,0,3,2025,0
2025-09-24,S013,P0478,1,0,250,103,127,114,617.03,0,1,1,589.73,1,9,2025,0
2024-01-23,S010,P0068,5,3,146,105,154,129,984.49,10,2,1,1006.63,1,1,2024,0
2025-06-21,S011,P0276,4,2,24,91,122,94,88.76,0,2,0,93.74,1,6,2025,1
2024-04-29,S013,P0163,2,4,373,23,31,15,838.37,10,1,0,818.62,2,4,2024,0
2025-02-04,S005,P0453,3,3,119,95,127,120,216.77,20,3,0,181.07,2,2,2025,1
2024-04-09,S006,P0463,1,1,49,34,93,55,752.07,20,2,1,756.97,1,4,2024,1
2024-02-17,S019,P0416,5,3,488,101,107,96,239.43,10,2,0,266.64,0,2,2024,0
2025-09-03,S005,P0455,1,2,23,15,54,16,138.54,20,1,1,101.52,1,9,2025,0
2024-01-15,S011,P0026,5,4,401,41,81,51,883.51,0,0,1,899.72,3,1,2024,0
2024-08-19,S010,P0320,3,0,329,24,56,48,204.34,15,1,0,212.32,2,8,2024,0
2024-03-30,S018,P0102,3,4,142,75,66,65,717.11,5,2,1,761.08,1,3,2024,0
2024-03-12,S010,P0454,0,4,173,97,108,90,503.96,15,3,0,461.61,3,3,2024,0
2025-06-01,S005,P0409,4,3,76,87,81,81,404.01,20,1,1,414.25,3,6,2025,1
2025-09-27,S017,P0298,3,3,271,100,159,122,714.9,10,3,1,736.28,3,9,2025,0
2025-11-27,S008,P0076,5,3,306,81,154,121,691.54,0,2,0,689.62,1,11,2025,0
2025-06-15,S001,P0261,4,3,141,107,104,99,628.63,10,0,0,605.38,0,6,2025,0
2024-06-04,S003,P0414,2,0,193,36,75,57,147.28,20,0,0,173.09,1,6,2024,0
2025-05-26,S020,P0034,0,4,42,24,64,27,139.28,5,3,1,97.44,3,5,2025,0
2024-10-26,S006,P0476,3,1,348,35,109,72,450.19,20,3,1,470.59,2,10,2024,0
2024-11-04,S002,P0470,2,3,93,49,61,41,610.85,15,2,0,581.18,0,11,2024,0
2024-03-08,S003,P0354,2,4,300,64,133,104,789.69,20,2,1,800.79,1,3,2024,0
2024-05-08,S018,P0322,1,2,390,116,126,107,178.44,20,3,0,177.68,3,5,2024,0
2024-02-18,S007,P0025,2,1,389,8,40,31,350.64,20,3,1,364.19,1,2,2024,0
2025-02-27,S017,P0264,1,2,305,25,42,35,326.78,5,0,0,366.01,3,2,2025,0
2025-01-08,S019,P0380,0,2,160,58,85,84,379.66,0,2,1,380.26,0,1,2025,0
2024-05-08,S015,P0287,4,4,433,11,67,49,484.57,0,0,1,523.54,1,5,2024,0
2024-08-17,S008,P0348,3,1,102,26,96,63,873.93,10,3,1,835.5,3,8,2024,0
2024-03-02,S007,P0163,4,3,130,66,133,103,24.92,5,1,0,-1.21,3,3,2024,0
2025-03-23,S002,P0458,4,0,109,64,78,73,744.22,10,1,1,741.56,1,3,2025,0
2024-02-06,S008,P0415,5,1,155,17,37,31,318.49,10,3,1,352.41,0,2,2024,0
2024-12-20,S007,P0119,1,1,360,45,81,63,654.46,10,3,1,676.8,3,12,2024,0
2025-11-13,S012,P0340,4,1,360,112,167,146,552.05,0,1,0,552.14,3,11,2025,0
2025-03-16,S020,P0412,4,1,84,82,104,81,951.52,20,3,0,967.88,2,3,2025,0
2025-03-29,S017,P0196,5,1,498,30,48,35,76.54,20,0,0,113.71,0,3,2025,0
2025-11-04,S007,P0279,5,1,50,114,122,114,19.66,20,2,1,-28.54,1,11,2025,1
2025-08-31,S003,P0280,3,1,209,13,27,16,956.05,10,3,0,945.67,1,8,2025,0
2024-04-26,S019,P0464,4,3,342,26,25,18,732.87,0,0,1,755.77,3,4,2024,0
2025-04-05,S004,P0377,1,0,440,61,105,101,803.56,15,1,1,816.68,1,4,2025,0
2024-09-04,S012,P0114,5,3,178,111,175,139,436.11,5,2,0,395.64,2,9,2024,0
2024-04-14,S006,P0131,1,2,273,46,78,44,381.87,5,3,1,425.4,0,4,2024,0
2025-08-10,S011,P0020,5,2,121,68,124,103,858.01,0,1,1,861.31,1,8,2025,0
2024-09-30,S017,P0370,0,3,26,90,150,113,496.12,15,1,0,544.39,3,9,2024,1
2025-10-05,S010,P0300,3,0,307,91,93,83,806.53,10,0,1,774.65,1,10,2025,0
2024-08-26,S016,P0330,4,4,476,95,120,102,496.29,20,1,1,539.29,3,8,2024,0
2024-12-20,S009,P0417,0,3,208,111,129,106,743.39,15,1,1,693.95,0,12,2024,0
2024-08-12,S017,P0425,3,4,148,84,126,91,120.5,20,2,0,126.73,0,8,2024,0
2024-08-13,S001,P0074,4,2,142,91,125,112,120.28,10,1,1,133.35,3,8,2024,0
2025-07-12,S010,P0007,2,1,74,106,139,139,229.86,0,0,0,186.88,1,7,2025,1
2024-06-21,S010,P0120,1,1,56,114,143,130,259.83,10,1,0,283.78,0,6,2024,1
2025-10-11,S008,P0284,3,0,482,66,99,77,30.84,20,3,0,-4.38,3,10,2025,0
2024-08-26,S001,P0252,3,3,254,88,120,83,885.85,20,2,1,889.39,0,8,2024,0
2025-01-24,S017,P0419,2,3,134,49,78,60,151.07,10,2,1,144.55,3,1,2025,0
2024-08-02,S016,P0032,0,0,463,26,61,28,230.69,5,0,1,255.9,2,8,2024,0
2025-05-03,S020,P0093,0,1,375,42,43,33,385.96,10,3,1,390.92,2,5,2025,0
2024-09-10,S001,P0419,0,2,81,8,36,30,509.33,10,0,1,531.41,2,9,2024,0
2025-04-30,S009,P0337,0,4,135,67,114,97,904.5,0,3,1,913.13,2,4,2025,0
2024-05-27,S014,P0049,3,3,171,102,120,94,158.29,0,0,0,180.52,1,5,2024,0
2024-07-12,S013,P0098,0,0,427,97,132,102,68.23,10,3,0,50.44,3,7,2024,0
2025-10-24,S009,P0290,3,3,200,64,90,83,994.61,0,1,0,1019.33,1,10,2025,0
2025-01-04,S001,P0263,3,4,89,73,126,103,705.71,10,0,0,666.34,1,1,2025,1
2024-10-08,S012,P0010,2,4,211,57,106,69,653.93,20,1,1,618.95,1,10,2024,0
2025-12-07,S008,P0254,1,3,428,34,68,50,848.38,5,3,0,835.76,1,12,2025,0
2024-09-06,S001,P0132,3,0,47,68,64,61,611.68,10,2,1,614.72,2,9,2024,1
2024-09-02,S016,P0145,2,1,53,11,37,12,365.38,10,0,1,409.63,1,9,2024,0
2025-02-06,S010,P0024,3,0,271,34,53,44,108.38,0,2,0,110.41,3,2,2025,0
2025-09-24,S013,P0144,2,0,128,102,172,135,211.5,20,1,0,230.61,2,9,2025,1
2025-09-27,S010,P0077,5,4,383,108,143,119,172.19,0,1,0,196.38,1,9,2025,0
2024-03-24,S007,P0221,1,0,289,73,111,101,930.5,15,3,0,886.65,1,3,2024,0
2025-03-25,S015,P0179,4,1,132,28,77,68,129.14,15,3,0,144.06,0,3,2025,0
2025-05-13,S008,P0499,2,4,265,99,101,100,770.36,10,2,1,742.92,1,5,2025,0
2024-05-20,S002,P0386,2,3,255,56,72,55,252.24,15,3,1,268.09,1,5,2024,0
2025-08-26,S003,P0243,4,4,291,27,43,30,643.15,20,1,0,651.33,1,8,2025,0
2024-08-14,S004,P0380,2,3,338,28,28,22,508.58,15,2,0,513.99,1,8,2024,0
2024-08-13,S020,P0237,3,1,188,99,139,132,929.39,10,0,0,963.87,0,8,2024,0
2024-01-03,S019,P0084,4,3,38,84,120,92,620.47,10,2,1,616.13,1,1,2024,1
2025-02-25,S005,P0292,2,0,462,24,99,60,945.62,20,2,1,940.11,1,2,2025,0
2025-05-16,S012,P0066,2,3,251,110,141,127,627.27,15,2,1,600.3,3,5,2025,0
2025-04-08,S007,P0489,4,3,204,52,58,42,18.96,20,3,1,-3.47,3,4,2025,0
2025-04-15,S016,P0306,1,4,182,24,98,64,649.21,0,2,0,680.27,3,4,2025,0
2025-06-12,S006,P0283,5,2,109,52,72,68,420.07,10,1,1,374.08,2,6,2025,0
2024-06-23,S014,P0167,1,4,483,27,79,60,301.24,15,0,0,294.55,1,6,2024,0
2025-02-23,S007,P0279,4,3,113,113,150,128,973.78,0,1,1,953.65,2,2,2025,1
2025-11-20,S013,P0456,4,2,393,71,78,77,626.4,0,2,0,595.12,0,11,2025,0
2025-08-12,S007,P0430,0,0,305,51,97,69,975.73,10,0,1,942.48,1,8,2025,0
2024-01-27,S005,P0222,0,4,389,109,138,119,473.79,0,0,1,499.06,1,1,2024,0
2025-04-15,S003,P0360,2,4,387,81,117,87,119.67,20,3,0,153.76,2,4,2025,0
2024-04-27,S013,P0197,5,2,391,10,6,1,918.44,20,3,1,915.54,2,4,2024,0
2024-01-15,S006,P0070,3,1,32,87,119,92,314.88,5,0,1,286.6,2,1,2024,1
2024-01-31,S013,P0096,5,2,328,44,50,40,992.41,10,1,1,1007.87,2,1,2024,0
2025-01-04,S007,P0292,2,1,152,109,141,140,581.25,0,0,0,539.22,2,1,2025,0
2024-12-03,S020,P0287,3,4,375,45,69,41,778.64,10,0,0,770.21,3,12,2024,0
2025-09-05,S012,P0347,2,3,355,117,144,118,156.04,20,3,1,186.93,3,9,2025,0
2024-10-20,S017,P0257,0,0,374,30,45,20,110.15,5,0,0,141.32,3,10,2024,0
2025-09-06,S019,P0066,3,4,357,79,96,70,601.71,20,3,1,563.08,0,9,2025,0
2024-11-06,S009,P0218,4,0,316,12,39,33,660.3,5,3,0,676.26,1,11,2024,0
2025-06-11,S015,P0408,2,0,180,73,76,64,602.81,5,3,0,617.26,2,6,2025,0
2025-11-18,S020,P0175,3,1,297,100,142,121,85.09,20,1,0,104.53,3,11,2025,0
2024-08-23,S001,P0130,1,1,311,100,150,119,211.03,20,1,1,161.35,1,8,2024,0
2025-12-03,S005,P0483,3,3,350,83,132,92,307.79,0,3,1,340.03,1,12,2025,0
2025-01-08,S017,P0035,4,3,299,53,66,54,939.34,10,0,1,945.52,3,1,2025,0
2024-03-06,S016,P0113,3,1,480,41,77,59,402.81,10,3,0,438.62,3,3,2024,0
2024-12-07,S008,P0077,1,0,471,58,81,52,929.92,0,2,1,897.67,0,12,2024,0
2025-04-30,S008,P0168,5,3,434,94,153,128,990.78,15,3,1,968.17,0,4,2025,0
2025-01-27,S013,P0290,2,1,286,39,64,36,164.49,5,0,1,141.59,2,1,2025,0
2024-07-05,S011,P0476,1,0,216,29,64,64,913.59,0,1,1,943.99,2,7,2024,0
2024-02-15,S001,P0130,5,1,322,24,27,23,767.09,5,3,1,804.94,1,2,2024,0
2024-01-17,S015,P0097,0,1,274,26,74,55,201.92,15,3,1,165.87,0,1,2024,0
2024-04-29,S013,P0256,4,3,334,61,103,94,541.6,10,3,0,524.92,3,4,2024,0
2025-10-22,S015,P0418,2,1,99,65,114,87,204.25,10,2,1,207.73,2,10,2025,0
2025-06-26,S006,P0453,1,2,450,12,66,28,841.11,10,3,0,884.1,2,6,2025,0
2024-03-21,S018,P0351,0,0,223,114,132,111,388.52,15,2,1,385.71,2,3,2024,0
2024-10-01,S017,P0035,1,1,57,19,55,17,155.93,20,1,1,174.4,0,10,2024,0
2025-10-03,S012,P0023,4,1,112,37,94,55,406.36,10,0,0,385.36,0,10,2025,0
2025-09-07,S019,P0402,4,4,283,114,146,144,393.12,0,0,0,373.71,0,9,2025,0
2024-01-02,S012,P0306,0,2,222,9,32,8,583.99,0,0,1,591.1,3,1,2024,0
2025-08-02,S016,P0239,2,3,289,78,108,107,195.45,0,3,1,224.97,0,8,2025,0
2024-08-23,S015,P0230,1,1,30,25,66,52,214.72,15,1,0,244.47,2,8,2024,1
2024-12-27,S015,P0302,5,2,139,74,89,83,708.23,5,1,1,751.89,0,12,2024,0
2024-08-13,S009,P0395,5,2,491,36,56,34,524.86,20,0,1,525.79,1,8,2024,0
2024-06-25,S011,P0155,5,1,268,40,49,41,106.21,0,0,0,65.04,3,6,2024,0
2024-05-29,S003,P0200,4,2,366,43,107,81,701.16,0,3,0,719.03,3,5,2024,0
2024-09-09,S020,P0325,5,1,475,66,124,87,847.54,15,3,0,820.69,1,9,2024,0
2024-01-11,S006,P0482,5,1,248,29,61,50,66.45,0,3,0,40.78,0,1,2024,0
2024-01-21,S007,P0461,5,1,72,25,47,19,560.2,15,1,0,606.48,3,1,2024,0
2024-10-07,S003,P0468,3,0,192,51,48,43,164.81,0,2,0,139.94,1,10,2024,0
2025-04-13,S017,P0396,5,3,244,49,81,63,405.39,20,2,1,452.09,2,4,2025,0
2024-06-03,S012,P0098,1,0,37,77,118,85,746.62,15,3,0,747.36,3,6,2024,1
2024-03-09,S002,P0402,5,3,407,43,64,57,928.76,15,2,1,967.04,2,3,2024,0
2024-09-29,S013,P0144,3,1,429,54,107,73,782.62,0,3,1,763.1,2,9,2024,0
2024-05-24,S010,P0499,5,4,416,38,80,68,627.99,20,2,1,621.18,2,5,2024,0
2024-09-12,S003,P0127,3,3,271,25,68,31,716.23,5,0,1,726.68,1,9,2024,0
2024-03-14,S013,P0302,3,4,284,56,128,89,649.23,15,0,0,601.24,3,3,2024,0
2025-01-10,S003,P0465,2,0,389,94,149,110,364.94,20,3,1,331.73,0,1,2025,0
2024-08-15,S002,P0095,0,4,341,102,129,125,164.58,10,1,1,170.62,1,8,2024,0
2024-10-03,S009,P0056,0,3,263,60,72,53,735.32,0,2,0,715.05,1,10,2024,0
2024-06-07,S001,P0225,3,1,236,14,32,29,263.82,10,2,0,238.45,1,6,2024,0
2025-12-07,S016,P0388,4,3,25,50,102,89,81.05,5,2,0,92.72,1,12,2025,1
2025-01-20,S016,P0467,3,1,214,106,180,142,784.35,15,1,0,781.59,2,1,2025,0
2025-05-09,S014,P0395,1,3,281,44,88,84,184.4,20,1,0,201.11,3,5,2025,0
2024-06-12,S020,P0291,4,1,163,111,183,146,616.42,20,3,0,612.58,3,6,2024,0
2025-02-20,S003,P0371,1,1,381,75,83,72,848.42,10,3,0,838.59,1,2,2025,0
2024-07-11,S017,P0037,1,4,93,46,119,86,937.41,20,1,0,983.55,1,7,2024,0
2024-03-17,S011,P0036,3,2,218,49,103,64,202.29,20,0,0,226.21,3,3,2024,0
2024-12-29,S010,P0238,2,2,425,21,44,43,731.95,20,3,0,724.06,1,12,2024,0
2024-05-21,S016,P0016,2,1,490,7,53,44,666.77,5,1,1,654.8,2,5,2024,0
2025-04-28,S008,P0188,5,2,296,80,115,91,692.66,5,1,1,675.44,0,4,2025,0
2025-01-03,S020,P0476,0,3,299,107,159,133,226.87,20,0,1,212.27,0,1,2025,0
2024-02-10,S013,P0392,2,2,49,40,55,50,749.16,0,0,1,772.43,0,2,2024,1
2025-08-05,S017,P0321,4,3,100,87,106,93,583.39,20,1,1,541.91,0,8,2025,0
2025-05-15,S002,P0083,4,0,48,26,29,23,417.59,15,1,1,407.83,0,5,2025,0
2025-09-21,S004,P0424,5,4,279,82,119,97,889.7,20,3,0,905.89,0,9,2025,0
2025-11-22,S003,P0162,3,0,404,75,121,109,966.57,0,1,1,990.61,1,11,2025,0
2025-02-01,S010,P0118,1,3,410,86,144,125,292.06,5,0,1,270.33,1,2,2025,0
2025-04-21,S003,P0056,0,1,300,100,156,139,814.15,15,2,1,807.57,1,4,2025,0
2024-01-04,S014,P0214,1,2,325,54,66,63,376.36,20,2,1,375.7,1,1,2024,0
2024-04-08,S018,P0369,1,3,463,114,162,122,476.36,0,2,0,471.61,2,4,2024,0
2025-05-23,S019,P0157,2,1,123,6,40,3,898.7,15,1,1,911.19,1,5,2025,0
2024-10-26,S018,P0275,0,3,467,52,108,83,321.17,20,2,0,362.24,0,10,2024,0
2024-08-19,S010,P0192,2,0,372,76,92,67,883.92,10,0,0,844.56,1,8,2024,0
2024-07-20,S020,P0241,5,3,303,115,130,109,636.93,15,3,0,644.74,1,7,2024,0
2024-03-26,S016,P0447,2,3,116,88,87,79,989.15,5,3,0,1024.82,0,3,2024,0
2025-09-08,S013,P0188,4,4,275,31,106,70,456.33,20,0,0,452.71,3,9,2025,0
2025-06-30,S019,P0222,1,0,424,112,137,107,362.84,5,2,0,339.46,3,6,2025,0
2024-03-30,S002,P0212,1,3,431,67,103,77,951.11,10,3,1,983.21,3,3,2024,0
2025-01-27,S016,P0084,2,0,436,105,133,106,618.77,20,1,1,664.91,2,1,2025,0
2024-07-01,S006,P0156,3,4,214,31,64,52,74.48,15,3,1,104.15,3,7,2024,0
2024-02-15,S012,P0495,2,0,240,65,129,90,454.26,15,3,0,450.13,1,2,2024,0
2024-01-16,S009,P0352,0,1,57,25,88,54,219.28,20,3,0,244.1,0,1,2024,0
2025-01-30,S013,P0178,3,0,33,67,106,100,357.68,0,0,1,350.83,3,1,2025,1
2024-02-02,S018,P0442,0,0,153,46,89,59,697.98,20,1,1,736.39,2,2,2024,0
2024-05-09,S020,P0463,2,4,463,99,93,92,771.57,10,0,1,793.67,0,5,2024,0
2024-10-05,S010,P0485,3,2,89,86,84,79,512.52,0,2,0,483.61,2,10,2024,0
2024-03-10,S016,P0329,1,0,493,68,76,59,836.25,15,3,0,828.03,1,3,2024,0
2024-05-25,S013,P0357,0,0,83,15,62,32,117.6,5,1,0,71.67,0,5,2024,0
2025-09-10,S012,P0280,5,2,331,74,104,64,724.56,15,1,0,741.57,1,9,2025,0
2025-12-20,S003,P0351,1,3,103,26,73,64,959.8,0,3,1,964.12,3,12,2025,0
2025-12-27,S009,P0249,4,3,377,51,78,42,927.36,5,0,1,937.59,0,12,2025,0
2025-02-10,S015,P0291,5,1,23,101,169,134,154.0,15,1,0,134.2,0,2,2025,1
2024-10-18,S013,P0046,4,4,428,19,80,51,824.47,15,1,1,817.39,2,10,2024,0
2024-06-23,S019,P0248,2,2,140,79,119,80,379.77,0,3,1,421.47,2,6,2024,0
2024-04-14,S016,P0348,1,1,220,48,70,70,973.86,15,3,1,938.86,2,4,2024,0
2025-06-20,S017,P0045,2,4,294,32,68,65,606.67,10,1,1,590.83,2,6,2025,0
2024-01-11,S002,P0396,0,3,158,21,62,60,96.66,20,2,1,83.22,3,1,2024,0
2024-03-21,S006,P0096,0,2,411,75,118,93,357.57,15,1,0,356.7,0,3,2024,0
2024-01-25,S019,P0182,4,0,378,36,78,59,133.61,0,1,1,177.54,2,1,2024,0
2024-09-27,S013,P0222,1,1,319,27,78,61,262.25,10,1,1,214.99,2,9,2024,0
2024-02-23,S013,P0034,4,3,468,80,125,101,703.96,10,1,0,735.88,0,2,2024,0
2025-12-06,S016,P0088,0,1,321,20,42,28,184.76,0,2,1,214.29,0,12,2025,0
2024-03-19,S015,P0482,4,2,282,27,53,20,642.08,20,2,1,633.47,2,3,2024,0
2024-12-14,S009,P0080,1,1,134,71,125,106,447.92,5,2,1,412.88,2,12,2024,0
2025-03-17,S016,P0373,3,4,206,77,139,116,584.64,10,1,1,582.46,0,3,2025,0
2025-12-26,S003,P0373,2,3,240,100,165,126,542.69,0,3,1,582.36,1,12,2025,0
2024-02-22,S016,P0093,2,2,112,94,115,111,389.08,0,1,1,377.7,0,2,2024,0
2024-03-22,S001,P0282,3,3,39,105,131,105,170.4,0,3,1,173.85,0,3,2024,1
2025-12-27,S011,P0411,3,2,135,86,119,83,245.4,10,3,1,279.73,2,12,2025,0
2024-02-24,S018,P0266,2,3,266,110,119,114,238.06,15,2,0,202.33,3,2,2024,0
2024-08-03,S013,P0259,1,0,488,100,111,92,149.3,5,3,1,150.05,1,8,2024,0
2025-11-21,S002,P0311,2,0,398,63,119,92,288.9,15,0,1,326.52,0,11,2025,0
2024-09-08,S011,P0437,0,2,451,103,169,130,987.3,5,1,1,1028.84,1,9,2024,0
2025-10-04,S004,P0408,4,1,352,38,78,44,675.9,10,0,0,706.76,2,10,2025,0
2025-11-18,S017,P0489,0,1,134,31,53,37,51.03,10,3,1,72.8,2,11,2025,0
2025-10-10,S009,P0275,0,3,437,18,42,36,996.67,20,3,0,1013.11,1,10,2025,0
2024-10-21,S011,P0129,2,4,365,110,125,125,563.52,15,2,0,581.57,2,10,2024,0
2025-06-07,S007,P0067,0,4,408,75,100,72,795.96,20,3,1,768.43,3,6,2025,0
2025-11-10,S016,P0131,0,4,499,20,87,60,159.64,20,1,1,161.66,1,11,2025,0
2025-07-27,S020,P0059,5,0,374,16,72,50,681.1,0,3,0,669.93,3,7,2025,0
2025-10-09,S019,P0447,3,3,158,120,148,127,124.83,15,3,0,103.69,1,10,2025,0
2024-03-07,S010,P0084,0,3,455,107,136,136,123.45,10,0,0,151.63,1,3,2024,0
2024-05-02,S016,P0468,3,0,326,32,49,25,717.64,10,3,0,750.14,0,5,2024,0
2024-07-16,S007,P0169,5,0,194,73,140,104,564.36,5,0,1,586.95,2,7,2024,0
2024-07-14,S007,P0069,3,3,135,13,74,48,745.39,10,0,0,786.12,2,7,2024,0
2024-12-25,S016,P0416,2,4,202,20,75,36,501.32,20,1,1,530.53,0,12,2024,0
2024-08-23,S005,P0239,1,4,493,77,105,98,507.02,20,2,0,524.92,1,8,2024,0
2024-10-15,S001,P0448,3,1,495,50,76,63,791.84,5,2,0,793.94,1,10,2024,0
2024-11-02,S013,P0266,4,0,399,52,103,86,930.93,10,0,1,880.97,0,11,2024,0
2024-08-09,S018,P0016,1,2,102,70,97,72,586.05,0,2,1,622.88,3,8,2024,0
2025-10-28,S001,P0415,0,4,117,77,113,101,731.57,5,0,0,685.15,2,10,2025,0
2025-11-12,S014,P0036,4,2,123,73,97,90,413.91,0,1,0,371.53,0,11,2025,0
2024-03-01,S012,P0382,1,0,373,57,105,84,946.3,0,0,1,974.5,0,3,2024,0
2025-10-21,S017,P0155,4,4,272,67,94,72,45.46,0,0,1,46.72,1,10,2025,0
2024-08-17,S008,P0217,2,2,113,26,69,49,361.08,5,1,1,393.23,0,8,2024,0
2024-05-30,S004,P0061,4,3,466,120,161,156,502.84,20,3,1,518.6,3,5,2024,0
2025-12-18,S017,P0045,0,4,185,14,14,5,458.84,20,2,1,410.6,0,12,2025,0
2025-01-21,S015,P0207,4,0,91,36,41,39,594.84,15,0,0,602.51,2,1,2025,0
2024-09-24,S009,P0207,3,4,425,87,118,101,331.6,5,1,1,342.65,2,9,2024,0
2024-01-11,S013,P0416,3,3,41,33,69,69,279.69,0,0,1,267.8,0,1,2024,1
2024-09-10,S003,P0304,0,2,401,87,86,79,909.74,20,3,1,940.49,3,9,2024,0
2024-05-19,S016,P0376,5,1,320,49,50,47,493.22,20,3,0,453.43,1,5,2024,0
2024-12-22,S009,P0393,5,3,233,110,141,126,456.08,15,2,1,409.8,1,12,2024,0
2025-12-21,S012,P0380,0,4,208,15,36,21,380.0,5,1,1,416.0,2,12,2025,0
2025-11-28,S002,P0313,2,1,294,118,172,153,463.62,15,3,1,452.32,2,11,2025,0
2025-01-24,S004,P0279,0,0,75,82,109,86,559.33,10,0,1,519.45,3,1,2025,1
2024-11-14,S019,P0189,0,1,280,82,118,97,440.38,20,0,0,415.38,1,11,2024,0
2025-04-18,S003,P0387,5,1,204,52,73,69,168.84,10,1,1,120.57,3,4,2025,0
2024-10-27,S009,P0088,1,2,32,85,102,80,35.37,15,1,1,1.87,1,10,2024,1
2024-05-19,S001,P0266,3,1,417,28,57,20,307.55,10,3,0,274.96,1,5,2024,0
2025-04-11,S005,P0107,1,4,392,70,103,90,295.92,5,1,0,341.94,1,4,2025,0
2024-04-11,S016,P0264,4,1,346,32,50,46,506.13,15,1,0,481.54,2,4,2024,0
2024-11-24,S004,P0162,0,2,293,45,70,50,330.38,20,0,1,337.43,1,11,2024,0
2024-02-25,S018,P0263,0,0,167,35,91,60,135.88,10,2,1,109.41,1,2,2024,0
2024-09-26,S002,P0291,5,4,352,20,48,29,740.74,10,1,1,765.39,1,9,2024,0
2024-12-05,S017,P0280,1,4,378,67,96,93,109.9,10,1,0,155.61,0,12,2024,0
2024-12-06,S020,P0200,0,3,159,49,79,39,327.42,5,2,1,374.32,0,12,2024,0
2025-04-30,S013,P0281,3,1,230,97,122,119,612.17,10,3,0,656.89,3,4,2025,0
2025-06-22,S016,P0347,1,2,141,40,50,49,190.43,10,0,1,176.71,0,6,2025,0
2024-01-22,S010,P0019,3,2,143,85,114,87,580.07,15,3,1,584.46,0,1,2024,0
2024-12-20,S013,P0185,3,1,172,101,160,127,50.77,10,1,1,39.67,1,12,2024,0
2025-02-24,S002,P0192,5,1,463,60,81,62,607.39,15,2,0,594.99,2,2,2025,0
2025-08-11,S006,P0413,3,3,40,38,71,50,641.26,5,3,1,632.89,3,8,2025,1
2025-12-15,S002,P0112,4,4,99,92,88,86,559.76,0,2,1,577.96,3,12,2025,0
2024-02-04,S019,P0354,2,0,248,99,155,120,605.38,20,2,1,564.79,1,2,2024,0
2025-01-29,S003,P0222,0,2,240,70,134,102,305.37,5,1,1,337.65,3,1,2025,0
2025-11-10,S009,P0028,0,1,112,67,83,65,610.3,0,1,1,571.11,0,11,2025,0
2025-01-20,S010,P0128,4,1,338,71,132,99,272.55,5,1,0,274.08,2,1,2025,0
2025-01-11,S012,P0267,0,0,389,71,66,61,820.97,10,2,1,848.03,3,1,2025,0
2024-02-06,S020,P0070,2,0,124,28,34,32,170.77,0,2,1,212.05,3,2,2024,0
2025-05-17,S012,P0049,5,0,137,69,101,81,692.74,10,3,0,678.13,1,5,2025,0
2024-04-03,S016,P0245,5,2,174,25,65,39,147.16,10,0,1,119.82,3,4,2024,0
2024-01-17,S020,P0053,3,1,276,10,43,3,888.41,15,2,0,927.76,0,1,2024,0
2025-02-18,S016,P0387,4,2,156,22,44,35,496.74,5,3,0,455.76,2,2,2025,0
2025-03-28,S009,P0099,0,0,109,50,88,66,391.05,5,3,1,390.72,3,3,2025,0
2024-02-01,S015,P0237,2,2,493,8,24,8,185.2,0,2,0,215.56,2,2,2024,0
2025-01-17,S004,P0067,5,0,362,79,122,92,548.6,10,0,0,528.43,2,1,2025,0
2024-04-05,S020,P0132,1,1,267,99,131,100,260.97,5,2,1,218.75,2,4,2024,0
2025-03-18,S019,P0343,4,0,265,19,40,36,634.28,20,3,1,681.61,1,3,2025,0
2024-08-29,S010,P0180,5,1,373,72,114,106,456.91,20,3,0,437.76,2,8,2024,0
2024-08-04,S017,P0083,5,1,120,119,149,111,923.1,15,1,0,877.74,2,8,2024,0
2025-05-23,S010,P0484,2,3,50,42,99,71,630.72,5,0,0,608.49,0,5,2025,1
2025-05-07,S001,P0037,0,3,151,77,115,94,571.98,5,1,1,531.84,3,5,2025,0
2024-12-25,S007,P0218,5,0,472,101,150,128,938.29,20,2,0,895.52,3,12,2024,0
2025-06-04,S008,P0337,4,1,356,75,90,76,156.66,10,1,1,116.77,0,6,2025,0
2024-09-27,S016,P0206,4,2,314,92,150,132,367.98,0,3,1,338.88,2,9,2024,0
2024-06-11,S003,P0143,3,3,162,65,88,58,196.14,20,2,0,156.03,1,6,2024,0
2024-10-09,S004,P0481,2,3,382,48,98,81,991.79,10,1,1,1028.12,3,10,2024,0
2025-02-20,S003,P0491,0,0,193,94,132,100,461.0,10,3,0,455.87,1,2,2025,0
2024-12-27,S013,P0129,3,2,191,86,124,119,792.78,5,1,0,821.09,3,12,2024,0
2024-04-26,S006,P0418,5,3,265,116,130,111,938.91,5,0,0,976.9,2,4,2024,0
2024-04-11,S004,P0281,5,2,308,56,111,91,90.53,10,0,0,119.79,3,4,2024,0
2024-01-29,S020,P0140,3,2,285,46,96,82,522.55,0,2,0,539.02,3,1,2024,0
2025-12-13,S019,P0219,0,0,334,80,112,72,619.41,20,3,1,623.6,3,12,2025,0
2024-04-17,S003,P0171,2,1,304,118,140,139,976.71,20,3,0,972.64,1,4,2024,0
2024-03-09,S014,P0221,2,0,236,117,154,127,477.4,20,0,1,480.0,1,3,2024,0
2025-07-17,S017,P0188,2,0,111,7,44,9,993.67,10,0,1,958.27,3,7,2025,0
2024-12-11,S019,P0286,0,2,490,41,80,75,669.81,0,3,1,659.71,3,12,2024,0
2025-01-24,S009,P0262,1,0,367,105,175,144,984.33,20,0,1,983.32,0,1,2025,0
2025-09-21,S013,P0293,0,1,478,56,100,72,380.76,0,3,1,400.34,2,9,2025,0
2024-04-06,S020,P0335,5,4,420,30,86,68,964.54,15,0,0,970.56,3,4,2024,0
2024-08-13,S002,P0055,2,0,436,119,189,149,615.63,10,0,0,612.03,3,8,2024,0
2025-10-02,S017,P0390,2,0,94,26,79,62,885.68,0,1,1,853.09,2,10,2025,0
2025-07-04,S019,P0203,5,3,79,120,157,128,398.54,0,2,1,376.04,2,7,2025,1
2024-06-03,S001,P0371,4,0,198,104,152,130,211.01,15,0,1,177.83,2,6,2024,0
2025-03-31,S009,P0451,4,2,86,61,61,59,438.17,15,0,0,425.03,2,3,2025,0
2024-01-17,S002,P0486,4,0,143,63,88,73,477.92,10,1,1,465.37,1,1,2024,0
2025-07-28,S002,P0143,4,4,440,22,64,48,521.15,15,2,1,563.46,0,7,2025,0
2024-05-18,S007,P0232,5,0,248,97,131,126,911.0,0,3,1,903.9,0,5,2024,0
2025-04-03,S007,P0297,2,0,94,5,38,5,937.85,20,2,1,958.89,1,4,2025,0
2025-05-02,S009,P0146,3,2,39,115,129,109,670.89,10,3,1,689.5,2,5,2025,1
2024-05-26,S002,P0302,3,1,68,7,35,10,477.03,10,0,1,508.72,1,5,2024,0
2024-01-25,S018,P0032,3,1,426,80,115,102,116.78,20,1,1,152.18,1,1,2024,0
2024-04-17,S010,P0177,1,0,174,110,169,134,645.76,0,1,0,689.0,0,4,2024,0
2025-12-03,S016,P0144,4,0,474,81,130,105,523.26,20,0,0,482.94,1,12,2025,0
2024-09-21,S009,P0085,0,2,299,117,126,116,198.06,20,0,0,187.92,0,9,2024,0
2025-04-17,S018,P0279,0,2,67,94,162,131,299.78,15,2,0,285.96,3,4,2025,1
2024-06-02,S006,P0410,5,1,158,49,45,40,79.49,0,3,1,110.54,3,6,2024,0
2025-12-08,S013,P0313,5,3,229,11,55,30,186.81,0,2,1,139.11,3,12,2025,0
2025-01-20,S007,P0036,0,2,307,39,70,59,733.83,5,3,1,688.55,0,1,2025,0
2024-09-20,S012,P0409,2,0,129,28,77,55,749.57,10,2,0,699.99,2,9,2024,0
2025-08-09,S009,P0406,2,3,433,55,99,92,710.9,15,2,1,678.19,3,8,2025,0
2025-06-21,S013,P0073,1,3,461,76,133,102,46.71,0,2,0,27.58,0,6,2025,0
2024-12-28,S007,P0145,5,3,263,14,79,40,85.41,15,3,0,103.39,2,12,2024,0
2024-04-03,S014,P0340,2,1,70,40,60,31,659.55,0,1,1,695.9,1,4,2024,0
2024-02-28,S008,P0373,0,3,118,71,111,75,299.06,15,0,0,260.51,3,2,2024,0
2025-03-02,S015,P0409,1,4,361,120,165,129,142.36,5,0,1,123.82,3,3,2025,0
2024-10-13,S009,P0114,5,1,455,69,140,104,366.45,5,0,0,342.81,0,10,2024,0
2025-02-22,S003,P0072,5,2,489,55,96,58,486.28,20,2,1,440.48,2,2,2025,0
2024-12-28,S020,P0240,0,4,498,68,120,80,582.48,15,2,0,594.44,1,12,2024,0
2024-10-14,S019,P0366,1,3,213,89,137,106,383.36,15,0,1,413.8,1,10,2024,0
2025-08-21,S005,P0083,1,4,411,105,158,141,910.44,5,0,0,877.04,2,8,2025,0
2025-12-19,S005,P0062,0,4,89,116,167,149,724.25,10,3,1,743.37,3,12,2025,1
2024-10-17,S011,P0432,4,2,312,70,92,72,944.9,0,1,0,978.56,0,10,2024,0
2024-03-18,S018,P0465,3,4,410,42,94,57,66.74,20,2,0,83.35,2,3,2024,0
2025-09-26,S007,P0392,0,2,254,78,118,116,46.0,15,3,1,95.05,1,9,2025,0
2025-01-01,S009,P0463,0,2,38,120,168,147,68.33,5,1,0,118.22,0,1,2025,1
2024-02-08,S005,P0353,1,0,84,97,169,131,891.13,5,0,0,938.0,3,2,2024,1
2024-07-14,S020,P0433,5,1,425,17,22,16,366.28,20,1,0,351.96,3,7,2024,0
2025-09-14,S007,P0195,1,2,375,61,85,58,397.51,10,3,1,438.44,1,9,2025,0
2024-01-01,S007,P0276,3,4,124,21,48,46,673.87,5,3,0,693.26,0,1,2024,0
2025-12-13,S011,P0038,0,0,382,84,111,81,583.75,0,3,1,599.18,3,12,2025,0
2024-10-28,S016,P0121,2,2,479,57,113,82,950.84,15,1,1,912.39,0,10,2024,0
2024-08-01,S019,P0307,2,4,299,111,165,149,356.59,5,1,1,342.84,2,8,2024,0
2025-11-11,S006,P0159,3,1,74,24,33,21,805.28,0,2,0,852.31,1,11,2025,0
2024-05-11,S003,P0172,3,0,444,82,91,79,922.86,15,0,0,970.15,3,5,2024,0
2025-01-28,S018,P0141,4,0,21,14,48,22,730.56,5,0,0,681.5,1,1,2025,1
2025-01-16,S017,P0056,3,3,132,84,113,86,908.45,0,0,1,906.4,2,1,2025,0
2025-12-11,S017,P0016,5,2,145,59,105,88,72.38,15,2,0,57.39,1,12,2025,0
2025-01-11,S018,P0382,2,2,294,23,54,34,268.3,5,1,1,268.93,0,1,2025,0
2025-06-17,S020,P0032,2,3,269,83,94,73,14.49,5,0,0,-31.32,1,6,2025,0
2024-09-11,S013,P0384,3,0,218,59,102,74,201.84,5,2,1,227.48,2,9,2024,0
2025-07-11,S006,P0043,0,3,315,63,93,74,494.49,0,0,1,511.35,2,7,2025,0
2025-08-06,S018,P0455,4,2,152,25,53,43,516.62,5,0,0,557.7,0,8,2025,0
2025-10-01,S015,P0145,0,4,408,108,122,122,300.94,5,2,1,306.47,1,10,2025,0
2024-10-14,S006,P0317,4,3,297,15,33,18,343.85,20,0,0,391.41,2,10,2024,0
2024-08-25,S019,P0127,4,3,475,46,87,85,411.88,20,2,1,393.11,1,8,2024,0
2025-12-17,S004,P0307,3,0,94,116,145,133,547.36,5,0,0,520.37,1,12,2025,1
2024-10-12,S004,P0333,5,0,201,106,135,112,425.43,0,2,0,461.42,0,10,2024,0
2025-08-19,S006,P0311,5,4,113,65,131,93,878.27,20,0,0,839.67,0,8,2025,0
2025-06-16,S012,P0310,1,2,447,119,146,117,500.51,20,0,1,523.83,2,6,2025,0
2025-02-12,S018,P0258,0,1,172,44,105,77,476.02,20,3,1,435.67,0,2,2025,0
2025-04-02,S019,P0403,2,2,419,94,119,84,185.08,5,2,1,143.88,0,4,2025,0
2025-06-08,S006,P0488,2,2,458,74,105,72,265.84,10,3,0,307.35,0,6,2025,0
2024-11-29,S004,P0083,1,4,333,16,51,17,868.37,20,0,0,874.91,1,11,2024,0
2025-01-18,S007,P0402,2,2,236,101,151,137,397.62,0,0,0,432.85,3,1,2025,0
2025-12-27,S013,P0403,4,3,103,29,55,48,659.35,5,3,1,645.63,3,12,2025,0
2024-08-12,S015,P0318,5,1,458,52,81,74,782.73,20,3,0,795.69,2,8,2024,0
2025-12-20,S015,P0089,3,1,155,52,67,51,40.98,10,3,0,41.62,0,12,2025,0
2024-06-09,S006,P0187,5,0,454,26,63,54,615.28,15,0,0,643.95,0,6,2024,0
2024-11-17,S017,P0372,2,3,451,41,49,39,843.09,10,3,1,822.53,1,11,2024,0
2025-04-03,S014,P0383,3,3,142,36,90,67,679.4,5,1,1,674.99,3,4,2025,0
2025-10-03,S012,P0449,2,4,58,61,94,56,975.33,10,1,1,1021.96,0,10,2025,0
2025-10-26,S016,P0139,4,4,445,20,61,35,135.0,10,1,0,154.07,0,10,2025,0
2025-05-18,S017,P0219,5,2,46,35,67,66,220.47,15,1,0,194.8,1,5,2025,1
2024-04-29,S003,P0273,5,0,368,63,106,74,265.27,0,2,0,248.64,0,4,2024,0
2024-07-05,S015,P0140,2,2,115,69,131,91,474.39,0,3,1,469.0,0,7,2024,0
2024-04-02,S017,P0231,1,3,20,102,150,115,942.88,20,0,1,910.14,1,4,2024,1
2024-03-29,S001,P0310,2,2,321,80,123,87,450.45,10,2,0,401.96,0,3,2024,0
2024-02-21,S010,P0496,2,2,430,93,117,113,643.73,10,3,0,616.6,0,2,2024,0
2025-10-02,S018,P0414,5,3,191,28,74,34,39.8,5,3,1,84.56,0,10,2025,0
2025-07-19,S007,P0057,1,4,52,19,24,23,894.86,5,0,1,904.31,0,7,2025,0
2024-05-10,S018,P0290,2,2,95,118,169,156,270.27,0,2,1,303.42,2,5,2024,1
2025-05-14,S018,P0449,1,4,459,103,141,117,809.71,0,3,0,825.44,3,5,2025,0
2024-12-17,S018,P0118,3,0,387,117,136,110,296.87,10,0,1,256.42,3,12,2024,0
2025-11-06,S017,P0290,3,1,170,97,106,104,459.79,0,1,1,437.13,1,11,2025,0
2024-07-13,S010,P0334,5,2,398,23,58,31,118.04,10,3,1,83.67,0,7,2024,0
2024-03-21,S013,P0190,4,3,170,117,148,142,146.95,20,0,1,153.58,1,3,2024,0
2024-09-02,S014,P0014,5,4,294,31,106,67,415.88,20,0,0,420.5,1,9,2024,0
2025-06-06,S003,P0318,0,4,342,113,148,120,61.12,20,2,0,96.33,3,6,2025,0
2024-07-03,S007,P0003,2,0,343,36,80,64,871.85,20,0,0,847.35,1,7,2024,0
2025-05-29,S008,P0030,2,4,154,37,68,65,737.8,5,3,0,768.71,1,5,2025,0
2024-12-03,S003,P0260,3,4,491,92,93,84,560.6,0,2,1,594.55,3,12,2024,0
2025-06-06,S002,P0058,1,2,57,105,167,129,544.29,5,0,0,541.57,3,6,2025,1
2025-06-04,S008,P0397,5,3,355,87,111,94,701.0,10,0,0,676.53,1,6,2025,0
2024-05-17,S003,P0004,4,1,65,110,148,144,567.22,10,0,1,524.81,1,5,2024,1
2024-12-28,S012,P0046,0,4,479,101,164,124,936.5,0,1,1,927.16,3,12,2024,0
2024-01-08,S010,P0382,1,1,292,70,127,94,656.22,15,1,0,670.44,1,1,2024,0
2024-06-18,S007,P0041,0,0,101,27,72,49,332.67,15,1,0,361.57,0,6,2024,0
2025-07-03,S015,P0214,5,2,305,14,52,50,723.89,15,3,1,693.97,1,7,2025,0
2025-04-27,S011,P0354,3,4,251,36,37,31,19.26,5,0,1,51.07,2,4,2025,0
2024-12-04,S010,P0295,0,2,500,74,91,84,697.68,10,3,0,714.4,0,12,2024,0
2025-03-17,S017,P0275,1,2,465,113,141,133,235.04,15,1,1,262.3,3,3,2025,0
2025-03-25,S011,P0275,5,4,213,114,155,153,330.92,20,3,0,372.98,2,3,2025,0
2025-01-12,S008,P0068,0,1,134,93,140,111,412.23,15,2,0,410.08,3,1,2025,0
2025-05-12,S016,P0430,3,3,421,5,41,6,637.89,5,3,0,683.18,1,5,2025,0
2024-04-29,S013,P0268,5,3,99,19,61,34,188.09,15,2,1,205.3,0,4,2024,0
2024-06-22,S010,P0149,2,2,288,77,86,70,178.43,20,2,0,160.89,2,6,2024,0
2024-05-29,S010,P0065,1,4,56,84,92,78,196.73,0,0,1,238.85,0,5,2024,1
2025-12-08,S010,P0160,2,3,292,104,142,116,259.24,10,0,1,284.05,0,12,2025,0
2025-12-02,S007,P0047,2,4,412,101,150,132,996.97,0,0,1,987.44,1,12,2025,0
2024-02-26,S015,P0137,3,2,47,12,30,16,446.23,0,1,1,421.96,1,2,2024,0
2025-11-20,S014,P0304,1,3,222,7,52,20,35.89,20,3,0,62.61,3,11,2025,0
